"localidad_id","localidad_nombre","localidad_centroide_lat","localidad_centroide_lon","provincia_id","provincia_nombre","departamento_id","departamento_nombre","municipio_id","municipio_nombre","localidad_censal_id","localidad_censal_nombre","localidad_categoria"
"1401401002","La Floresta",-31.3968471082745,-64.0598690981123,"14","Córdoba","14014","Capital","140077","Córdoba","14014010","Córdoba","Entidad"
"5002802001","Bermejo",-32.8673131267475,-68.779539700913,"50","Mendoza","50028","Guaymallén","500028","Guaymallén","50028020","Guaymallén","Entidad"
"0602801008","Malvinas Argentinas",-34.818755035018,-58.4233878258472,"06","Buenos Aires","06028","Almirante Brown","060028","Almirante Brown","06028010","Almirante Brown","Entidad"
"0602801009","Ministro Rivadavia",-34.844020734727,-58.3627535292892,"06","Buenos Aires","06028","Almirante Brown","060028","Almirante Brown","06028010","Almirante Brown","Entidad"
"0602801001","Adrogué",-34.7973726678595,-58.3884529337359,"06","Buenos Aires","06028","Almirante Brown","060028","Almirante Brown","06028010","Almirante Brown","Entidad"
"0602801002","Burzaco",-34.8281717078487,-58.391033876775,"06","Buenos Aires","06028","Almirante Brown","060028","Almirante Brown","06028010","Almirante Brown","Entidad"
"0602801003","Claypole",-34.7975588663845,-58.3352044170245,"06","Buenos Aires","06028","Almirante Brown","060028","Almirante Brown","06028010","Almirante Brown","Entidad"
"0602801004","Don Orione",-34.8192915430555,-58.3418543079073,"06","Buenos Aires","06028","Almirante Brown","060028","Almirante Brown","06028010","Almirante Brown","Entidad"
"0602801005","Glew",-34.8883362582313,-58.3827874554173,"06","Buenos Aires","06028","Almirante Brown","060028","Almirante Brown","06028010","Almirante Brown","Entidad"
"0602801006","José Mármol",-34.7863165982708,-58.3698423146283,"06","Buenos Aires","06028","Almirante Brown","060028","Almirante Brown","06028010","Almirante Brown","Entidad"
"0602801007","Longchamps",-34.8607298436239,-58.3891848898302,"06","Buenos Aires","06028","Almirante Brown","060028","Almirante Brown","06028010","Almirante Brown","Entidad"
"0602801010","Rafael Calzada",-34.7973596083698,-58.3616711607296,"06","Buenos Aires","06028","Almirante Brown","060028","Almirante Brown","06028010","Almirante Brown","Entidad"
"0602801011","San Francisco Solano",-34.7856525531101,-58.3195680327004,"06","Buenos Aires","06028","Almirante Brown","060028","Almirante Brown","06028010","Almirante Brown","Entidad"
"0602801012","San José",-34.7636323626806,-58.3433914665336,"06","Buenos Aires","06028","Almirante Brown","060028","Almirante Brown","06028010","Almirante Brown","Entidad"
"0603501005","Gerli",-34.6837730568077,-58.3744414837129,"06","Buenos Aires","06035","Avellaneda","060035","Avellaneda","06035010","Avellaneda","Entidad"
"0603501006","Piñeyro",-34.6680837299877,-58.3877465009579,"06","Buenos Aires","06035","Avellaneda","060035","Avellaneda","06035010","Avellaneda","Entidad"
"0603501007","Sarandí",-34.6817960638597,-58.3463107872911,"06","Buenos Aires","06035","Avellaneda","060035","Avellaneda","06035010","Avellaneda","Entidad"
"0603501008","Villa Domínico",-34.6945766428955,-58.3304564528104,"06","Buenos Aires","06035","Avellaneda","060035","Avellaneda","06035010","Avellaneda","Entidad"
"0603501009","Wilde",-34.7040788191542,-58.3172095095929,"06","Buenos Aires","06035","Avellaneda","060035","Avellaneda","06035010","Avellaneda","Entidad"
"0603501001","Área Reserva Cinturón Ecológico",-34.6844598100355,-58.3077371090541,"06","Buenos Aires","06035","Avellaneda","060035","Avellaneda","06035010","Avellaneda","Entidad"
"0603501002","Avellaneda",-34.6638295089907,-58.3627373569237,"06","Buenos Aires","06035","Avellaneda","060035","Avellaneda","06035010","Avellaneda","Entidad"
"0603501003","Crucesita",-34.6679918825796,-58.3571256035498,"06","Buenos Aires","06035","Avellaneda","060035","Avellaneda","06035010","Avellaneda","Entidad"
"0603501004","Dock Sud",-34.6501342165535,-58.3449022624786,"06","Buenos Aires","06035","Avellaneda","060035","Avellaneda","06035010","Avellaneda","Entidad"
"0605601001","Bahía Blanca",-38.7227702772442,-62.2727419998288,"06","Buenos Aires","06056","Bahía Blanca","060056","Bahía Blanca","06056010","Bahía Blanca","Entidad"
"0605601002","Grünbein",-38.7492722104635,-62.1908892770901,"06","Buenos Aires","06056","Bahía Blanca","060056","Bahía Blanca","06056010","Bahía Blanca","Entidad"
"0605601003","Ingeniero White",-38.7794923647948,-62.2655806941397,"06","Buenos Aires","06056","Bahía Blanca","060056","Bahía Blanca","06056010","Bahía Blanca","Entidad"
"0605601004","Villa Bordeau",-38.693558630756,-62.3350174250385,"06","Buenos Aires","06056","Bahía Blanca","060056","Bahía Blanca","06056010","Bahía Blanca","Entidad"
"0605601005","Villa Espora",-38.7414156242007,-62.1713754950049,"06","Buenos Aires","06056","Bahía Blanca","060056","Bahía Blanca","06056010","Bahía Blanca","Entidad"
"0609101001","Berazategui",-34.7630163121184,-58.2121691523322,"06","Buenos Aires","06091","Berazategui","060091","Berazategui","06091010","Berazategui","Entidad"
"0609101002","Berazategui Oeste",-34.7770033567074,-58.2388864838825,"06","Buenos Aires","06091","Berazategui","060091","Berazategui","06091010","Berazategui","Entidad"
"0609101003","Carlos Tomás Sourigues",-34.8062523505149,-58.2153884798708,"06","Buenos Aires","06091","Berazategui","060091","Berazategui","06091010","Berazategui","Entidad"
"0609101004","El Pato",-34.8848301020853,-58.1738517384337,"06","Buenos Aires","06091","Berazategui","060091","Berazategui","06091010","Berazategui","Entidad"
"0609101005","Guillermo Enrique Hudson",-34.7918465006493,-58.1516189728872,"06","Buenos Aires","06091","Berazategui","060091","Berazategui","06091010","Berazategui","Entidad"
"0609101006","Juan María Gutiérrez",-34.8339094499703,-58.1838076894883,"06","Buenos Aires","06091","Berazategui","060091","Berazategui","06091010","Berazategui","Entidad"
"0609101007","Pereyra",-34.8361790912767,-58.0942893323644,"06","Buenos Aires","06091","Berazategui","060091","Berazategui","06091010","Berazategui","Entidad"
"0609101008","Plátanos",-34.7818075686994,-58.1701856172611,"06","Buenos Aires","06091","Berazategui","060091","Berazategui","06091010","Berazategui","Entidad"
"0609101009","Ranelagh",-34.7877872381146,-58.203185368401,"06","Buenos Aires","06091","Berazategui","060091","Berazategui","06091010","Berazategui","Entidad"
"0609101010","Villa España",-34.7754718758991,-58.1994415833972,"06","Buenos Aires","06091","Berazategui","060091","Berazategui","06091010","Berazategui","Entidad"
"0609801001","Barrio Banco Provincia",-34.8742950475612,-57.8547261229371,"06","Buenos Aires","06098","Berisso","060098","Berisso","06098010","Berisso","Entidad"
"0609801002","Barrio El Carmen Este",-34.9302812245063,-57.8853110232107,"06","Buenos Aires","06098","Berisso","060098","Berisso","06098010","Berisso","Entidad"
"0609801003","Barrio Universitario",-34.9023475254739,-57.9248290975673,"06","Buenos Aires","06098","Berisso","060098","Berisso","06098010","Berisso","Entidad"
"0609801004","Berisso",-34.8702937888262,-57.8833253506658,"06","Buenos Aires","06098","Berisso","060098","Berisso","06098010","Berisso","Entidad"
"0609801005","Los Talas",-34.9110238385634,-57.7842688411965,"06","Buenos Aires","06098","Berisso","060098","Berisso","06098010","Berisso","Entidad"
"0609801006","Villa Argüello",-34.9069331564209,-57.9163481974945,"06","Buenos Aires","06098","Berisso","060098","Berisso","06098010","Berisso","Entidad"
"0609801007","Villa Dolores",-34.8787305631142,-57.8673760512396,"06","Buenos Aires","06098","Berisso","060098","Berisso","06098010","Berisso","Entidad"
"0609801008","Villa Independencia",-34.8821680150728,-57.8595091999308,"06","Buenos Aires","06098","Berisso","060098","Berisso","06098010","Berisso","Entidad"
"0609801009","Villa Nueva",-34.8952719649896,-57.9074962230535,"06","Buenos Aires","06098","Berisso","060098","Berisso","06098010","Berisso","Entidad"
"0609801010","Villa Porteña",-34.887154968699,-57.8980863322648,"06","Buenos Aires","06098","Berisso","060098","Berisso","06098010","Berisso","Entidad"
"0609801011","Villa Progreso",-34.9240533019987,-57.8998852278413,"06","Buenos Aires","06098","Berisso","060098","Berisso","06098010","Berisso","Entidad"
"0609801012","Villa San Carlos",-34.8769713556362,-57.8743971198173,"06","Buenos Aires","06098","Berisso","060098","Berisso","06098010","Berisso","Entidad"
"0609801013","Villa Zula",-34.8829755565619,-57.8447163179186,"06","Buenos Aires","06098","Berisso","060098","Berisso","06098010","Berisso","Entidad"
"0618203001","Punta Alta",-38.8781733532983,-62.0794804613607,"06","Buenos Aires","06182","Coronel de Marina Leonardo Rosales","060182","Coronel de Marina Leonardo Rosales","06182030","Punta Alta","Entidad"
"0618203002","Villa del Mar",-38.8543891102131,-62.116520630945,"06","Buenos Aires","06182","Coronel de Marina Leonardo Rosales","060182","Coronel de Marina Leonardo Rosales","06182030","Punta Alta","Entidad"
"0621801001","Chascomús",-35.5742063770635,-58.011281450951,"06","Buenos Aires","06218","Chascomús","060218","Chascomús","06218010","Chascomús","Entidad"
"0621801003","Barrio San Cayetano",-35.5353900516083,-58.0139947303222,"06","Buenos Aires","06218","Chascomús","060218","Chascomús","06218010","Chascomús","Entidad"
"0624501001","Dique N° 1",-34.8947877637158,-57.934267255707,"06","Buenos Aires","06245","Ensenada","060245","Ensenada","06245010","Ensenada","Entidad"
"0624501002","Ensenada",-34.8624180059336,-57.9089420661935,"06","Buenos Aires","06245","Ensenada","060245","Ensenada","06245010","Ensenada","Entidad"
"0624501003","Isla Santiago",-34.845519765725,-57.8947826129536,"06","Buenos Aires","06245","Ensenada","060245","Ensenada","06245010","Ensenada","Entidad"
"0624501004","Punta Lara",-34.8098160029732,-57.9837987384422,"06","Buenos Aires","06245","Ensenada","060245","Ensenada","06245010","Ensenada","Entidad"
"0624501005","Villa Catela",-34.8871864189301,-57.9484238171254,"06","Buenos Aires","06245","Ensenada","060245","Ensenada","06245010","Ensenada","Entidad"
"0625201001","Belén de Escobar",-34.3454707314612,-58.7928104368433,"06","Buenos Aires","06252","Escobar","060252","Escobar","06252010","Escobar","Entidad"
"0625201002","El Cazador",-34.3115230240373,-58.7643460148419,"06","Buenos Aires","06252","Escobar","060252","Escobar","06252010","Escobar","Entidad"
"0625201003","Garín",-34.4230339103436,-58.7394613036842,"06","Buenos Aires","06252","Escobar","060252","Escobar","06252010","Escobar","Entidad"
"0625201004","Ingeniero Maschwitz",-34.3892350663582,-58.7378666055156,"06","Buenos Aires","06252","Escobar","060252","Escobar","06252010","Escobar","Entidad"
"0625201005","Loma Verde",-34.3307009506977,-58.8458079535386,"06","Buenos Aires","06252","Escobar","060252","Escobar","06252010","Escobar","Entidad"
"0625201006","Matheu",-34.3852450911802,-58.8278056477923,"06","Buenos Aires","06252","Escobar","060252","Escobar","06252010","Escobar","Entidad"
"0625201007","Maquinista F. Savio Este",-34.4006498402276,-58.7762915155144,"06","Buenos Aires","06252","Escobar","060252","Escobar","06252010","Escobar","Entidad"
"0626001001","Canning",-34.8570183979281,-58.4979072193515,"06","Buenos Aires","06260","Esteban Echeverría","060260","Esteban Echeverría","06260010","Esteban Echeverría","Entidad"
"0626001002","El Jagüel",-34.8308533167404,-58.4948836966085,"06","Buenos Aires","06260","Esteban Echeverría","060260","Esteban Echeverría","06260010","Esteban Echeverría","Entidad"
"0626001003","Luis Guillón",-34.802641552529,-58.4506754302196,"06","Buenos Aires","06260","Esteban Echeverría","060260","Esteban Echeverría","06260010","Esteban Echeverría","Entidad"
"0626001004","Monte Grande",-34.8163557987773,-58.4682642320418,"06","Buenos Aires","06260","Esteban Echeverría","060260","Esteban Echeverría","06260010","Esteban Echeverría","Entidad"
"0626001005","9 de Abril",-34.7627878709863,-58.4875479930927,"06","Buenos Aires","06260","Esteban Echeverría","060260","Esteban Echeverría","06260010","Esteban Echeverría","Entidad"
"0626606001","El Remanso",-34.3897717062025,-59.0807782961489,"06","Buenos Aires","06266","Exaltación de la Cruz","060266","Exaltación de la Cruz","06266060","Diego Gaynor","Entidad"
"0656801004","Morón",-34.6474573245916,-58.6218615494078,"06","Buenos Aires","06568","Morón","060568","Morón","06568010","Morón","Entidad"
"0626606002","Parada Robles",-34.3718922819947,-59.1246837768692,"06","Buenos Aires","06266","Exaltación de la Cruz","060266","Exaltación de la Cruz","06266060","Diego Gaynor","Entidad"
"0626606003","Pavón",-34.3931798584401,-59.034704046908,"06","Buenos Aires","06266","Exaltación de la Cruz","060266","Exaltación de la Cruz","06266060","Diego Gaynor","Entidad"
"0627001001","Aeropuerto Internacional Ezeiza",-34.7925035356355,-58.5246396303008,"06","Buenos Aires","06270","Ezeiza","060270","Ezeiza","06270010","Ezeiza","Entidad"
"0627001002","Canning",-34.8773939810943,-58.5075326703501,"06","Buenos Aires","06270","Ezeiza","060270","Ezeiza","06270010","Ezeiza","Entidad"
"0627001003","Carlos Spegazzini",-34.9117467019627,-58.5921665202679,"06","Buenos Aires","06270","Ezeiza","060270","Ezeiza","06270010","Ezeiza","Entidad"
"0627001004","José María Ezeiza",-34.852762171254,-58.5232011263057,"06","Buenos Aires","06270","Ezeiza","060270","Ezeiza","06270010","Ezeiza","Entidad"
"0627001005","La Unión",-34.8755663651384,-58.5419814148017,"06","Buenos Aires","06270","Ezeiza","060270","Ezeiza","06270010","Ezeiza","Entidad"
"0627001006","Tristán Suárez",-34.8909591657384,-58.5665543633085,"06","Buenos Aires","06270","Ezeiza","060270","Ezeiza","06270010","Ezeiza","Entidad"
"0627401001","Bosques",-34.8166106308631,-58.2313139527388,"06","Buenos Aires","06274","Florencio Varela","060274","Florencio Varela","06274010","Florencio Varela","Entidad"
"0627401002","Estanislao Severo Zeballos",-34.8141798503006,-58.2412180629062,"06","Buenos Aires","06274","Florencio Varela","060274","Florencio Varela","06274010","Florencio Varela","Entidad"
"0627401003","San Juan Bautista",-34.8089857687717,-58.2761500162399,"06","Buenos Aires","06274","Florencio Varela","060274","Florencio Varela","06274010","Florencio Varela","Entidad"
"0627401004","Gobernador Julio A. Costa",-34.8075484180765,-58.3038510563683,"06","Buenos Aires","06274","Florencio Varela","060274","Florencio Varela","06274010","Florencio Varela","Entidad"
"0627401005","Ingeniero Juan Allan",-34.8666834881557,-58.1985573691944,"06","Buenos Aires","06274","Florencio Varela","060274","Florencio Varela","06274010","Florencio Varela","Entidad"
"0627401006","Villa Brown",-34.8712963131667,-58.275494514116,"06","Buenos Aires","06274","Florencio Varela","060274","Florencio Varela","06274010","Florencio Varela","Entidad"
"0627401007","Villa San Luis",-34.8573772072023,-58.2738131215556,"06","Buenos Aires","06274","Florencio Varela","060274","Florencio Varela","06274010","Florencio Varela","Entidad"
"0627401008","Villa Santa Rosa",-34.8370639708137,-58.2821795695129,"06","Buenos Aires","06274","Florencio Varela","060274","Florencio Varela","06274010","Florencio Varela","Entidad"
"0627401009","Villa Vatteone",-34.8269738162855,-58.2714023284921,"06","Buenos Aires","06274","Florencio Varela","060274","Florencio Varela","06274010","Florencio Varela","Entidad"
"0627401010","El Tropezón",-34.9465243767608,-58.2672747979278,"06","Buenos Aires","06274","Florencio Varela","060274","Florencio Varela","06274010","Florencio Varela","Entidad"
"0627401011","La Capilla",-34.925691977811,-58.2646975204026,"06","Buenos Aires","06274","Florencio Varela","060274","Florencio Varela","06274010","Florencio Varela","Entidad"
"0631501001","Barrio Kennedy",-37.0202869812865,-57.1033880422358,"06","Buenos Aires","06315","General Juan Madariaga","060315","General Juan Madariaga","06315010","General Juan Madariaga","Entidad"
"0631501002","General Juan Madariaga",-37.0019581688764,-57.1358378165266,"06","Buenos Aires","06315","General Juan Madariaga","060315","General Juan Madariaga","06315010","General Juan Madariaga","Entidad"
"0635711001","Camet",-37.9401411938582,-57.5499424869415,"06","Buenos Aires","06357","General Pueyrredón","060357","General Pueyrredón","06357110","Mar del Plata","Entidad"
"0635711002","Estación Camet",-37.8884221513547,-57.6069464405144,"06","Buenos Aires","06357","General Pueyrredón","060357","General Pueyrredón","06357110","Mar del Plata","Entidad"
"0635711003","Mar del Plata",-38.0064494189987,-57.5438377776641,"06","Buenos Aires","06357","General Pueyrredón","060357","General Pueyrredón","06357110","Mar del Plata","Entidad"
"0635711004","Punta Mogotes",-38.0669527856915,-57.5510392309588,"06","Buenos Aires","06357","General Pueyrredón","060357","General Pueyrredón","06357110","Mar del Plata","Entidad"
"0635711005","Barrio El Casal",-37.8315957271005,-57.6221111182623,"06","Buenos Aires","06357","General Pueyrredón","060357","General Pueyrredón","06357110","Mar del Plata","Entidad"
"0635712001","Barrio Colinas Verdes",-37.8925252468278,-57.824524761927,"06","Buenos Aires","06357","General Pueyrredón","060357","General Pueyrredón","06357120","Sierra de los Padres","Entidad"
"0635712002","Barrio El Coyunco",-37.9105013275376,-57.7488101521018,"06","Buenos Aires","06357","General Pueyrredón","060357","General Pueyrredón","06357120","Sierra de los Padres","Entidad"
"0644103006","Barrio Gambier",-34.9361065477829,-57.9849314095121,"06","Buenos Aires","06441","La Plata","060441","La Plata","06441030","La Plata","Entidad"
"0635712003","Barrio La Gloria",-37.9332671924047,-57.7755600822281,"06","Buenos Aires","06357","General Pueyrredón","060357","General Pueyrredón","06357120","Sierra de los Padres","Entidad"
"0635712004","Sierra de los Padres",-37.9476275878402,-57.77786713584,"06","Buenos Aires","06357","General Pueyrredón","060357","General Pueyrredón","06357120","Sierra de los Padres","Entidad"
"0636403001","Barrio Morabo",-34.5566851720057,-58.9383850232165,"06","Buenos Aires","06364","General Rodríguez","060364","General Rodríguez","06364030","General Rodri­guez","Entidad"
"0636403002","Barrio Ruta 24 Kilómetro 10",-34.6843060049161,-58.9582932640657,"06","Buenos Aires","06364","General Rodríguez","060364","General Rodríguez","06364030","General Rodri­guez","Entidad"
"0636403003","Country Club Bosque Real",-34.5898473179259,-58.9060067802104,"06","Buenos Aires","06364","General Rodríguez","060364","General Rodríguez","06364030","General Rodri­guez","Entidad"
"0636403004","General Rodríguez",-34.6082064832342,-58.9510798915332,"06","Buenos Aires","06364","General Rodríguez","060364","General Rodríguez","06364030","General Rodri­guez","Entidad"
"0637101027","Villa Yapeyú",-34.5715031294949,-58.54862547602,"06","Buenos Aires","06371","General San Martín","060371","General San Martín","06371010","General San Martín","Entidad"
"0637101001","Barrio Parque General San Martín",-34.5656365391558,-58.5861315584461,"06","Buenos Aires","06371","General San Martín","060371","General San Martín","06371010","General San Martín","Entidad"
"0637101002","Billinghurst",-34.5752076863993,-58.5747385273168,"06","Buenos Aires","06371","General San Martín","060371","General San Martín","06371010","General San Martín","Entidad"
"0637101003","Ciudad del Libertador General San Martín",-34.5792515400387,-58.5391722889903,"06","Buenos Aires","06371","General San Martín","060371","General San Martín","06371010","General San Martín","Entidad"
"0637101004","Ciudad Jardín El Libertador",-34.5419681326262,-58.5948396946441,"06","Buenos Aires","06371","General San Martín","060371","General San Martín","06371010","General San Martín","Entidad"
"0637101005","Villa Ayacucho",-34.5895518422474,-58.5533940644005,"06","Buenos Aires","06371","General San Martín","060371","General San Martín","06371010","General San Martín","Entidad"
"0637101006","Villa Ballester",-34.5480834920372,-58.5570844833764,"06","Buenos Aires","06371","General San Martín","060371","General San Martín","06371010","General San Martín","Entidad"
"0637101007","Villa Bernardo Monteagudo",-34.589532906584,-58.5408713062038,"06","Buenos Aires","06371","General San Martín","060371","General San Martín","06371010","General San Martín","Entidad"
"0637101008","Villa Chacabuco",-34.5820147085382,-58.5271718625982,"06","Buenos Aires","06371","General San Martín","060371","General San Martín","06371010","General San Martín","Entidad"
"0637101009","Villa Coronel José M. Zapiola",-34.5588681651042,-58.5766495984483,"06","Buenos Aires","06371","General San Martín","060371","General San Martín","06371010","General San Martín","Entidad"
"0637101010","Villa General Antonio J. de Sucre",-34.545938618761,-58.5687084653978,"06","Buenos Aires","06371","General San Martín","060371","General San Martín","06371010","General San Martín","Entidad"
"0637101011","Villa General Eugenio Necochea",-34.512498375132,-58.5798325518484,"06","Buenos Aires","06371","General San Martín","060371","General San Martín","06371010","General San Martín","Entidad"
"0637101012","Villa General José Tomás Guido",-34.5526569079266,-58.5671531806294,"06","Buenos Aires","06371","General San Martín","060371","General San Martín","06371010","General San Martín","Entidad"
"0637101013","Villa General Juan G. Las Heras",-34.5605404416031,-58.5585407880374,"06","Buenos Aires","06371","General San Martín","060371","General San Martín","06371010","General San Martín","Entidad"
"0637101014","Villa Godoy Cruz",-34.5427485614002,-58.5765230308112,"06","Buenos Aires","06371","General San Martín","060371","General San Martín","06371010","General San Martín","Entidad"
"0637101015","Villa Granaderos de San Martín",-34.5510717509051,-58.5288645042689,"06","Buenos Aires","06371","General San Martín","060371","General San Martín","06371010","General San Martín","Entidad"
"0637101016","Villa Gregoria Matorras",-34.5380682355113,-58.5490906736237,"06","Buenos Aires","06371","General San Martín","060371","General San Martín","06371010","General San Martín","Entidad"
"0637101017","Villa José León Suárez",-34.5309953187917,-58.5763110837131,"06","Buenos Aires","06371","General San Martín","060371","General San Martín","06371010","General San Martín","Entidad"
"0637101018","Villa Juan Martín de Pueyrredón",-34.5720673319943,-58.5623374835945,"06","Buenos Aires","06371","General San Martín","060371","General San Martín","06371010","General San Martín","Entidad"
"0637101019","Villa Libertad",-34.5842784114665,-58.5626117832714,"06","Buenos Aires","06371","General San Martín","060371","General San Martín","06371010","General San Martín","Entidad"
"0637101020","Villa Lynch",-34.5921434513227,-58.5240586094847,"06","Buenos Aires","06371","General San Martín","060371","General San Martín","06371010","General San Martín","Entidad"
"0637101021","Villa Maipú",-34.568894989108,-58.5244410540779,"06","Buenos Aires","06371","General San Martín","060371","General San Martín","06371010","General San Martín","Entidad"
"0637101022","Va.María Irene de los Remedios Escalada",-34.5649112926281,-58.5926190011622,"06","Buenos Aires","06371","General San Martín","060371","General San Martín","06371010","General San Martín","Entidad"
"0637101023","Va.Marqués Alejandro María de Aguado",-34.5563623053306,-58.5388248449526,"06","Buenos Aires","06371","General San Martín","060371","General San Martín","06371010","General San Martín","Entidad"
"0637101024","Villa Parque Presidente Figueroa Alcorta",-34.5945206825307,-58.5325295991156,"06","Buenos Aires","06371","General San Martín","060371","General San Martín","06371010","General San Martín","Entidad"
"0637101025","Villa Parque San Lorenzo",-34.5635914058489,-58.5331782429352,"06","Buenos Aires","06371","General San Martín","060371","General San Martín","06371010","General San Martín","Entidad"
"0637101026","Villa San Andrés",-34.5650741337217,-58.5418709454264,"06","Buenos Aires","06371","General San Martín","060371","General San Martín","06371010","General San Martín","Entidad"
"0640801001","Hurlingham",-34.5898383931687,-58.6374166101562,"06","Buenos Aires","06408","Hurlingham","060408","Hurlingham","06408010","Hurlingham","Entidad"
"0640801002","Villa Santos Tesei",-34.6199585078419,-58.6401617933723,"06","Buenos Aires","06408","Hurlingham","060408","Hurlingham","06408010","Hurlingham","Entidad"
"0640801003","William C. Morris",-34.5796982785245,-58.6570781965219,"06","Buenos Aires","06408","Hurlingham","060408","Hurlingham","06408010","Hurlingham","Entidad"
"0641001001","Ituzaingó Centro",-34.6506041192994,-58.6717219575446,"06","Buenos Aires","06410","Ituzaingó","060410","Ituzaingó","06410010","Ituzaingo","Entidad"
"0641001002","Ituzaingó Sur",-34.6637659933335,-58.6654781913185,"06","Buenos Aires","06410","Ituzaingó","060410","Ituzaingó","06410010","Ituzaingo","Entidad"
"0641001003","Villa Gobernador Udadondo",-34.6183464048832,-58.6967237126462,"06","Buenos Aires","06410","Ituzaingó","060410","Ituzaingó","06410010","Ituzaingo","Entidad"
"0641201001","Del Viso",-34.4760818203661,-58.799352148364,"06","Buenos Aires","06412","José C. Paz","060412","José C. Paz","06412010","Jose C. Paz","Entidad"
"0641201002","José C. Paz",-34.5217463442325,-58.7553740815986,"06","Buenos Aires","06412","José C. Paz","060412","José C. Paz","06412010","Jose C. Paz","Entidad"
"0641201003","Tortuguitas",-34.4882149333314,-58.7782682636295,"06","Buenos Aires","06412","José C. Paz","060412","José C. Paz","06412010","Jose C. Paz","Entidad"
"0642002001","Aguas Verdes",-36.6368892772513,-56.6900593491458,"06","Buenos Aires","06420","La Costa","060420","La Costa","06420020","Mar de Ajó - San Bernardo","Entidad"
"0642002002","Lucila del Mar",-36.6601549623962,-56.6824598231567,"06","Buenos Aires","06420","La Costa","060420","La Costa","06420020","Mar de Ajó - San Bernardo","Entidad"
"0642002003","Mar de Ajó",-36.7295552936745,-56.6772956263397,"06","Buenos Aires","06420","La Costa","060420","La Costa","06420020","Mar de Ajó - San Bernardo","Entidad"
"0642002004","Mar de Ajó Norte",-36.717111900525,-56.6770670772511,"06","Buenos Aires","06420","La Costa","060420","La Costa","06420020","Mar de Ajó - San Bernardo","Entidad"
"0642002005","San Bernardo",-36.6867920285586,-56.6790608712811,"06","Buenos Aires","06420","La Costa","060420","La Costa","06420020","Mar de Ajó - San Bernardo","Entidad"
"0642004001","Mar del Tuyú",-36.5738769791921,-56.6908899030479,"06","Buenos Aires","06420","La Costa","060420","La Costa","06420040","Santa Teresita - Mar del Tuyú","Entidad"
"0642004002","Santa Teresita",-36.5405925007164,-56.6929407422398,"06","Buenos Aires","06420","La Costa","060420","La Costa","06420040","Santa Teresita - Mar del Tuyú","Entidad"
"0642701001","Aldo Bonzi",-34.7069837345392,-58.5191686234805,"06","Buenos Aires","06427","La Matanza","060427","La Matanza","06427010","La Matanza","Entidad"
"0642701002","Ciudad Evita",-34.7157731493272,-58.5349456166451,"06","Buenos Aires","06427","La Matanza","060427","La Matanza","06427010","La Matanza","Entidad"
"0642701003","González Catán",-34.773025312187,-58.6440393936429,"06","Buenos Aires","06427","La Matanza","060427","La Matanza","06427010","La Matanza","Entidad"
"0642701004","Gregorio de Laferrere",-34.7469935775157,-58.5892567981998,"06","Buenos Aires","06427","La Matanza","060427","La Matanza","06427010","La Matanza","Entidad"
"0642701005","Isidro Casanova",-34.7109702658698,-58.5858084188647,"06","Buenos Aires","06427","La Matanza","060427","La Matanza","06427010","La Matanza","Entidad"
"0642701006","La Tablada",-34.686462325254,-58.5256461385691,"06","Buenos Aires","06427","La Matanza","060427","La Matanza","06427010","La Matanza","Entidad"
"1414719001","Las Quintas",-31.5376830055164,-64.3034450668409,"14","Córdoba","14147","Santa María","143043","Los Cedros","14147190","Los Cedros","Entidad"
"0642701007","Lomas del Mirador",-34.6652765210767,-58.5317739283029,"06","Buenos Aires","06427","La Matanza","060427","La Matanza","06427010","La Matanza","Entidad"
"0642701008","Rafael Castillo",-34.7090985315633,-58.6256335195148,"06","Buenos Aires","06427","La Matanza","060427","La Matanza","06427010","La Matanza","Entidad"
"0642701009","Ramos Mejía",-34.6454993387505,-58.5596657431949,"06","Buenos Aires","06427","La Matanza","060427","La Matanza","06427010","La Matanza","Entidad"
"0642701010","San Justo",-34.6811417496029,-58.563738604389,"06","Buenos Aires","06427","La Matanza","060427","La Matanza","06427010","La Matanza","Entidad"
"0642701011","Tapiales",-34.6990522094808,-58.5078575449595,"06","Buenos Aires","06427","La Matanza","060427","La Matanza","06427010","La Matanza","Entidad"
"0642701012","20 de Junio",-34.7761539422411,-58.7295673036974,"06","Buenos Aires","06427","La Matanza","060427","La Matanza","06427010","La Matanza","Entidad"
"0642701013","Villa Eduardo Madero",-34.6881322748108,-58.4931738114066,"06","Buenos Aires","06427","La Matanza","060427","La Matanza","06427010","La Matanza","Entidad"
"0642701014","Villa Luzuriaga",-34.6635308896038,-58.582392278561,"06","Buenos Aires","06427","La Matanza","060427","La Matanza","06427010","La Matanza","Entidad"
"0642701015","Virrey del Pino",-34.837653604909,-58.6469682245822,"06","Buenos Aires","06427","La Matanza","060427","La Matanza","06427010","La Matanza","Entidad"
"0643401001","Gerli",-34.6908323695067,-58.3819322387066,"06","Buenos Aires","06434","Lanús","060434","Lanús","06434010","Lanus","Entidad"
"0643401002","Lanús Este",-34.7141603772546,-58.3743055982995,"06","Buenos Aires","06434","Lanús","060434","Lanús","06434010","Lanus","Entidad"
"0643401003","Lanús Oeste",-34.7037709376997,-58.4005603089343,"06","Buenos Aires","06434","Lanús","060434","Lanús","06434010","Lanus","Entidad"
"0643401004","Monte Chingolo",-34.7295854826249,-58.3542214969464,"06","Buenos Aires","06434","Lanús","060434","Lanús","06434010","Lanus","Entidad"
"0643401005","Remedios de Escalada de San Martín",-34.7259102843799,-58.3967018532792,"06","Buenos Aires","06434","Lanús","060434","Lanús","06434010","Lanus","Entidad"
"0643401006","Valentín Alsina",-34.6714140127777,-58.4090486458359,"06","Buenos Aires","06434","Lanús","060434","Lanús","06434010","Lanus","Entidad"
"0644103001","Abasto",-34.9867591259577,-58.0908657138948,"06","Buenos Aires","06441","La Plata","060441","La Plata","06441030","La Plata","Entidad"
"0644103002","Ángel Etcheverry",-35.0244808823111,-58.0781379447636,"06","Buenos Aires","06441","La Plata","060441","La Plata","06441030","La Plata","Entidad"
"0644103003","Arana",-34.9996034102201,-57.8924655082918,"06","Buenos Aires","06441","La Plata","060441","La Plata","06441030","La Plata","Entidad"
"0644103004","Arturo Seguí",-34.8913472133746,-58.1319357401525,"06","Buenos Aires","06441","La Plata","060441","La Plata","06441030","La Plata","Entidad"
"0644103005","Barrio El Carmen Oeste",-34.9389300458219,-57.8775985098977,"06","Buenos Aires","06441","La Plata","060441","La Plata","06441030","La Plata","Entidad"
"0644103007","Barrio Las Malvinas",-34.9343317745387,-58.001724758917,"06","Buenos Aires","06441","La Plata","060441","La Plata","06441030","La Plata","Entidad"
"0644103008","Barrio Las Quintas",-34.9251183154547,-58.0164733151666,"06","Buenos Aires","06441","La Plata","060441","La Plata","06441030","La Plata","Entidad"
"0644103009","City Bell",-34.8674740179381,-58.0474227947356,"06","Buenos Aires","06441","La Plata","060441","La Plata","06441030","La Plata","Entidad"
"0644103010","El Retiro",-34.9483129769295,-57.9948819613567,"06","Buenos Aires","06441","La Plata","060441","La Plata","06441030","La Plata","Entidad"
"0644103011","Joaquín Gorina",-34.9054472269577,-58.0436367820879,"06","Buenos Aires","06441","La Plata","060441","La Plata","06441030","La Plata","Entidad"
"0644103012","José Hernández",-34.8988594896955,-58.0106354609076,"06","Buenos Aires","06441","La Plata","060441","La Plata","06441030","La Plata","Entidad"
"0644103013","José Melchor Romero",-34.9456752062054,-58.0364808189891,"06","Buenos Aires","06441","La Plata","060441","La Plata","06441030","La Plata","Entidad"
"0644103014","La Cumbre",-34.9233041542336,-58.0033796785846,"06","Buenos Aires","06441","La Plata","060441","La Plata","06441030","La Plata","Entidad"
"0644103015","La Plata",-34.9154959630273,-57.9479884807815,"06","Buenos Aires","06441","La Plata","060441","La Plata","06441030","La Plata","Entidad"
"0644103016","Lisandro Olmos",-34.999057389434,-58.0486158300406,"06","Buenos Aires","06441","La Plata","060441","La Plata","06441030","La Plata","Entidad"
"0644103017","Los Hornos",-34.9593559474995,-57.9807340188431,"06","Buenos Aires","06441","La Plata","060441","La Plata","06441030","La Plata","Entidad"
"0644103018","Manuel B. Gonnet",-34.8818546802863,-58.0103208206183,"06","Buenos Aires","06441","La Plata","060441","La Plata","06441030","La Plata","Entidad"
"0644103019","Ringuelet",-34.8848037325506,-57.9915077360675,"06","Buenos Aires","06441","La Plata","060441","La Plata","06441030","La Plata","Entidad"
"0644103020","Rufino de Elizalde",-34.9612545572956,-57.9503822406101,"06","Buenos Aires","06441","La Plata","060441","La Plata","06441030","La Plata","Entidad"
"0644103021","Tolosa",-34.89176451333,-57.9741732381676,"06","Buenos Aires","06441","La Plata","060441","La Plata","06441030","La Plata","Entidad"
"0644103022","Transradio",-34.8766725098732,-58.0839931356978,"06","Buenos Aires","06441","La Plata","060441","La Plata","06441030","La Plata","Entidad"
"0644103023","Villa Elisa",-34.8514668822838,-58.085432935183,"06","Buenos Aires","06441","La Plata","060441","La Plata","06441030","La Plata","Entidad"
"0644103024","Villa Elvira",-34.939443760817,-57.9208330967288,"06","Buenos Aires","06441","La Plata","060441","La Plata","06441030","La Plata","Entidad"
"0644103025","Villa Garibaldi",-34.9989648281153,-57.8583627572539,"06","Buenos Aires","06441","La Plata","060441","La Plata","06441030","La Plata","Entidad"
"0644103026","Villa Montoro",-34.9614360980661,-57.9005707784341,"06","Buenos Aires","06441","La Plata","060441","La Plata","06441030","La Plata","Entidad"
"0644103027","Villa Parque Sicardi",-34.9874908734581,-57.8597523447218,"06","Buenos Aires","06441","La Plata","060441","La Plata","06441030","La Plata","Entidad"
"0649001001","Banfield",-34.7447138351125,-58.3929263130465,"06","Buenos Aires","06490","Lomas de Zamora","060490","Lomas de Zamora","06490010","Lomas de Zamora","Entidad"
"0649001002","Llavallol",-34.7930707191435,-58.4262793211745,"06","Buenos Aires","06490","Lomas de Zamora","060490","Lomas de Zamora","06490010","Lomas de Zamora","Entidad"
"0649001003","Lomas de Zamora",-34.7596127748886,-58.3994691356768,"06","Buenos Aires","06490","Lomas de Zamora","060490","Lomas de Zamora","06490010","Lomas de Zamora","Entidad"
"0649001004","Temperley",-34.7726021631685,-58.3895955235586,"06","Buenos Aires","06490","Lomas de Zamora","060490","Lomas de Zamora","06490010","Lomas de Zamora","Entidad"
"0649001005","Turdera",-34.7909861826968,-58.4051947065789,"06","Buenos Aires","06490","Lomas de Zamora","060490","Lomas de Zamora","06490010","Lomas de Zamora","Entidad"
"0649001006","Villa Centenario",-34.7273607491723,-58.4305869359055,"06","Buenos Aires","06490","Lomas de Zamora","060490","Lomas de Zamora","06490010","Lomas de Zamora","Entidad"
"0649001007","Villa Fiorito",-34.7056984765634,-58.4444661837853,"06","Buenos Aires","06490","Lomas de Zamora","060490","Lomas de Zamora","06490010","Lomas de Zamora","Entidad"
"0649706001","Barrio Las Casuarinas",-34.5624048813532,-59.1782599099431,"06","Buenos Aires","06497","Luján","060497","Luján","06497060","Club de Campo Los Puentes","Entidad"
"0649706002","Cortines",-34.556551592138,-59.2039851566143,"06","Buenos Aires","06497","Luján","060497","Luján","06497060","Club de Campo Los Puentes","Entidad"
"0649706003","Lezica y Torrezuri",-34.585483315075,-59.0582810577968,"06","Buenos Aires","06497","Luján","060497","Luján","06497060","Club de Campo Los Puentes","Entidad"
"0649706004","Luján",-34.5668483579023,-59.1145118021941,"06","Buenos Aires","06497","Luján","060497","Luján","06497060","Club de Campo Los Puentes","Entidad"
"0649706005","Villa Flandria Norte",-34.5749128692338,-59.1795153909267,"06","Buenos Aires","06497","Luján","060497","Luján","06497060","Club de Campo Los Puentes","Entidad"
"0649706006","Villa Flandria Sur",-34.5988546032712,-59.1772915460468,"06","Buenos Aires","06497","Luján","060497","Luján","06497060","Club de Campo Los Puentes","Entidad"
"0649706007","Country Club Las Praderas",-34.5182228509915,-59.0925688618089,"06","Buenos Aires","06497","Luján","060497","Luján","06497060","Club de Campo Los Puentes","Entidad"
"0649706008","Open Door",-34.4914919706787,-59.0775054640689,"06","Buenos Aires","06497","Luján","060497","Luján","06497060","Club de Campo Los Puentes","Entidad"
"0651501001","Área de Promoción El Triángulo",-34.4558324468983,-58.708597430815,"06","Buenos Aires","06515","Malvinas Argentinas","060515","Malvinas Argentinas","06515010","Malvinas Argentinas","Entidad"
"0651501002","Grand Bourg",-34.489012469155,-58.7263870544297,"06","Buenos Aires","06515","Malvinas Argentinas","060515","Malvinas Argentinas","06515010","Malvinas Argentinas","Entidad"
"0651501003","Ingeniero Adolfo Sourdeaux",-34.5004713123991,-58.6620356056574,"06","Buenos Aires","06515","Malvinas Argentinas","060515","Malvinas Argentinas","06515010","Malvinas Argentinas","Entidad"
"0651501004","Ingeniero Pablo Nogués",-34.4894723154381,-58.7060917266721,"06","Buenos Aires","06515","Malvinas Argentinas","060515","Malvinas Argentinas","06515010","Malvinas Argentinas","Entidad"
"0651501005","Los Polvorines",-34.5020886294655,-58.6949943511423,"06","Buenos Aires","06515","Malvinas Argentinas","060515","Malvinas Argentinas","06515010","Malvinas Argentinas","Entidad"
"0651501006","Malvinas Argentinas",-34.4947444924354,-58.6996332398151,"06","Buenos Aires","06515","Malvinas Argentinas","060515","Malvinas Argentinas","06515010","Malvinas Argentinas","Entidad"
"0651501007","Tortuguitas",-34.4745167101605,-58.7549456664352,"06","Buenos Aires","06515","Malvinas Argentinas","060515","Malvinas Argentinas","06515010","Malvinas Argentinas","Entidad"
"0651501008","Villa de Mayo",-34.5066088363881,-58.6789744017667,"06","Buenos Aires","06515","Malvinas Argentinas","060515","Malvinas Argentinas","06515010","Malvinas Argentinas","Entidad"
"0651805001","La Baliza",-37.7716100804643,-57.4473118294385,"06","Buenos Aires","06518","Mar Chiquita","060518","Mar Chiquita","06518050","Mar de Cobo","Entidad"
"0651805002","La Caleta",-37.7826448217598,-57.4598549284262,"06","Buenos Aires","06518","Mar Chiquita","060518","Mar Chiquita","06518050","Mar de Cobo","Entidad"
"0651805003","Mar de Cobo",-37.7762894782296,-57.4511483919747,"06","Buenos Aires","06518","Mar Chiquita","060518","Mar Chiquita","06518050","Mar de Cobo","Entidad"
"0651806001","Atlántida",-37.8477075092505,-57.513264752301,"06","Buenos Aires","06518","Mar Chiquita","060518","Mar Chiquita","06518060","Santa Clara del Mar","Entidad"
"0651806002","Camet Norte",-37.8244829233582,-57.4918495062702,"06","Buenos Aires","06518","Mar Chiquita","060518","Mar Chiquita","06518060","Santa Clara del Mar","Entidad"
"0651806003","Frente Mar",-37.8588472563325,-57.5134774219646,"06","Buenos Aires","06518","Mar Chiquita","060518","Mar Chiquita","06518060","Santa Clara del Mar","Entidad"
"0651806004","Playa Dorada",-37.8734909293914,-57.519182373008,"06","Buenos Aires","06518","Mar Chiquita","060518","Mar Chiquita","06518060","Santa Clara del Mar","Entidad"
"0651806005","Santa Clara del Mar",-37.8374444618433,-57.5019980900645,"06","Buenos Aires","06518","Mar Chiquita","060518","Mar Chiquita","06518060","Santa Clara del Mar","Entidad"
"0651806006","Santa Elena",-37.8636154583608,-57.5171498429115,"06","Buenos Aires","06518","Mar Chiquita","060518","Mar Chiquita","06518060","Santa Clara del Mar","Entidad"
"0652502001","Barrio Lisandro de la Torre y Santa Marta",-34.9062918893911,-58.7065478303317,"06","Buenos Aires","06525","Marcos Paz","060525","Marcos Paz","06525020","Marcos Paz","Entidad"
"0652502002","Marcos Paz",-34.7843157222504,-58.8353369572326,"06","Buenos Aires","06525","Marcos Paz","060525","Marcos Paz","06525020","Marcos Paz","Entidad"
"0653901001","Libertad",-34.6986375194331,-58.6902324564792,"06","Buenos Aires","06539","Merlo","060539","Merlo","06539010","Merlo","Entidad"
"0653901002","Mariano Acosta",-34.7229209217964,-58.7954060298585,"06","Buenos Aires","06539","Merlo","060539","Merlo","06539010","Merlo","Entidad"
"0653901003","Merlo",-34.6669700024931,-58.7279503131722,"06","Buenos Aires","06539","Merlo","060539","Merlo","06539010","Merlo","Entidad"
"0653901004","Pontevedra",-34.7502592618593,-58.7012570872713,"06","Buenos Aires","06539","Merlo","060539","Merlo","06539010","Merlo","Entidad"
"0653901005","San Antonio de Padua",-34.6626656411117,-58.6981263626469,"06","Buenos Aires","06539","Merlo","060539","Merlo","06539010","Merlo","Entidad"
"0656001001","Cuartel V",-34.5488244343934,-58.8098794651516,"06","Buenos Aires","06560","Moreno","060560","Moreno","06560010","Moreno","Entidad"
"0656001002","Francisco Álvarez",-34.6331919907166,-58.8554657978739,"06","Buenos Aires","06560","Moreno","060560","Moreno","06560010","Moreno","Entidad"
"0656001003","La Reja",-34.6390127276427,-58.8266931262593,"06","Buenos Aires","06560","Moreno","060560","Moreno","06560010","Moreno","Entidad"
"0656001004","Moreno",-34.6469059433022,-58.7889292381186,"06","Buenos Aires","06560","Moreno","060560","Moreno","06560010","Moreno","Entidad"
"0656001005","Paso del Rey",-34.6531326691341,-58.7612422196769,"06","Buenos Aires","06560","Moreno","060560","Moreno","06560010","Moreno","Entidad"
"0656001006","Trujui",-34.5907374661606,-58.7556254923224,"06","Buenos Aires","06560","Moreno","060560","Moreno","06560010","Moreno","Entidad"
"0656801001","Castelar",-34.6518205338135,-58.6460475077958,"06","Buenos Aires","06568","Morón","060568","Morón","06568010","Morón","Entidad"
"0656801002","El Palomar",-34.6108556165017,-58.5956810077115,"06","Buenos Aires","06568","Morón","060568","Morón","06568010","Morón","Entidad"
"0656801003","Haedo",-34.6436075977527,-58.5945223728959,"06","Buenos Aires","06568","Morón","060568","Morón","06568010","Morón","Entidad"
"0656801005","Villa Sarmiento",-34.6333593873734,-58.5704071179586,"06","Buenos Aires","06568","Morón","060568","Morón","06568010","Morón","Entidad"
"0658104001","Necochea",-38.5712233301397,-58.7262420207665,"06","Buenos Aires","06581","Necochea","060581","Necochea","06581040","Juan N. Fernández","Entidad"
"0658104002","Quequén",-38.5661133487233,-58.7061807944671,"06","Buenos Aires","06581","Necochea","060581","Necochea","06581040","Juan N. Fernández","Entidad"
"0658104003","Costa Bonita",-38.5599736314668,-58.6284817778164,"06","Buenos Aires","06581","Necochea","060581","Necochea","06581040","Juan N. Fernández","Entidad"
"0659506001","Colonia Hinojo",-36.8799103261886,-60.1774961047109,"06","Buenos Aires","06595","Olavarría","060595","Olavarría","06595060","Espigas","Entidad"
"0659506002","Hinojo",-36.8665431549573,-60.161834312253,"06","Buenos Aires","06595","Olavarría","060595","Olavarría","06595060","Espigas","Entidad"
"0659511001","Sierras Bayas",-36.9327185415247,-60.1613850642696,"06","Buenos Aires","06595","Olavarría","060595","Olavarría","06595110","Sierra Chica","Entidad"
"0659511002","Villa Arrieta",-36.9438085052348,-60.1583509841298,"06","Buenos Aires","06595","Olavarría","060595","Olavarría","06595110","Sierra Chica","Entidad"
"0663804001","Del Viso",-34.4502158741149,-58.7986321054863,"06","Buenos Aires","06638","Pilar","060638","Pilar","06638040","Pilar","Entidad"
"0663804002","Fátima",-34.4278831571111,-58.9936681977088,"06","Buenos Aires","06638","Pilar","060638","Pilar","06638040","Pilar","Entidad"
"0663804003","La Lonja",-34.4484860405622,-58.846095707197,"06","Buenos Aires","06638","Pilar","060638","Pilar","06638040","Pilar","Entidad"
"0663804004","Los Cachorros",-34.4230504480055,-58.7927540749802,"06","Buenos Aires","06638","Pilar","060638","Pilar","06638040","Pilar","Entidad"
"0663804005","Manzanares",-34.4503831705186,-59.0070416860588,"06","Buenos Aires","06638","Pilar","060638","Pilar","06638040","Pilar","Entidad"
"0663804006","Manzone",-34.508617703129,-58.8613535584736,"06","Buenos Aires","06638","Pilar","060638","Pilar","06638040","Pilar","Entidad"
"0663804007","Maquinista F. Savio Oeste",-34.4073856736919,-58.7801774138414,"06","Buenos Aires","06638","Pilar","060638","Pilar","06638040","Pilar","Entidad"
"0663804008","Pilar",-34.4569822956164,-58.9139117853571,"06","Buenos Aires","06638","Pilar","060638","Pilar","06638040","Pilar","Entidad"
"0663804009","Presidente Derqui",-34.4922671765476,-58.8390198925922,"06","Buenos Aires","06638","Pilar","060638","Pilar","06638040","Pilar","Entidad"
"0663804010","Roberto de Vicenzo",-34.432379801221,-58.7724236466929,"06","Buenos Aires","06638","Pilar","060638","Pilar","06638040","Pilar","Entidad"
"0663804011","Santa Teresa",-34.4385138636954,-58.7536660461848,"06","Buenos Aires","06638","Pilar","060638","Pilar","06638040","Pilar","Entidad"
"0663804012","Tortuguitas",-34.4607720798694,-58.7631813315473,"06","Buenos Aires","06638","Pilar","060638","Pilar","06638040","Pilar","Entidad"
"0663804013","Villa Astolfi",-34.4880046105565,-58.8758544354884,"06","Buenos Aires","06638","Pilar","060638","Pilar","06638040","Pilar","Entidad"
"0663804014","Villa Rosa",-34.4152919195327,-58.8695488420707,"06","Buenos Aires","06638","Pilar","060638","Pilar","06638040","Pilar","Entidad"
"0663804015","Zelaya",-34.3715664829895,-58.8694503722801,"06","Buenos Aires","06638","Pilar","060638","Pilar","06638040","Pilar","Entidad"
"0664401001","Cariló",-37.1652201596011,-56.8988186926853,"06","Buenos Aires","06644","Pinamar","060644","Pinamar","06644010","Pinamar","Entidad"
"0664401002","Ostende",-37.1296810995623,-56.8712019478631,"06","Buenos Aires","06644","Pinamar","060644","Pinamar","06644010","Pinamar","Entidad"
"0664401003","Pinamar",-37.1138217498107,-56.8580776153146,"06","Buenos Aires","06644","Pinamar","060644","Pinamar","06644010","Pinamar","Entidad"
"0664401004","Valeria del Mar",-37.1456506182212,-56.8819737180736,"06","Buenos Aires","06644","Pinamar","060644","Pinamar","06644010","Pinamar","Entidad"
"0664801001","Barrio América Unida",-34.8832340736186,-58.417777592315,"06","Buenos Aires","06648","Presidente Perón","060648","Presidente Perón","06648010","Presidente Perón","Entidad"
"0664801002","Guernica",-34.9179865232138,-58.3821570439019,"06","Buenos Aires","06648","Presidente Perón","060648","Presidente Perón","06648010","Presidente Perón","Entidad"
"0665801001","Bernal",-34.7109020476087,-58.2833921197232,"06","Buenos Aires","06658","Quilmes","060658","Quilmes","06658010","Quilmes","Entidad"
"0665801002","Bernal Oeste",-34.7262969677185,-58.3179142977182,"06","Buenos Aires","06658","Quilmes","060658","Quilmes","06658010","Quilmes","Entidad"
"0665801003","Don Bosco",-34.7044652823354,-58.297585163768,"06","Buenos Aires","06658","Quilmes","060658","Quilmes","06658010","Quilmes","Entidad"
"0665801004","Ezpeleta",-34.7459431286802,-58.2347948365317,"06","Buenos Aires","06658","Quilmes","060658","Quilmes","06658010","Quilmes","Entidad"
"0665801005","Ezpeleta Oeste",-34.7572131736828,-58.2639566525405,"06","Buenos Aires","06658","Quilmes","060658","Quilmes","06658010","Quilmes","Entidad"
"0665801006","Quilmes",-34.7200676236621,-58.254346982141,"06","Buenos Aires","06658","Quilmes","060658","Quilmes","06658010","Quilmes","Entidad"
"0665801007","Quilmes Oeste",-34.7460539876027,-58.2991252702126,"06","Buenos Aires","06658","Quilmes","060658","Quilmes","06658010","Quilmes","Entidad"
"0665801008","San Francisco Solano",-34.779761074641,-58.3111614659955,"06","Buenos Aires","06658","Quilmes","060658","Quilmes","06658010","Quilmes","Entidad"
"0665801009","Villa La Florida",-34.7722703998346,-58.292930614461,"06","Buenos Aires","06658","Quilmes","060658","Quilmes","06658010","Quilmes","Entidad"
"0668606001","Barrio Las Margaritas",-34.1847259520637,-60.6989875902975,"06","Buenos Aires","06686","Rojas","060686","Rojas","06686060","Rojas","Entidad"
"0668606002","Rojas",-34.2002062759896,-60.72947907762,"06","Buenos Aires","06686","Rojas","060686","Rojas","06686060","Rojas","Entidad"
"0668606003","Villa Parque Cecir",-34.1749470374961,-60.6944299346838,"06","Buenos Aires","06686","Rojas","060686","Rojas","06686060","Rojas","Entidad"
"0674901001","San Fernando",-34.4436592867769,-58.5586455411774,"06","Buenos Aires","06749","San Fernando","060749","San Fernando","06749010","San Fernando","Entidad"
"0674901002","Victoria",-34.4530475393768,-58.5421912513957,"06","Buenos Aires","06749","San Fernando","060749","San Fernando","06749010","San Fernando","Entidad"
"0674901003","Virreyes",-34.4537518251362,-58.5543400812344,"06","Buenos Aires","06749","San Fernando","060749","San Fernando","06749010","San Fernando","Entidad"
"0675601001","Acasusso",-34.478228664034,-58.5026800107625,"06","Buenos Aires","06756","San Isidro","060756","San Isidro","06756010","San Isidro","Entidad"
"0675601002","Béccar",-34.4601958059158,-58.5313611443379,"06","Buenos Aires","06756","San Isidro","060756","San Isidro","06756010","San Isidro","Entidad"
"0675601003","Boulogne Sur Mer",-34.5094800482416,-58.5669108609788,"06","Buenos Aires","06756","San Isidro","060756","San Isidro","06756010","San Isidro","Entidad"
"0675601004","Martínez",-34.4890104372004,-58.499380135853,"06","Buenos Aires","06756","San Isidro","060756","San Isidro","06756010","San Isidro","Entidad"
"0675601005","San Isidro",-34.469882653323,-58.5112940171937,"06","Buenos Aires","06756","San Isidro","060756","San Isidro","06756010","San Isidro","Entidad"
"0675601006","Villa Adelina",-34.5188556851314,-58.5473555040385,"06","Buenos Aires","06756","San Isidro","060756","San Isidro","06756010","San Isidro","Entidad"
"0676001001","Bella Vista",-34.5682733387092,-58.6820583867252,"06","Buenos Aires","06760","San Miguel","060760","San Miguel","06760010","San Miguel","Entidad"
"0676001002","Campo de Mayo",-34.5550627752485,-58.6522136037965,"06","Buenos Aires","06760","San Miguel","060760","San Miguel","06760010","San Miguel","Entidad"
"0676001003","Muñiz",-34.5524946303365,-58.704793707995,"06","Buenos Aires","06760","San Miguel","060760","San Miguel","06760010","San Miguel","Entidad"
"0676001004","San Miguel",-34.5431343361878,-58.7092007082159,"06","Buenos Aires","06760","San Miguel","060760","San Miguel","06760010","San Miguel","Entidad"
"0676304001","La Emilia",-33.3490410442337,-60.3156761852842,"06","Buenos Aires","06763","San Nicolás","060763","San Nicolás","06763040","Erézcano","Entidad"
"0676304002","Villa Campi",-33.360724726341,-60.300046996968,"06","Buenos Aires","06763","San Nicolás","060763","San Nicolás","06763040","Erézcano","Entidad"
"0676304003","Villa Canto",-33.3697926155654,-60.2952727229451,"06","Buenos Aires","06763","San Nicolás","060763","San Nicolás","06763040","Erézcano","Entidad"
"0676304004","Villa Riccio",-33.3643570702242,-60.2947075669285,"06","Buenos Aires","06763","San Nicolás","060763","San Nicolás","06763040","Erézcano","Entidad"
"0676305001","Campos Salles",-33.401672448024,-60.2374682244366,"06","Buenos Aires","06763","San Nicolás","060763","San Nicolás","06763050","San Nicolás de los Arroyos","Entidad"
"0676305002","San Nicolás de los Arroyos",-33.3384039563383,-60.2214955044967,"06","Buenos Aires","06763","San Nicolás","060763","San Nicolás","06763050","San Nicolás de los Arroyos","Entidad"
"0677802001","Alejandro Korn",-34.981412227885,-58.3767263751922,"06","Buenos Aires","06778","San Vicente","060778","San Vicente","06778020","San Vicente","Entidad"
"0677802002","San Vicente",-35.0259018058616,-58.4224036148088,"06","Buenos Aires","06778","San Vicente","060778","San Vicente","06778020","San Vicente","Entidad"
"0677802003","Domselaar",-35.0738937822194,-58.2904583823958,"06","Buenos Aires","06778","San Vicente","060778","San Vicente","06778020","San Vicente","Entidad"
"0680501001","Benavídez",-34.4115727076684,-58.689927948636,"06","Buenos Aires","06805","Tigre","060805","Tigre","06805010","Tigre","Entidad"
"0680501002","Dique Luján",-34.3613050945309,-58.686560990698,"06","Buenos Aires","06805","Tigre","060805","Tigre","06805010","Tigre","Entidad"
"0680501003","Don Torcuato Este",-34.487529336749,-58.615576288829,"06","Buenos Aires","06805","Tigre","060805","Tigre","06805010","Tigre","Entidad"
"0680501004","Don Torcuato Oeste",-34.5013115714354,-58.6266976169668,"06","Buenos Aires","06805","Tigre","060805","Tigre","06805010","Tigre","Entidad"
"0680501005","El Talar",-34.4635807779742,-58.6613515343482,"06","Buenos Aires","06805","Tigre","060805","Tigre","06805010","Tigre","Entidad"
"0680501006","General Pacheco",-34.454922848233,-58.6341494353431,"06","Buenos Aires","06805","Tigre","060805","Tigre","06805010","Tigre","Entidad"
"0680501007","Troncos del Talar",-34.4548097726973,-58.6133409368885,"06","Buenos Aires","06805","Tigre","060805","Tigre","06805010","Tigre","Entidad"
"0680501008","Ricardo Rojas",-34.458452696066,-58.6830425981974,"06","Buenos Aires","06805","Tigre","060805","Tigre","06805010","Tigre","Entidad"
"0680501009","Rincón de Milberg",-34.4104604155702,-58.6019963050247,"06","Buenos Aires","06805","Tigre","060805","Tigre","06805010","Tigre","Entidad"
"0680501010","Tigre",-34.4248130997973,-58.5755281971763,"06","Buenos Aires","06805","Tigre","060805","Tigre","06805010","Tigre","Entidad"
"0683302001","Claromecó",-38.8539586602418,-60.0728340167456,"06","Buenos Aires","06833","Tres Arroyos","060833","Tres Arroyos","06833020","Claromecó","Entidad"
"0683302002","Dunamar",-38.8585571626837,-60.0861874066163,"06","Buenos Aires","06833","Tres Arroyos","060833","Tres Arroyos","06833020","Claromecó","Entidad"
"0684001001","Caseros",-34.6079360429362,-58.5639388527613,"06","Buenos Aires","06840","Tres de Febrero","060840","Tres de Febrero","06840010","Tres de Febrero","Entidad"
"0684001002","Churruca",-34.5590894223482,-58.6210861683629,"06","Buenos Aires","06840","Tres de Febrero","060840","Tres de Febrero","06840010","Tres de Febrero","Entidad"
"0684001003","Ciudad Jardín Lomas del Palomar",-34.6020571077223,-58.5918129323397,"06","Buenos Aires","06840","Tres de Febrero","060840","Tres de Febrero","06840010","Tres de Febrero","Entidad"
"0684001004","Ciudadela",-34.6379153169712,-58.5393433409443,"06","Buenos Aires","06840","Tres de Febrero","060840","Tres de Febrero","06840010","Tres de Febrero","Entidad"
"0684001005","El Libertador",-34.5554270234588,-58.6128107904756,"06","Buenos Aires","06840","Tres de Febrero","060840","Tres de Febrero","06840010","Tres de Febrero","Entidad"
"0684001006","José Ingenieros",-34.6171682617636,-58.5359477552874,"06","Buenos Aires","06840","Tres de Febrero","060840","Tres de Febrero","06840010","Tres de Febrero","Entidad"
"0684001007","Loma Hermosa",-34.5686752520983,-58.6021422654243,"06","Buenos Aires","06840","Tres de Febrero","060840","Tres de Febrero","06840010","Tres de Febrero","Entidad"
"0684001008","Martín Coronado",-34.5837676634747,-58.5967036958912,"06","Buenos Aires","06840","Tres de Febrero","060840","Tres de Febrero","06840010","Tres de Febrero","Entidad"
"0684001009","11 de Septiembre",-34.5659942534011,-58.6185962577357,"06","Buenos Aires","06840","Tres de Febrero","060840","Tres de Febrero","06840010","Tres de Febrero","Entidad"
"0684001010","Pablo Podestá",-34.5849488101072,-58.6116379762528,"06","Buenos Aires","06840","Tres de Febrero","060840","Tres de Febrero","06840010","Tres de Febrero","Entidad"
"0684001011","Remedios de Escalada",-34.5709732076088,-58.6198034273086,"06","Buenos Aires","06840","Tres de Febrero","060840","Tres de Febrero","06840010","Tres de Febrero","Entidad"
"0684001012","Sáenz Peña",-34.6001485700585,-58.5276332441297,"06","Buenos Aires","06840","Tres de Febrero","060840","Tres de Febrero","06840010","Tres de Febrero","Entidad"
"0684001013","Santos Lugares",-34.6030070341394,-58.5408249597318,"06","Buenos Aires","06840","Tres de Febrero","060840","Tres de Febrero","06840010","Tres de Febrero","Entidad"
"0684001014","Villa Bosch",-34.5868156329333,-58.5738062079452,"06","Buenos Aires","06840","Tres de Febrero","060840","Tres de Febrero","06840010","Tres de Febrero","Entidad"
"0684001015","Villa Raffo",-34.6084004658573,-58.5309147566475,"06","Buenos Aires","06840","Tres de Febrero","060840","Tres de Febrero","06840010","Tres de Febrero","Entidad"
"0686101001","Carapachay",-34.5282051328805,-58.5346134493231,"06","Buenos Aires","06861","Vicente López","060861","Vicente López","06861010","Vicente López","Entidad"
"0686101002","Florida",-34.5320107502339,-58.4928251811481,"06","Buenos Aires","06861","Vicente López","060861","Vicente López","06861010","Vicente López","Entidad"
"0686101003","Florida Oeste",-34.5385072942887,-58.5154588836308,"06","Buenos Aires","06861","Vicente López","060861","Vicente López","06861010","Vicente López","Entidad"
"0686101004","La Lucila",-34.4986954031124,-58.4886021924852,"06","Buenos Aires","06861","Vicente López","060861","Vicente López","06861010","Vicente López","Entidad"
"0686101005","Munro",-34.5298047274022,-58.525182801606,"06","Buenos Aires","06861","Vicente López","060861","Vicente López","06861010","Vicente López","Entidad"
"0686101006","Olivos",-34.5093203722724,-58.4813961688058,"06","Buenos Aires","06861","Vicente López","060861","Vicente López","06861010","Vicente López","Entidad"
"1009111002","Las Mojarras",-26.6937570109379,-66.0662144302352,"10","Catamarca","10091","Santa María","100210","Santa María","10091110","Las Mojarras","Entidad"
"0686101007","Vicente López",-34.5257404584867,-58.4741498273926,"06","Buenos Aires","06861","Vicente López","060861","Vicente López","06861010","Vicente López","Entidad"
"0686101008","Villa Adelina",-34.5265053176719,-58.5454675353282,"06","Buenos Aires","06861","Vicente López","060861","Vicente López","06861010","Vicente López","Entidad"
"0686101009","Villa Martelli",-34.5513042797618,-58.5066267194854,"06","Buenos Aires","06861","Vicente López","060861","Vicente López","06861010","Vicente López","Entidad"
"0686801001","Mar Azul",-37.3368119149466,-57.0295357510231,"06","Buenos Aires","06868","Villa Gesell","060868","Villa Gesell","06868010","Mar Azul","Entidad"
"0686801002","Mar de las Pampas",-37.3265635278993,-57.0225364322731,"06","Buenos Aires","06868","Villa Gesell","060868","Villa Gesell","06868010","Mar Azul","Entidad"
"0688205001","Barrio Saavedra",-34.138026855185,-59.0054028498658,"06","Buenos Aires","06882","Zárate","060882","Zárate","06882050","Acceso a Lima","Entidad"
"0688205002","Zárate",-34.0989165196293,-59.0296629320907,"06","Buenos Aires","06882","Zárate","060882","Zárate","06882050","Acceso a Lima","Entidad"
"1002105001","Buena Vista",-27.5057204577168,-66.022880509377,"10","Catamarca","10021","Andalgalá","100042","Aconquija","10021050","El Alamito","Entidad"
"1002105002","El Alamito",-27.494568045547,-66.022448759223,"10","Catamarca","10021","Andalgalá","100042","Aconquija","10021050","El Alamito","Entidad"
"1002106001","Aconquija",-27.468098140927,-66.0103165375161,"10","Catamarca","10021","Andalgalá","100042","Aconquija","10021060","El Lindero","Entidad"
"1002106002","Alto de las Juntas",-27.4279333673832,-65.9950974433152,"10","Catamarca","10021","Andalgalá","100042","Aconquija","10021060","El Lindero","Entidad"
"1002106003","El Lindero",-27.4531060000311,-66.0045034471386,"10","Catamarca","10021","Andalgalá","100042","Aconquija","10021060","El Lindero","Entidad"
"1002106004","La Mesada",-27.4441549431067,-66.0022126478121,"10","Catamarca","10021","Andalgalá","100042","Aconquija","10021060","El Lindero","Entidad"
"1004211001","Los Ángeles Norte",-28.4591443322475,-65.9488234034564,"10","Catamarca","10042","Capayán","100133","Huillapima","10042110","Los Angeles","Entidad"
"1004211002","Los Ángeles Sur",-28.4829836288114,-65.950615432131,"10","Catamarca","10042","Capayán","100133","Huillapima","10042110","Los Angeles","Entidad"
"1006304001","El Hueco",-28.4220705786785,-65.7117637445973,"10","Catamarca","10063","Fray Mamerto Esquiú","100161","Fray Mamerto Esquiú","10063040","San José","Entidad"
"1006304002","La Carrera",-28.3568429260322,-65.7073114373778,"10","Catamarca","10063","Fray Mamerto Esquiú","100161","Fray Mamerto Esquiú","10063040","San José","Entidad"
"1006304003","La Falda de San Antonio",-28.4249926112323,-65.6967351961,"10","Catamarca","10063","Fray Mamerto Esquiú","100161","Fray Mamerto Esquiú","10063040","San José","Entidad"
"1006304004","La Tercena",-28.3721877692373,-65.7048797047004,"10","Catamarca","10063","Fray Mamerto Esquiú","100161","Fray Mamerto Esquiú","10063040","San José","Entidad"
"1006304005","San Antonio",-28.4257566977239,-65.7083811850021,"10","Catamarca","10063","Fray Mamerto Esquiú","100161","Fray Mamerto Esquiú","10063040","San José","Entidad"
"1006304006","San José",-28.3904063679704,-65.701711610127,"10","Catamarca","10063","Fray Mamerto Esquiú","100161","Fray Mamerto Esquiú","10063040","San José","Entidad"
"1009103001","Chañar Punco",-26.7245601354379,-66.0760975824739,"10","Catamarca","10091","Santa María","100210","Santa María","10091030","Chañar Punco","Entidad"
"1009103002","Lampacito",-26.7145521014582,-66.068288107357,"10","Catamarca","10091","Santa María","100210","Santa María","10091030","Chañar Punco","Entidad"
"1009103003","Medanitos",-26.7507779940066,-66.0787233659467,"10","Catamarca","10091","Santa María","100203","San José","10091030","Chañar Punco","Entidad"
"1009107001","Famatanca",-26.7709564163444,-66.0822731499912,"10","Catamarca","10091","Santa María","100203","San José","10091070","Famatanca","Entidad"
"1009107002","San José Banda",-26.7974352576604,-66.0851845538927,"10","Catamarca","10091","Santa María","100203","San José","10091070","Famatanca","Entidad"
"1009111001","El Cerrito",-26.6719152173714,-66.0607916411274,"10","Catamarca","10091","Santa María","100210","Santa María","10091110","Las Mojarras","Entidad"
"1009114001","Casa de Piedra",-26.8166192033332,-66.0794962394573,"10","Catamarca","10091","Santa María","100203","San José","10091140","San José","Entidad"
"1009114002","La Puntilla",-26.8248891133172,-66.0850814214729,"10","Catamarca","10091","Santa María","100203","San José","10091140","San José","Entidad"
"1009114003","Palo Seco",-26.8092749554447,-66.0746154327429,"10","Catamarca","10091","Santa María","100203","San José","10091140","San José","Entidad"
"1009114004","San José Norte",-26.788515790059,-66.0659271375354,"10","Catamarca","10091","Santa María","100203","San José","10091140","San José","Entidad"
"1009114005","San José Villa",-26.8013292872309,-66.0683327599131,"10","Catamarca","10091","Santa María","100203","San José","10091140","San José","Entidad"
"1010505001","Copacabana",-28.1754144915285,-67.488040108495,"10","Catamarca","10105","Tinogasta","100231","Tinogasta","10105050","Copacabana","Entidad"
"1010505002","La Puntilla",-28.1293308829888,-67.4997563754494,"10","Catamarca","10105","Tinogasta","100231","Tinogasta","10105050","Copacabana","Entidad"
"1010511001","Fiambalá",-27.689455422133,-67.6191480212882,"10","Catamarca","10105","Tinogasta","100224","Fiambalá","10105110","Fiambalá","Entidad"
"1010511002","La Ramadita",-27.684459770281,-67.6194392541928,"10","Catamarca","10105","Tinogasta","100224","Fiambalá","10105110","Fiambalá","Entidad"
"1010511003","Pampa Blanca",-27.6525269917378,-67.6147649623261,"10","Catamarca","10105","Tinogasta","100224","Fiambalá","10105110","Fiambalá","Entidad"
"1011204001","El Bañado",-28.4601111014785,-65.7120151705902,"10","Catamarca","10112","Valle Viejo","100238","Valle Viejo","10112040","San Isidro","Entidad"
"1011204002","Polcos",-28.4372399562612,-65.7207691590717,"10","Catamarca","10112","Valle Viejo","100238","Valle Viejo","10112040","San Isidro","Entidad"
"1011204003","Pozo del Mistol",-28.4721164426195,-65.7227588143713,"10","Catamarca","10112","Valle Viejo","100238","Valle Viejo","10112040","San Isidro","Entidad"
"4604201005","San Miguel",-29.178242612745,-67.4744219919575,"46","La Rioja","46042","Chilecito","460042","Chilecito","46042010","Chilecito","Entidad"
"1011204004","San Isidro",-28.4596664737849,-65.7258927919472,"10","Catamarca","10112","Valle Viejo","100238","Valle Viejo","10112040","San Isidro","Entidad"
"1011204005","Santa Rosa",-28.4425610943667,-65.710838370244,"10","Catamarca","10112","Valle Viejo","100238","Valle Viejo","10112040","San Isidro","Entidad"
"1011204006","Sumalao",-28.4749648388181,-65.737589732477,"10","Catamarca","10112","Valle Viejo","100238","Valle Viejo","10112040","San Isidro","Entidad"
"1011204007","Villa Dolores",-28.4611661862365,-65.7328190343883,"10","Catamarca","10112","Valle Viejo","100238","Valle Viejo","10112040","San Isidro","Entidad"
"1400712001","Los Molinos",-31.8563597027019,-64.379558101433,"14","Córdoba","14007","Calamuchita","142042","Los Molinos","14007120","Los Molinos","Entidad"
"1400712002","Villa San Miguel",-31.8634283575435,-64.3749971056873,"14","Córdoba","14007","Calamuchita","142042","Los Molinos","14007120","Los Molinos","Entidad"
"1400721001","Santa Mónica",-32.0688257152431,-64.5743119195038,"14","Córdoba","14007","Calamuchita","140035","Santa Rosa de Calamuchita","14007210","Santa Rosa de Calamuchita","Entidad"
"1400721002","Santa Rosa de Calamuchita",-32.0699095313468,-64.5390917673383,"14","Córdoba","14007","Calamuchita","140035","Santa Rosa de Calamuchita","14007210","Santa Rosa de Calamuchita","Entidad"
"1400721003","San Ignacio (Loteo Vélez Crespo)",-32.0989506129028,-64.5371421674543,"14","Córdoba","14007","Calamuchita","140035","Santa Rosa de Calamuchita","14007210","Santa Rosa de Calamuchita","Entidad"
"1400727001","Villa Ciudad Parque Los Reartes",-31.9103714592552,-64.5377457547189,"14","Córdoba","14007","Calamuchita","142084","Villa Ciudad Parque Los Reartes","14007270","Villa Ciudad Parque Los Reartes","Entidad"
"1400727002","Va.Ciudad Pque.Los Reartes (1° Sección)",-31.9142481412202,-64.5259122990344,"14","Córdoba","14007","Calamuchita","142084","Villa Ciudad Parque Los Reartes","14007270","Villa Ciudad Parque Los Reartes","Entidad"
"1400727003","Va.Ciudad Pque.Los Reartes (3° Sección)",-31.904934350576,-64.5613666819537,"14","Córdoba","14007","Calamuchita","142084","Villa Ciudad Parque Los Reartes","14007270","Villa Ciudad Parque Los Reartes","Entidad"
"1401401001","Jardín Arenales",-31.3685851015486,-64.0605223114939,"14","Córdoba","14014","Capital","140077","Córdoba","14014010","Córdoba","Entidad"
"1401401003","Córdoba",-31.4150461523809,-64.1791140755104,"14","Córdoba","14014","Capital","140077","Córdoba","14014010","Córdoba","Entidad"
"1402115001","Dumesnil",-31.3365282658298,-64.3371664162772,"14","Córdoba","14021","Colón","140119","La Calera","14021150","La Calera","Entidad"
"1402115002","La Calera",-31.3503560189278,-64.3379432970611,"14","Córdoba","14021","Colón","140119","La Calera","14021150","La Calera","Entidad"
"1402115003","El Diquecito",-31.351083671148,-64.3653214047373,"14","Córdoba","14021","Colón","140119","La Calera","14021150","La Calera","Entidad"
"1402125001","El Pueblito",-31.1061995831956,-64.292290098635,"14","Córdoba","14021","Colón","140161","Salsipuedes","14021250","Salsipuedes","Entidad"
"1402125002","Salsipuedes",-31.13788084948,-64.2927724360505,"14","Córdoba","14021","Colón","140161","Salsipuedes","14021250","Salsipuedes","Entidad"
"1402131001","Guiñazú Norte",-31.3077339671772,-64.1754423747112,"14","Córdoba","14021","Colón","140105","Estación Juárez Celman","14021310","Parque Norte - Guinazu Norte","Entidad"
"1402131002","Parque Norte",-31.3004990166318,-64.1769624238092,"14","Córdoba","14021","Colón","140105","Estación Juárez Celman","14021310","Parque Norte - Guinazu Norte","Entidad"
"1402131004","1° de Agosto",-31.307806181231,-64.1781444460259,"14","Córdoba","14021","Colón","140105","Estación Juárez Celman","14021310","Parque Norte - Guinazu Norte","Entidad"
"1402131005","Allmirante Brown",-31.3074897144828,-64.182727841378,"14","Córdoba","14021","Colón","140105","Estación Juárez Celman","14021310","Parque Norte - Guinazu Norte","Entidad"
"1402131006","Ciudad de los Niños",-31.2957499892587,-64.1773285131189,"14","Córdoba","14021","Colón","140105","Estación Juárez Celman","14021310","Parque Norte - Guinazu Norte","Entidad"
"1402131007","Villa Pastora",-31.3058159712823,-64.1791873163252,"14","Córdoba","14021","Colón","140105","Estación Juárez Celman","14021310","Parque Norte - Guinazu Norte","Entidad"
"1402132001","Juárez Celman",-31.2580420120475,-64.1662430936329,"14","Córdoba","14021","Colón","140105","Estación Juárez Celman","14021320","Villa Los Llanos - Juárez Celman","Entidad"
"1402132002","Villa Los Llanos",-31.2764654286199,-64.1609048856654,"14","Córdoba","14021","Colón","140105","Estación Juárez Celman","14021320","Villa Los Llanos - Juárez Celman","Entidad"
"1409102001","Bialet Massé",-31.3143488708372,-64.4615321569732,"14","Córdoba","14091","Punilla","140665","Bialet Massé","14091020","Bialet Massé","Entidad"
"1409102002","San Roque del Lago",-31.3239065791151,-64.4519728152522,"14","Córdoba","14091","Punilla","140665","Bialet Massé","14091020","Bialet Massé","Entidad"
"1413319001","Alto Resbaloso - El Barrial",-31.9602929716694,-65.065810087943,"14","Córdoba","14133","San Javier","141148","Villa de las Rosas","14133190","Villa de las Rosas","Entidad"
"1413319002","El Pueblito",-31.9578095999862,-65.0744379982192,"14","Córdoba","14133","San Javier","141148","Villa de las Rosas","14133190","Villa de las Rosas","Entidad"
"1413319003","El Valle",-31.9451679685925,-65.064491322343,"14","Córdoba","14133","San Javier","141148","Villa de las Rosas","14133190","Villa de las Rosas","Entidad"
"1413319004","Las Chacras",-31.9419650315312,-65.0251247511244,"14","Córdoba","14133","San Javier","141148","Villa de las Rosas","14133190","Villa de las Rosas","Entidad"
"1413319005","Villa de las Rosas",-31.9503622494173,-65.0539943338809,"14","Córdoba","14133","San Javier","141148","Villa de las Rosas","14133190","Villa de las Rosas","Entidad"
"1414703001","Barrio Gilbert",-31.4416722128598,-64.3180023506966,"14","Córdoba","14147","Santa María","141393","Malagueño","14147030","Barrio Gilbert (1º de Mayo)","Entidad"
"1414703002","Tejas Tres",-31.4402198498087,-64.3146100635254,"14","Córdoba","14147","Santa María","141393","Malagueño","14147030","Barrio Gilbert (1º de Mayo)","Entidad"
"1414719002","Los Cedros",-31.526484535565,-64.2814214559366,"14","Córdoba","14147","Santa María","143043","Los Cedros","14147190","Los Cedros","Entidad"
"1414731001","Barrio Villa del Parque",-31.7981315605128,-64.5163862272189,"14","Córdoba","14147","Santa María","143078","Villa Ciudad de América","14147310","Villa Ciudad de América","Entidad"
"2602103022","Kilómetro 3 - General Mosconi",-45.8396707826001,-67.4738955704894,"26","Chubut","26021","Escalante","260049","Comodoro Rivadavia","26021030","Comodoro Rivadavia","Entidad"
"1414731002","Villa Ciudad de América",-31.7832436719837,-64.5305212730134,"14","Córdoba","14147","Santa María","143078","Villa Ciudad de América","14147310","Villa Ciudad de América","Entidad"
"1414732001","Villa del Prado",-31.6184320255651,-64.3912763902413,"14","Córdoba","14147","Santa María","143085","Villa del Prado","14147320","Villa del Prado","Entidad"
"1414732002","La Donosa",-31.6213166852746,-64.3820519076151,"14","Córdoba","14147","Santa María","143085","Villa del Prado","14147320","Villa del Prado","Entidad"
"1414735001","Mi Valle",-31.5844899986475,-64.356257424977,"14","Córdoba","14147","Santa María","141410","Villa Parque Santa Ana","14147350","Villa Parque Santa Ana","Entidad"
"1414735002","Villa Parque Santa Ana",-31.5921586885257,-64.3524357073455,"14","Córdoba","14147","Santa María","141410","Villa Parque Santa Ana","14147350","Villa Parque Santa Ana","Entidad"
"2602103001","Acceso Norte",-45.7837934066429,-67.4960737067253,"26","Chubut","26021","Escalante","260049","Comodoro Rivadavia","26021030","Comodoro Rivadavia","Entidad"
"2602103002","Barrio Caleta Córdova",-45.7488001218466,-67.378767782759,"26","Chubut","26021","Escalante","260049","Comodoro Rivadavia","26021030","Comodoro Rivadavia","Entidad"
"2602103003","Caleta Olivares",-45.7751581811535,-67.3888489022003,"26","Chubut","26021","Escalante","260049","Comodoro Rivadavia","26021030","Comodoro Rivadavia","Entidad"
"2602103004","Barrio Castelli",-45.8163897245992,-67.4764194977592,"26","Chubut","26021","Escalante","260049","Comodoro Rivadavia","26021030","Comodoro Rivadavia","Entidad"
"2602103005","Barrio Ciudadela",-45.7966537301578,-67.4968830233563,"26","Chubut","26021","Escalante","260049","Comodoro Rivadavia","26021030","Comodoro Rivadavia","Entidad"
"2602103006","Barrio Gasoducto",-45.7942341647363,-67.5049449984858,"26","Chubut","26021","Escalante","260049","Comodoro Rivadavia","26021030","Comodoro Rivadavia","Entidad"
"2602103007","Barrio Güemes",-45.8222376650658,-67.4920745853454,"26","Chubut","26021","Escalante","260049","Comodoro Rivadavia","26021030","Comodoro Rivadavia","Entidad"
"2602103008","Barrio Laprida",-45.8283932353205,-67.5426438874095,"26","Chubut","26021","Escalante","260049","Comodoro Rivadavia","26021030","Comodoro Rivadavia","Entidad"
"2602103009","Barrio Manantial Rosales",-45.8184020010556,-67.5256775019651,"26","Chubut","26021","Escalante","260049","Comodoro Rivadavia","26021030","Comodoro Rivadavia","Entidad"
"2602103010","Barrio Militar y Aeropuerto",-45.791898173623,-67.470799839968,"26","Chubut","26021","Escalante","260049","Comodoro Rivadavia","26021030","Comodoro Rivadavia","Entidad"
"2602103011","Barrio Próspero Palazzo",-45.7957361705675,-67.4705730669736,"26","Chubut","26021","Escalante","260049","Comodoro Rivadavia","26021030","Comodoro Rivadavia","Entidad"
"2602103012","Barrio Restinga Alí",-45.7931574348705,-67.4078416019458,"26","Chubut","26021","Escalante","260049","Comodoro Rivadavia","26021030","Comodoro Rivadavia","Entidad"
"2602103013","Barrio Rodríguez Peña",-45.8107675422503,-67.4746310006426,"26","Chubut","26021","Escalante","260049","Comodoro Rivadavia","26021030","Comodoro Rivadavia","Entidad"
"2602103014","Barrio Saavedra",-45.8415111049113,-67.5064244994082,"26","Chubut","26021","Escalante","260049","Comodoro Rivadavia","26021030","Comodoro Rivadavia","Entidad"
"2602103015","Barrio Sarmiento",-45.8193716330644,-67.5026252890136,"26","Chubut","26021","Escalante","260049","Comodoro Rivadavia","26021030","Comodoro Rivadavia","Entidad"
"2602103016","Barrio 25 de Mayo",-45.8264075098405,-67.4632431224591,"26","Chubut","26021","Escalante","260049","Comodoro Rivadavia","26021030","Comodoro Rivadavia","Entidad"
"2602103017","Barrio Villa S.U.P.E.",-45.8364861102947,-67.5024540258022,"26","Chubut","26021","Escalante","260049","Comodoro Rivadavia","26021030","Comodoro Rivadavia","Entidad"
"2602103018","Comodoro Rivadavia",-45.8625644045819,-67.494000786158,"26","Chubut","26021","Escalante","260049","Comodoro Rivadavia","26021030","Comodoro Rivadavia","Entidad"
"2602103019","Kilómetro 5 - Presidente Ortíz",-45.8142153386233,-67.4559985151347,"26","Chubut","26021","Escalante","260049","Comodoro Rivadavia","26021030","Comodoro Rivadavia","Entidad"
"2602103020","Kilómetro 8 - Don Bosco",-45.7892312978457,-67.4312389596103,"26","Chubut","26021","Escalante","260049","Comodoro Rivadavia","26021030","Comodoro Rivadavia","Entidad"
"2602103021","Kilómetro 11 - Cuarteles",-45.7694264717128,-67.4358568293595,"26","Chubut","26021","Escalante","260049","Comodoro Rivadavia","26021030","Comodoro Rivadavia","Entidad"
"3000809001","El Brillante",-32.1795681044772,-58.213321598791,"30","Entre Ríos","30008","Colón","300014","San José","30008090","San José","Entidad"
"3000809002","El Colorado",-32.1819731193292,-58.1946826986345,"30","Entre Ríos","30008","Colón","300014","San José","30008090","San José","Entidad"
"3000809003","San José",-32.2084950261875,-58.2186724884732,"30","Entre Ríos","30008","Colón","300014","San José","30008090","San José","Entidad"
"3001506001","Benito Legerén",-31.4346390911775,-58.0719424917441,"30","Entre Ríos","30015","Concordia","300042","Concordia","30015060","Concordia","Entidad"
"3001506002","Villa Adela",-31.3982917145809,-58.0697697974359,"30","Entre Ríos","30015","Concordia","300042","Concordia","30015060","Concordia","Entidad"
"3001506003","Las Tejas",-31.4111605940935,-58.0792668875232,"30","Entre Ríos","30015","Concordia","300042","Concordia","30015060","Concordia","Entidad"
"3001506005","Concordia",-31.3974508914818,-58.0172034297914,"30","Entre Ríos","30015","Concordia","300042","Concordia","30015060","Concordia","Entidad"
"3001506007","Villa Zorraquín",-31.3218570608507,-58.0144861434651,"30","Entre Ríos","30015","Concordia","300042","Concordia","30015060","Concordia","Entidad"
"3002108001","Diamante",-32.0671282176756,-60.6426461219973,"30","Entre Ríos","30021","Diamante","300084","Diamante","30021080","Diamante","Entidad"
"3002108002","Strobel",-32.0537739076169,-60.6124866224263,"30","Entre Ríos","30021","Diamante","300084","Diamante","30021080","Diamante","Entidad"
"3002115001","Estación Puiggari",-32.0558292988722,-60.4468862677802,"30","Entre Ríos","30021","Diamante","300098","Villa Libertador San Martín","30021150","Villa Libertador San Martín","Entidad"
"3002115002","Villa Libertador San Martín",-32.0739285541973,-60.4610408161734,"30","Entre Ríos","30021","Diamante","300098","Villa Libertador San Martín","30021150","Villa Libertador San Martín","Entidad"
"3008405001","Cerrito",-31.582388959984,-60.0736871986697,"30","Entre Ríos","30084","Paraná","300294","Cerrito","30084050","Cerrito","Entidad"
"3008405002","Pueblo Moreno",-31.5870037147946,-60.0601610854207,"30","Entre Ríos","30084","Paraná","300294","Cerrito","30084050","Cerrito","Entidad"
"4604201004","Los Sarmientos",-29.1509299523349,-67.4824676820837,"46","La Rioja","46042","Chilecito","460042","Chilecito","46042010","Chilecito","Entidad"
"3403501001","Bartolomé de las Casas",-25.4090620882755,-59.5714188388511,"34","Formosa","34035","Patiño","","","34035010","Bartolomé De Las Casas","Entidad"
"3403501002","Comunidad Aborigen Bartolomé de las Casas",-25.3486802585053,-59.6122308000124,"34","Formosa","34035","Patiño","","","34035010","Bartolomé De Las Casas","Entidad"
"3801401001","Aguas Calientes",-24.5850214756868,-64.9227633011974,"38","Jujuy","38014","El Carmen","380049","Aguas Calientes","38014010","Aguas Calientes","Entidad"
"3801401002","Fleming",-24.5874693995008,-64.9235280448918,"38","Jujuy","38014","El Carmen","380049","Aguas Calientes","38014010","Aguas Calientes","Entidad"
"3801401003","Pila Pardo",-24.5824618916524,-64.9200507886571,"38","Jujuy","38014","El Carmen","380049","Aguas Calientes","38014010","Aguas Calientes","Entidad"
"3802107001","Los Nogales",-24.1169028293777,-65.4033777204213,"38","Jujuy","38021","Dr. Manuel Belgrano","380042","Yala","38021070","Yala","Entidad"
"3802107002","San Pablo de Reyes",-24.1468540136486,-65.3939437454147,"38","Jujuy","38021","Dr. Manuel Belgrano","380042","Yala","38021070","Yala","Entidad"
"3802107003","Yala",-24.1223616451894,-65.4015758458617,"38","Jujuy","38021","Dr. Manuel Belgrano","380042","Yala","38021070","Yala","Entidad"
"3803508001","Libertador General San Martín",-23.8132315352072,-64.7931971265748,"38","Jujuy","38035","Ledesma","380140","Libertador General San Martín","38035080","Libertador General San Martín","Entidad"
"3803508002","Pueblo Ledesma",-23.8346075028739,-64.7896499047357,"38","Jujuy","38035","Ledesma","380140","Libertador General San Martín","38035080","Libertador General San Martín","Entidad"
"3804204001","Palpalá",-24.259944722703,-65.2061799541843,"38","Jujuy","38042","Palpalá","380154","Palpalá","38042040","Palpalá","Entidad"
"3804204002","Río Blanco",-24.2299800132012,-65.2346020968813,"38","Jujuy","38042","Palpalá","380154","Palpalá","38042040","Palpalá","Entidad"
"3809401001","Colonia San José",-23.3937973544612,-65.3452136931126,"38","Jujuy","38094","Tilcara","386175","Huacalera","38094010","Colonia San José","Entidad"
"3809401002","Yacoraite",-23.3878061932966,-65.3446878040781,"38","Jujuy","38094","Tilcara","386175","Huacalera","38094010","Colonia San José","Entidad"
"3811208001","San José",-22.1346028583951,-65.4681564031582,"38","Jujuy","38112","Yavi","386273","Yavi","38112080","Yavi","Entidad"
"3811208002","Yavi",-22.1317190074175,-65.4613403371105,"38","Jujuy","38112","Yavi","386273","Yavi","38112080","Yavi","Entidad"
"4600701002","Machigasta",-28.5435379588255,-66.7911093070646,"46","La Rioja","46007","Arauco","460007","Arauco","46007010","Aimogasta","Entidad"
"4600701001","Aimogasta",-28.5598321349466,-66.8061775305027,"46","La Rioja","46007","Arauco","460007","Arauco","46007010","Aimogasta","Entidad"
"4600701003","San Antonio",-28.5578576011964,-66.7923388597247,"46","La Rioja","46007","Arauco","460007","Arauco","46007010","Aimogasta","Entidad"
"4602802001","Guandacol",-29.5252228612318,-68.5593095064451,"46","La Rioja","46028","General Felipe Varela","460028","General Felipe Varela","46028020","Guandacol","Entidad"
"4602802002","Santa Clara",-29.561280919834,-68.5330542580943,"46","La Rioja","46028","General Felipe Varela","460028","General Felipe Varela","46028020","Guandacol","Entidad"
"4602805001","Banda Florida",-29.3058404948469,-68.2451399795853,"46","La Rioja","46028","General Felipe Varela","460028","General Felipe Varela","46028050","Villa Unión","Entidad"
"4602805002","Villa Unión",-29.3165749850402,-68.2273993332811,"46","La Rioja","46028","General Felipe Varela","460028","General Felipe Varela","46028050","Villa Unión","Entidad"
"4604201001","Anguinán",-29.1990741866199,-67.4621457728199,"46","La Rioja","46042","Chilecito","460042","Chilecito","46042010","Chilecito","Entidad"
"4604201002","Chilecito",-29.162385830377,-67.4993074296546,"46","La Rioja","46042","Chilecito","460042","Chilecito","46042010","Chilecito","Entidad"
"4604201003","La Puntilla",-29.1595993877494,-67.4806003282644,"46","La Rioja","46042","Chilecito","460042","Chilecito","46042010","Chilecito","Entidad"
"4611901002","Amuschina",-28.5835065474117,-67.1832709934048,"46","La Rioja","46119","San Blas de Los Sauces","460119","San Blas de Los Sauces","46119010","Salicas - San Blas","Entidad"
"4611901003","Andolucas",-28.50047509401,-67.1351452318637,"46","La Rioja","46119","San Blas de Los Sauces","460119","San Blas de Los Sauces","46119010","Salicas - San Blas","Entidad"
"4611901004","Chaupihuasi",-28.3515336711124,-67.0722307328254,"46","La Rioja","46119","San Blas de Los Sauces","460119","San Blas de Los Sauces","46119010","Salicas - San Blas","Entidad"
"4611901006","Las Talas",-28.4417989310154,-67.119230714955,"46","La Rioja","46119","San Blas de Los Sauces","460119","San Blas de Los Sauces","46119010","Salicas - San Blas","Entidad"
"4611901007","Los Robles",-28.4256646545494,-67.1105646770999,"46","La Rioja","46119","San Blas de Los Sauces","460119","San Blas de Los Sauces","46119010","Salicas - San Blas","Entidad"
"4611901008","Salicas",-28.3759375312544,-67.0706516745597,"46","La Rioja","46119","San Blas de Los Sauces","460119","San Blas de Los Sauces","46119010","Salicas - San Blas","Entidad"
"4611901010","Shaqui",-28.4806277192518,-67.1284401544396,"46","La Rioja","46119","San Blas de Los Sauces","460119","San Blas de Los Sauces","46119010","Salicas - San Blas","Entidad"
"4611901011","Suriyaco",-28.5399692310612,-67.1569046720953,"46","La Rioja","46119","San Blas de Los Sauces","460119","San Blas de Los Sauces","46119010","Salicas - San Blas","Entidad"
"4611901012","Tuyubil",-28.578972848381,-67.1973939987239,"46","La Rioja","46119","San Blas de Los Sauces","460119","San Blas de Los Sauces","46119010","Salicas - San Blas","Entidad"
"4611901001","Alpasinche",-28.321596561294,-67.053908677707,"46","La Rioja","46119","San Blas de Los Sauces","460119","San Blas de Los Sauces","46119010","Salicas - San Blas","Entidad"
"4611901005","Cuipán",-28.4573410968679,-67.121585483998,"46","La Rioja","46119","San Blas de Los Sauces","460119","San Blas de Los Sauces","46119010","Salicas - San Blas","Entidad"
"4611901009","San Blas",-28.4083143830216,-67.0919352471477,"46","La Rioja","46119","San Blas de Los Sauces","460119","San Blas de Los Sauces","46119010","Salicas - San Blas","Entidad"
"5000701001","1ra Sección",-32.8876231328051,-68.8410316296807,"50","Mendoza","50007","Capital","500007","Mendoza","50007010","Mendoza","Entidad"
"5000701002","2da Sección",-32.8916260670654,-68.8409855152698,"50","Mendoza","50007","Capital","500007","Mendoza","50007010","Mendoza","Entidad"
"5000701003","3ra Sección",-32.8883061527,-68.8320926627431,"50","Mendoza","50007","Capital","500007","Mendoza","50007010","Mendoza","Entidad"
"5000701004","4ta Sección",-32.8694721188293,-68.8382664690677,"50","Mendoza","50007","Capital","500007","Mendoza","50007010","Mendoza","Entidad"
"5000701005","5ta Sección",-32.8879718887663,-68.8538156485345,"50","Mendoza","50007","Capital","500007","Mendoza","50007010","Mendoza","Entidad"
"5000701006","6ta Sección",-32.8788927457713,-68.8532574679282,"50","Mendoza","50007","Capital","500007","Mendoza","50007010","Mendoza","Entidad"
"5000701007","7ma Sección",-32.877642821815,-68.8709094556066,"50","Mendoza","50007","Capital","500007","Mendoza","50007010","Mendoza","Entidad"
"5000701009","9na Sección",-32.8841390986768,-68.8734502560761,"50","Mendoza","50007","Capital","500007","Mendoza","50007010","Mendoza","Entidad"
"5000701010","10ma Sección",-32.8707883642031,-68.8917517972674,"50","Mendoza","50007","Capital","500007","Mendoza","50007010","Mendoza","Entidad"
"5000701011","11va Sección",-32.8904351397539,-68.9112247685214,"50","Mendoza","50007","Capital","500007","Mendoza","50007010","Mendoza","Entidad"
"5000701008","8va Sección",-32.8673928037756,-68.8686395022336,"50","Mendoza","50007","Capital","500007","Mendoza","50007010","Mendoza","Entidad"
"5002101001","Ciudad de Godoy Cruz",-32.9296479324612,-68.8449315082795,"50","Mendoza","50021","Godoy Cruz","500021","Godoy Cruz","50021010","Godoy Cruz","Entidad"
"5002101003","Las Tortugas",-32.9451939945605,-68.8231022796565,"50","Mendoza","50021","Godoy Cruz","500021","Godoy Cruz","50021010","Godoy Cruz","Entidad"
"5002101004","Presidente Sarmiento",-32.9442974383425,-68.8668893529037,"50","Mendoza","50021","Godoy Cruz","500021","Godoy Cruz","50021010","Godoy Cruz","Entidad"
"5002101005","San Francisco del Monte",-32.9317347848468,-68.8326622049277,"50","Mendoza","50021","Godoy Cruz","500021","Godoy Cruz","50021010","Godoy Cruz","Entidad"
"5002101002","Gobernador Benegas",-32.9430626494947,-68.8466356635163,"50","Mendoza","50021","Godoy Cruz","500021","Godoy Cruz","50021010","Godoy Cruz","Entidad"
"5002802002","Buena Nueva",-32.897054054351,-68.7604654025916,"50","Mendoza","50028","Guaymallén","500028","Guaymallén","50028020","Guaymallén","Entidad"
"5002802003","Capilla del Rosario",-32.9067890546551,-68.7668004049907,"50","Mendoza","50028","Guaymallén","500028","Guaymallén","50028020","Guaymallén","Entidad"
"5002802004","Dorrego",-32.918910717642,-68.8330630594375,"50","Mendoza","50028","Guaymallén","500028","Guaymallén","50028020","Guaymallén","Entidad"
"5002802005","El Sauce",-32.8728636856882,-68.7537561885036,"50","Mendoza","50028","Guaymallén","500028","Guaymallén","50028020","Guaymallén","Entidad"
"5002802007","Jesús Nazareno",-32.9237921742848,-68.7823137373042,"50","Mendoza","50028","Guaymallén","500028","Guaymallén","50028020","Guaymallén","Entidad"
"5002802008","Las Cañas",-32.9116366013682,-68.8173779760814,"50","Mendoza","50028","Guaymallén","500028","Guaymallén","50028020","Guaymallén","Entidad"
"5002802009","Nueva Ciudad",-32.8937192468439,-68.8089338793612,"50","Mendoza","50028","Guaymallén","500028","Guaymallén","50028020","Guaymallén","Entidad"
"5002802011","Rodeo de la Cruz",-32.9210463916055,-68.7389029800416,"50","Mendoza","50028","Guaymallén","500028","Guaymallén","50028020","Guaymallén","Entidad"
"5002802012","San Francisco del Monte",-32.9227362551365,-68.793296207186,"50","Mendoza","50028","Guaymallén","500028","Guaymallén","50028020","Guaymallén","Entidad"
"5002802013","San José",-32.891002343834,-68.8233852433118,"50","Mendoza","50028","Guaymallén","500028","Guaymallén","50028020","Guaymallén","Entidad"
"5002802010","Pedro Molina",-32.8792929428533,-68.8207083232767,"50","Mendoza","50028","Guaymallén","500028","Guaymallén","50028020","Guaymallén","Entidad"
"5002802014","Villa Nueva",-32.8973671765486,-68.7871030299981,"50","Mendoza","50028","Guaymallén","500028","Guaymallén","50028020","Guaymallén","Entidad"
"5002802006","General Belgrano",-32.8846817221554,-68.7930308168728,"50","Mendoza","50028","Guaymallén","500028","Guaymallén","50028020","Guaymallén","Entidad"
"5004905001","Capdevila",-32.8055322826857,-68.8268897098386,"50","Mendoza","50049","Las Heras","500049","Las Heras","50049050","Las Heras","Entidad"
"5004905002","Ciudad de Las Heras",-32.8509435777421,-68.836014945095,"50","Mendoza","50049","Las Heras","500049","Las Heras","50049050","Las Heras","Entidad"
"5004905003","El Algarrobal",-32.836885004476,-68.7707577387305,"50","Mendoza","50049","Las Heras","500049","Las Heras","50049050","Las Heras","Entidad"
"5004905004","El Borbollón",-32.8065587821456,-68.7662806352765,"50","Mendoza","50049","Las Heras","500049","Las Heras","50049050","Las Heras","Entidad"
"5004905005","El Challao",-32.854641750271,-68.8929808830502,"50","Mendoza","50049","Las Heras","500049","Las Heras","50049050","Las Heras","Entidad"
"5004905008","El Resguardo",-32.8303390304647,-68.8209663176292,"50","Mendoza","50049","Las Heras","500049","Las Heras","50049050","Las Heras","Entidad"
"5004905009","El Zapallar",-32.8624796752219,-68.8056414489579,"50","Mendoza","50049","Las Heras","500049","Las Heras","50049050","Las Heras","Entidad"
"5004905010","La Cieneguita",-32.8558877491946,-68.8441750722165,"50","Mendoza","50049","Las Heras","500049","Las Heras","50049050","Las Heras","Entidad"
"5004905012","Sierras de Encalada",-32.9939522051273,-68.9327343722195,"50","Mendoza","50049","Las Heras","500049","Las Heras","50049050","Las Heras","Entidad"
"5004905007","El Plumerillo",-32.8486094901654,-68.8054574601639,"50","Mendoza","50049","Las Heras","500049","Las Heras","50049050","Las Heras","Entidad"
"5004905011","Panquehuá",-32.83951388266,-68.8315407292845,"50","Mendoza","50049","Las Heras","500049","Las Heras","50049050","Las Heras","Entidad"
"5006309001","Carrodilla",-32.9674232624478,-68.8516196087317,"50","Mendoza","50063","Luján de Cuyo","500063","Luján de Cuyo","50063090","Luján de Cuyo","Entidad"
"5006309003","Ciudad Luján de Cuyo",-33.0345495234972,-68.8845806111688,"50","Mendoza","50063","Luján de Cuyo","500063","Luján de Cuyo","50063090","Luján de Cuyo","Entidad"
"5006309004","La Puntilla",-32.9620757495015,-68.8609733262489,"50","Mendoza","50063","Luján de Cuyo","500063","Luján de Cuyo","50063090","Luján de Cuyo","Entidad"
"5006309005","Mayor Drummond",-33.0194203114596,-68.8757421386204,"50","Mendoza","50063","Luján de Cuyo","500063","Luján de Cuyo","50063090","Luján de Cuyo","Entidad"
"5006309002","Chacras de Coria",-32.9694816435606,-68.8715140834301,"50","Mendoza","50063","Luján de Cuyo","500063","Luján de Cuyo","50063090","Luján de Cuyo","Entidad"
"5006309006","Vistalba",-33.0408263233575,-68.9253619869867,"50","Mendoza","50063","Luján de Cuyo","500063","Luján de Cuyo","50063090","Luján de Cuyo","Entidad"
"5007006002","Coquimbito",-32.9709296458884,-68.7567309374964,"50","Mendoza","50070","Maipú","500070","Maipú","50070060","Maipú","Entidad"
"5007006003","General Gutiérrez",-32.9604074494578,-68.7874652844763,"50","Mendoza","50070","Maipú","500070","Maipú","50070060","Maipú","Entidad"
"5007006004","Luzuriaga",-32.9445820388825,-68.807002419649,"50","Mendoza","50070","Maipú","500070","Maipú","50070060","Maipú","Entidad"
"5007006001","Ciudad de Maipú",-32.9811590584922,-68.7951731079071,"50","Mendoza","50070","Maipú","500070","Maipú","50070060","Maipú","Entidad"
"5008407001","Cuadro Ortega",-33.2716629138512,-68.4289843897535,"50","Mendoza","50084","Rivadavia","500084","Rivadavia","50084070","La Florida","Entidad"
"5008407002","La Florida",-33.2676769205793,-68.4546922581694,"50","Mendoza","50084","Rivadavia","500084","Rivadavia","50084070","La Florida","Entidad"
"5009810001","Palmira",-33.0505033699186,-68.5609120309006,"50","Mendoza","50098","San Martín","500098","San Martín","50098100","San Martín - La Colonia","Entidad"
"5009810002","San Martín",-33.080687120099,-68.470450704339,"50","Mendoza","50098","San Martín","500098","San Martín","50098100","San Martín - La Colonia","Entidad"
"5010521002","San Rafael",-34.617774866545,-68.3356449365043,"50","Mendoza","50105","San Rafael","500105","San Rafael","50105210","San Rafael","Entidad"
"5010521001","Cuadro Nacional",-34.6171378885148,-68.2753742994292,"50","Mendoza","50105","San Rafael","500105","San Rafael","50105210","San Rafael","Entidad"
"5012606001","Tupungato",-33.3693159694486,-69.1465922989995,"50","Mendoza","50126","Tupungato","500126","Tupungato","50126060","Tupungato","Entidad"
"5012606002","Villa Bastias",-33.3508625463177,-69.1369805928994,"50","Mendoza","50126","Tupungato","500126","Tupungato","50126060","Tupungato","Entidad"
"5401403001","Dos de Mayo Núcleo I",-27.0221009167187,-54.6856072222935,"54","Misiones","54014","Cainguás","540049","Dos de Mayo","54014030","Dos de Mayo","Entidad"
"5401403002","Dos de Mayo Núcleo II",-27.0318614590439,-54.6649126897402,"54","Misiones","54014","Cainguás","540049","Dos de Mayo","54014030","Dos de Mayo","Entidad"
"5811202001","Covunco Centro",-38.7511255699126,-70.026048478261,"58","Neuquén","58112","Zapala","580238","Mariano Moreno","58112020","Mariano Moreno","Entidad"
"5811202002","Mariano Moreno",-38.7636115201935,-70.0374506173879,"58","Neuquén","58112","Zapala","580238","Mariano Moreno","58112020","Mariano Moreno","Entidad"
"6202106001","San Carlos de Bariloche",-41.1358081611304,-71.3043392567773,"62","Río Negro","62021","Bariloche","620077","San Carlos de Bariloche","62021060","San Carlos de Bariloche","Entidad"
"9002803002","Famaillá",-27.0576478657862,-65.4030561102547,"90","Tucumán","90028","Famaillá","900042","Famaillá","90028030","Famaillá","Entidad"
"6202106003","Villa Llao Llao",-41.0464476944193,-71.5147156577085,"62","Río Negro","62021","Bariloche","620077","San Carlos de Bariloche","62021060","San Carlos de Bariloche","Entidad"
"6202106002","Villa Campanario",-41.060686298268,-71.4938899793639,"62","Río Negro","62021","Bariloche","620077","San Carlos de Bariloche","62021060","San Carlos de Bariloche","Entidad"
"6204239002","Cinco Saltos",-38.8248893488532,-68.0617688136538,"62","Río Negro","62042","General Roca","620126","Cinco Saltos","62042390","Cinco Saltos","Entidad"
"6204245002","General Roca",-39.031513068627,-67.5779901574242,"62","Río Negro","62042","General Roca","620161","General Roca","62042450","General Roca","Entidad"
"6204239001","Barrio Presidente Perón",-38.8008452873057,-68.0736580257466,"62","Río Negro","62042","General Roca","620126","Cinco Saltos","62042390","Cinco Saltos","Entidad"
"6204240002","Cipolletti",-38.9347652546681,-68.0017852777819,"62","Río Negro","62042","General Roca","620133","Cipolletti","62042400","Cipolletti","Entidad"
"6204245001","Barrio Pino Azul",-39.0590846776688,-67.5848147263396,"62","Río Negro","62042","General Roca","620161","General Roca","62042450","General Roca","Entidad"
"6204240001","Barrio La Lor",-38.9351395882714,-68.0282525382075,"62","Río Negro","62042","General Roca","620133","Cipolletti","62042400","Cipolletti","Entidad"
"6602805002","Country Club La Almudena",-24.7616630929021,-65.4665724753893,"66","Salta","66028","Capital","660063","Salta","66028050","Salta","Entidad"
"6602805003","Salta",-24.7831983811283,-65.4102509654276,"66","Salta","66028","Capital","660063","Salta","66028050","Salta","Entidad"
"6602805001","Country Club El Tipal",-24.7564566727092,-65.4758471105577,"66","Salta","66028","Capital","660063","Salta","66028050","Salta","Entidad"
"6605609002","Misión Tierras Fiscales",-23.2260147116547,-64.0919626744667,"66","Salta","66056","General José de San Martín","660133","Embarcación","66056090","Embarcación","Entidad"
"6605611001","General Mosconi",-22.5995511048695,-63.8113270912528,"66","Salta","66056","General José de San Martín","660147","General Mosconi","66056110","General Mosconi","Entidad"
"7405610003","El Chorrillo",-33.2904470528437,-66.265531650787,"74","San Luis","74056","Juan Martín de Pueyrredón","740119","Juana Koslay","74056100","Juana Koslay","Entidad"
"6605609001","Embarcación",-23.2077625709462,-64.0949438566909,"66","Salta","66056","General José de San Martín","660133","Embarcación","66056090","Embarcación","Entidad"
"6605611002","Recaredo",-22.5770577021568,-63.8063168009714,"66","Salta","66056","General José de San Martín","660147","General Mosconi","66056110","General Mosconi","Entidad"
"6612602002","La Misión",-23.3733127893416,-64.4298267661685,"66","Salta","66126","Orán","660294","Colonia Santa Rosa","66126020","Colonia Santa Rosa","Entidad"
"6612602001","Colonia Santa Rosa",-23.391886839632,-64.4247058748049,"66","Salta","66126","Orán","660294","Colonia Santa Rosa","66126020","Colonia Santa Rosa","Entidad"
"7001402002","Villa Sefair",-31.4424608153609,-68.4439619164403,"70","San Juan","70014","Angaco","700014","Angaco","70014020","Villa El Salvador - Villa Sefair","Entidad"
"7001402001","Villa El Salvador",-31.455282119356,-68.4046421027422,"70","San Juan","70014","Angaco","700014","Angaco","70014020","Villa El Salvador - Villa Sefair","Entidad"
"7003504002","Los Médanos",-31.6042330867573,-68.2696340382628,"70","San Juan","70035","Caucete","700035","Caucete","70035040","Las Talas - Los Médanos","Entidad"
"7003504001","Las Talas",-31.5970077276796,-68.2739247954768,"70","San Juan","70035","Caucete","700035","Caucete","70035040","Las Talas - Los Médanos","Entidad"
"7005606003","Pampa Vieja",-30.2151857966318,-68.6879878663543,"70","San Juan","70056","Jáchal","700056","Jáchal","70056060","Pampa Vieja","Entidad"
"7005606002","La Falda",-30.1814817563673,-68.6798009591543,"70","San Juan","70056","Jáchal","700056","Jáchal","70056060","Pampa Vieja","Entidad"
"7007005002","Villa Nacusi",-31.595508846803,-68.5356375150039,"70","San Juan","70070","Pocito","700070","Pocito","70070050","Villa Barboza - Villa Nacusi","Entidad"
"7007004001","La Rinconada",-31.6904636145299,-68.5866340026227,"70","San Juan","70070","Pocito","700070","Pocito","70070040","Villa Aberastain - La Rinconada","Entidad"
"7007004002","Villa Aberastain",-31.6538304185602,-68.5759955169046,"70","San Juan","70070","Pocito","700070","Pocito","70070040","Villa Aberastain - La Rinconada","Entidad"
"7007005001","Villa Barboza",-31.592897329482,-68.5571289097553,"70","San Juan","70070","Pocito","700070","Pocito","70070050","Villa Barboza - Villa Nacusi","Entidad"
"7007701001","El Medanito",-31.5830609581602,-68.504724344984,"70","San Juan","70077","Rawson","700077","Rawson","70077010","Rawson","Entidad"
"7007701002","Rawson",-31.569169129647,-68.5417501769497,"70","San Juan","70077","Rawson","700077","Rawson","70077010","Rawson","Entidad"
"7009801002","Santa Lucía",-31.5312640960211,-68.4998317454752,"70","San Juan","70098","Santa Lucía","700098","Santa Lucía","70098010","Santa Lucía","Entidad"
"7009801001","Colonia Gutiérrez",-31.5272868342593,-68.4722227287585,"70","San Juan","70098","Santa Lucía","700098","Santa Lucía","70098010","Santa Lucía","Entidad"
"7012603001","La Chimbera",-31.8290111947623,-68.2468353167345,"70","San Juan","70126","25 de Mayo","700126","25 de Mayo","70126030","Villa Borjas - La Chimbera","Entidad"
"7012603002","Villa Borjas",-31.8140732015297,-68.3287888125891,"70","San Juan","70126","25 de Mayo","700126","25 de Mayo","70126030","Villa Borjas - La Chimbera","Entidad"
"7013301001","Villa Basilio Nievas",-31.5484646475955,-68.7293719829141,"70","San Juan","70133","Zonda","700133","Zonda","70133010","Villa Basilio Nievas","Entidad"
"7013301002","Villa Tacú",-31.5261702270259,-68.7052483931582,"70","San Juan","70133","Zonda","700133","Zonda","70133010","Villa Basilio Nievas","Entidad"
"7403508002","5ta Brigada",-33.7220140985886,-65.3807098179268,"74","San Luis","74035","General Pedernera","","","74035080","Villa Reynolds","Entidad"
"7403507001","La Ribera",-33.6919305278304,-65.5022500728767,"74","San Luis","74035","General Pedernera","740077","Villa Mercedes","74035070","Villa Mercedes","Entidad"
"7403507002","Villa Mercedes",-33.6803646800407,-65.4697478338235,"74","San Luis","74035","General Pedernera","740077","Villa Mercedes","74035070","Villa Mercedes","Entidad"
"7403508001","Country Club Los Caldenes",-33.7073372784002,-65.3835104526824,"74","San Luis","74035","General Pedernera","","","74035080","Villa Reynolds","Entidad"
"7405610004","Las Chacras",-33.2671640831953,-66.2362275881388,"74","San Luis","74056","Juan Martín de Pueyrredón","740119","Juana Koslay","74056100","Juana Koslay","Entidad"
"7405610005","San Roque",-33.2694024344067,-66.2266554796377,"74","San Luis","74056","Juan Martín de Pueyrredón","740119","Juana Koslay","74056100","Juana Koslay","Entidad"
"7405610002","Cruz de Piedra",-33.2660479910859,-66.2157798451663,"74","San Luis","74056","Juan Martín de Pueyrredón","740119","Juana Koslay","74056100","Juana Koslay","Entidad"
"7405610001","Cerro Colorado",-33.2514037047875,-66.2273612725062,"74","San Luis","74056","Juan Martín de Pueyrredón","740119","Juana Koslay","74056100","Juana Koslay","Entidad"
"8202129002","Presidente Roca",-31.2142150140904,-61.6129125462879,"82","Santa Fe","82021","Castellanos","822315","Presidente Roca","82021290","Presidente Roca","Entidad"
"8202129001","Estación Presidente Roca",-31.2321284987409,-61.6102774667774,"82","Santa Fe","82021","Castellanos","822315","Presidente Roca","82021290","Presidente Roca","Entidad"
"8206319002","Villa Adelina",-31.7210301786451,-60.8015887552447,"82","Santa Fe","82063","La Capital","820158","Sauce Viejo","82063190","Sauce Viejo","Entidad"
"8206319001","Sauce Viejo",-31.7660371876277,-60.8305595552308,"82","Santa Fe","82063","La Capital","820158","Sauce Viejo","82063190","Sauce Viejo","Entidad"
"8206303001","Arroyo Leyes",-31.5604450839944,-60.5191788520517,"82","Santa Fe","82063","La Capital","822959","Arroyo Leyes","82063030","Arroyo Leyes","Entidad"
"8206303002","Rincón Norte",-31.5718361103601,-60.5310909581548,"82","Santa Fe","82063","La Capital","822959","Arroyo Leyes","82063030","Arroyo Leyes","Entidad"
"9001410002","Villa Recaste",-26.8869216698984,-65.0069082959571,"90","Tucumán","90014","Cruz Alta","908140","Los Ralos","90014100","Los Ralos","Entidad"
"9001410001","Ex Ingenio Los Ralos",-26.8886803487373,-64.9955280855558,"90","Tucumán","90014","Cruz Alta","908140","Los Ralos","90014100","Los Ralos","Entidad"
"9001401001","Alderetes",-26.8178736293748,-65.1420185935541,"90","Tucumán","90014","Cruz Alta","900021","Alderetes","90014010","Alderetes","Entidad"
"9001410003","Villa Tercera",-26.8916971073269,-65.0125512617517,"90","Tucumán","90014","Cruz Alta","908140","Los Ralos","90014100","Los Ralos","Entidad"
"9001402002","Barrio Aeropuerto",-26.8499130983387,-65.1290403440326,"90","Tucumán","90014","Cruz Alta","900028","Banda del Río Salí","90014020","Banda del Río Salí","Entidad"
"9001408002","La Florida",-26.8188845586951,-65.0936153061334,"90","Tucumán","90014","Cruz Alta","908105","La Florida y Luisiana","90014080","La Florida","Entidad"
"9001401003","Los Gutiérrez",-26.8064448446339,-65.1414485842111,"90","Tucumán","90014","Cruz Alta","900021","Alderetes","90014010","Alderetes","Entidad"
"9001402003","Lastenia",-26.8597004363626,-65.1588895516206,"90","Tucumán","90014","Cruz Alta","900028","Banda del Río Salí","90014020","Banda del Río Salí","Entidad"
"9001406002","Ex Ingenio Esperanza",-26.8450218892077,-65.0890946482249,"90","Tucumán","90014","Cruz Alta","908084","Delfín Gallo","90014060","Delfín Gallo","Entidad"
"9001402001","Banda del Río Salí",-26.8353549165959,-65.1639725785394,"90","Tucumán","90014","Cruz Alta","900028","Banda del Río Salí","90014020","Banda del Río Salí","Entidad"
"9001406001","El Paraíso",-26.8368146479854,-65.0953051346749,"90","Tucumán","90014","Cruz Alta","908084","Delfín Gallo","90014060","Delfín Gallo","Entidad"
"9001406003","Ex Ingenio Luján",-26.8535850536239,-65.0923209449576,"90","Tucumán","90014","Cruz Alta","908084","Delfín Gallo","90014060","Delfín Gallo","Entidad"
"9001401002","El Corte",-26.8299850957777,-65.1564395996086,"90","Tucumán","90014","Cruz Alta","900021","Alderetes","90014010","Alderetes","Entidad"
"9001408001","Ingenio La Florida",-26.8160882440868,-65.0816913632633,"90","Tucumán","90014","Cruz Alta","908105","La Florida y Luisiana","90014080","La Florida","Entidad"
"9002803001","Ex Ingenio Nueva Baviera",-27.0705646218945,-65.399674305559,"90","Tucumán","90028","Famaillá","900042","Famaillá","90028030","Famaillá","Entidad"
"9006302002","El Manantial",-26.8462142271337,-65.2793442506857,"90","Tucumán","90063","Lules","908357","El Manantial","90063020","El Manantial","Entidad"
"9006302001","Barrio Araujo",-26.842003384481,-65.2722450135604,"90","Tucumán","90063","Lules","908357","El Manantial","90063020","El Manantial","Entidad"
"9007701002","Ingenio Santa Bárbara",-27.4561875743717,-65.6037142729332,"90","Tucumán","90077","Río Chico","900091","Aguilares","90077010","Aguilares","Entidad"
"9007701001","Aguilares",-27.4350836108284,-65.6149801745018,"90","Tucumán","90077","Río Chico","900091","Aguilares","90077010","Aguilares","Entidad"
"9011903001","Ex Ingenio San José",-26.8026057230127,-65.2679320128139,"90","Tucumán","90119","Yerba Buena","900133","Yerba Buena","90119030","Yerba Buena - Marcos Paz","Entidad"
"9011903002","Yerba Buena - Marcos Paz",-26.810819983931,-65.2834322486714,"90","Tucumán","90119","Yerba Buena","900133","Yerba Buena","90119030","Yerba Buena - Marcos Paz","Entidad"
"06833070","Reta",-38.8948939829726,-60.3448580643218,"06","Buenos Aires","06833","Tres Arroyos","060833","Tres Arroyos","06833070","Reta","Localidad simple"
"14056120","Olaeta",-33.0447614488897,-63.9060666446281,"14","Córdoba","14056","Juárez Celman","140448","Olaeta","14056120","Olaeta","Localidad simple"
"18028030","Tabay",-28.3081359127144,-58.2868656335838,"18","Corrientes","18028","Concepción","180049","Tabay","18028030","Tabay","Localidad simple"
"58112040","Zapala",-38.9029343545295,-70.0642112166622,"58","Neuquén","58112","Zapala","580245","Zapala","58112040","Zapala","Localidad simple"
"06686060","Rojas",-34.197742429077,-60.7337006950429,"06","Buenos Aires","06686","Rojas","060686","Rojas","06686060","Rojas","Localidad simple"
"82007020","Bouquet",-32.4236315024218,-61.8897360595799,"82","Santa Fe","82007","Belgrano","822007","Bouquet","82007020","Bouquet","Localidad simple"
"06007010","Carhué",-37.1794832647306,-62.7599903896298,"06","Buenos Aires","06007","Adolfo Alsina","060007","Adolfo Alsina","06007010","Carhué","Localidad simple"
"06007020","Colonia San Miguel Arcángel",-37.4490178803234,-63.1171563604927,"06","Buenos Aires","06007","Adolfo Alsina","060007","Adolfo Alsina","06007020","Colonia San Miguel Arcángel","Localidad simple"
"06007030","Delfín Huergo",-37.3211075196649,-63.2343847273828,"06","Buenos Aires","06007","Adolfo Alsina","060007","Adolfo Alsina","06007030","Delfín Huergo","Localidad simple"
"06007040","Espartillar",-37.3574109987361,-62.4383797934634,"06","Buenos Aires","06007","Adolfo Alsina","060007","Adolfo Alsina","06007040","Espartillar","Componente de localidad compuesta"
"06007050","Esteban Agustín Gascón",-37.4558365111846,-63.254311550389,"06","Buenos Aires","06007","Adolfo Alsina","060007","Adolfo Alsina","06007050","Esteban Agustín Gascón","Localidad simple"
"06007060","La Pala",-36.6639203566646,-63.3664656038284,"06","Buenos Aires","06007","Adolfo Alsina","060007","Adolfo Alsina","06007060","La Pala","Localidad simple"
"06007070","Maza",-36.8003160533886,-63.3392811717819,"06","Buenos Aires","06007","Adolfo Alsina","060007","Adolfo Alsina","06007070","Maza","Localidad simple"
"06007080","Rivera",-37.1605967438711,-63.2417897238929,"06","Buenos Aires","06007","Adolfo Alsina","060007","Adolfo Alsina","06007080","Rivera","Localidad simple"
"06007100","Villa Margarita",-37.4613536392238,-63.2421735240119,"06","Buenos Aires","06007","Adolfo Alsina","060007","Adolfo Alsina","06007100","Villa Margarita","Localidad simple"
"06014010","Adolfo Gonzales Chaves",-38.0323707294767,-60.0993919276647,"06","Buenos Aires","06014","Adolfo Gonzales Chaves","060014","Adolfo Gonzales Chaves","06014010","Adolfo Gonzales Chaves","Localidad simple"
"06014020","De La Garma",-37.9665417279858,-60.4167854846589,"06","Buenos Aires","06014","Adolfo Gonzales Chaves","060014","Adolfo Gonzales Chaves","06014020","De La Garma","Localidad simple"
"06014030","Juan E. Barra",-37.8200386069869,-60.48205544899,"06","Buenos Aires","06014","Adolfo Gonzales Chaves","060014","Adolfo Gonzales Chaves","06014030","Juan E. Barra","Localidad simple"
"06014040","Vásquez",-38.1758010070279,-60.1697910561822,"06","Buenos Aires","06014","Adolfo Gonzales Chaves","060014","Adolfo Gonzales Chaves","06014040","Vásquez","Localidad simple"
"06021010","Alberti",-35.0315746230118,-60.280286016609,"06","Buenos Aires","06021","Alberti","060021","Alberti","06021010","Alberti","Localidad simple"
"06021020","Coronel Seguí",-34.8674400521518,-60.3929714439828,"06","Buenos Aires","06021","Alberti","060021","Alberti","06021020","Coronel Seguí","Localidad simple"
"06021030","Mechita",-35.0673861094949,-60.4034270101324,"06","Buenos Aires","06021","Alberti","060021","Alberti","06021030","Mechita","Componente de localidad compuesta"
"06021040","Pla",-35.1228959868708,-60.2219161413029,"06","Buenos Aires","06021","Alberti","060021","Alberti","06021040","Pla","Localidad simple"
"06021050","Villa Grisolía",-35.1099999752396,-60.0702181834916,"06","Buenos Aires","06021","Alberti","060021","Alberti","06021050","Achupallas","Localidad simple"
"06021060","Villa María",-34.8882250272161,-60.3474804806501,"06","Buenos Aires","06021","Alberti","060021","Alberti","06021060","Villa María","Localidad simple"
"06021070","Villa Ortiz",-34.8445367882073,-60.3063011463663,"06","Buenos Aires","06021","Alberti","060021","Alberti","06021070","Villa Ortiz","Localidad simple"
"06028010","Almirante Brown",-34.7980138402282,-58.3843296272883,"06","Buenos Aires","06028","Almirante Brown","060028","Almirante Brown","06028010","Almirante Brown","Componente de localidad compuesta"
"06035010","Avellaneda",-34.6626945099355,-58.3651668560089,"06","Buenos Aires","06035","Avellaneda","060035","Avellaneda","06035010","Avellaneda","Componente de localidad compuesta"
"06042010","Ayacucho",-37.1527609912759,-58.4883791747028,"06","Buenos Aires","06042","Ayacucho","060042","Ayacucho","06042010","Ayacucho","Localidad simple"
"06042020","La Constancia",-37.2263465989733,-58.7601044130598,"06","Buenos Aires","06042","Ayacucho","060042","Ayacucho","06042020","La Constancia","Localidad simple"
"06042030","Solanet",-36.8428748553363,-58.5081675690146,"06","Buenos Aires","06042","Ayacucho","060042","Ayacucho","06042030","Solanet","Localidad simple"
"06042040","Udaquiola",-36.5623679036851,-58.5346963188253,"06","Buenos Aires","06042","Ayacucho","060042","Ayacucho","06042040","Udaquiola","Localidad simple"
"06049010","Ariel",-36.5314223000046,-59.921751903635,"06","Buenos Aires","06049","Azul","060049","Azul","06049010","Ariel","Localidad simple"
"06049020","Azul",-36.777446999956,-59.8634430458016,"06","Buenos Aires","06049","Azul","060049","Azul","06049020","Azul","Localidad simple"
"06049030","Cacharí",-36.3766730053896,-59.5046042167331,"06","Buenos Aires","06049","Azul","060049","Azul","06049030","Cacharí","Localidad simple"
"06049040","Chillar",-37.3128038441293,-59.985165666911,"06","Buenos Aires","06049","Azul","060049","Azul","06049040","Chillar","Localidad simple"
"06049050","16 de Julio",-37.2005149676994,-60.1646533455059,"06","Buenos Aires","06049","Azul","060049","Azul","06049050","16 de Julio","Localidad simple"
"06056010","Bahía Blanca",-38.7176050908517,-62.2654469343276,"06","Buenos Aires","06056","Bahía Blanca","060056","Bahía Blanca","06056010","Bahía Blanca","Localidad simple"
"06056020","Cabildo",-38.4851528833332,-61.8937521627044,"06","Buenos Aires","06056","Bahía Blanca","060056","Bahía Blanca","06056020","Cabildo","Localidad simple"
"06056030","General Daniel Cerri",-38.7193655455279,-62.3953089757156,"06","Buenos Aires","06056","Bahía Blanca","060056","Bahía Blanca","06056030","General Daniel Cerri","Localidad simple"
"06063010","Balcarce",-37.8463826227702,-58.2554911688579,"06","Buenos Aires","06063","Balcarce","060063","Balcarce","06063010","Balcarce","Localidad simple"
"06063020","Los Pinos",-37.9427097517635,-58.3242767397677,"06","Buenos Aires","06063","Balcarce","060063","Balcarce","06063020","Los Pinos","Localidad simple"
"06063030","Napaleofú",-37.6230706699026,-58.7463685072656,"06","Buenos Aires","06063","Balcarce","060063","Balcarce","06063030","Napaleofú","Localidad simple"
"06063040","Ramos Otero",-37.5408949196846,-58.3406051189223,"06","Buenos Aires","06063","Balcarce","060063","Balcarce","06063040","Ramos Otero","Localidad simple"
"06063050","San Agustín",-38.014111278487,-58.3559342499123,"06","Buenos Aires","06063","Balcarce","060063","Balcarce","06063050","San Agustín","Localidad simple"
"06063060","Villa Laguna La Brava",-37.8612230791642,-57.9810120239183,"06","Buenos Aires","06063","Balcarce","060063","Balcarce","06063060","Villa Laguna La Brava","Localidad simple"
"06070010","Baradero",-33.8070727746487,-59.5022278347215,"06","Buenos Aires","06070","Baradero","060070","Baradero","06070010","Baradero","Localidad simple"
"06070020","Irineo Portela",-33.9798303828433,-59.6701217083133,"06","Buenos Aires","06070","Baradero","060070","Baradero","06070020","Irineo Portela","Localidad simple"
"06070030","Santa Coloma",-34.0608712353202,-59.5602159639334,"06","Buenos Aires","06070","Baradero","060070","Baradero","06070030","Santa Coloma","Localidad simple"
"06070040","Villa Alsina",-33.9076609182152,-59.3906490653271,"06","Buenos Aires","06070","Baradero","060070","Baradero","06070040","Villa Alsina","Localidad simple"
"06077010","Arrecifes",-34.0675149078578,-60.1086915850167,"06","Buenos Aires","06077","Arrecifes","060077","Arrecifes","06077010","Arrecifes","Localidad simple"
"06077020","Todd",-34.0335541163485,-60.1552705427843,"06","Buenos Aires","06077","Arrecifes","060077","Arrecifes","06077020","Todd","Localidad simple"
"06077030","Viña",-33.9923791495617,-60.226418356914,"06","Buenos Aires","06077","Arrecifes","060077","Arrecifes","06077030","Viña","Localidad simple"
"06084010","Barker",-37.6396606486406,-59.3911291370342,"06","Buenos Aires","06084","Benito Juárez","060084","Benito Juárez","06084010","Barker","Localidad simple"
"06084020","Benito Juárez",-37.6742849744259,-59.8048051840714,"06","Buenos Aires","06084","Benito Juárez","060084","Benito Juárez","06084020","Benito Juárez","Localidad simple"
"06084030","López",-37.5522803374568,-59.6277666192398,"06","Buenos Aires","06084","Benito Juárez","060084","Benito Juárez","06084030","López","Localidad simple"
"06084040","Tedín Uriburu",-37.3642718551926,-59.7602029255285,"06","Buenos Aires","06084","Benito Juárez","060084","Benito Juárez","06084040","Tedín Uriburu","Localidad simple"
"06084050","Villa Cacique",-37.6762254442231,-59.396186471269,"06","Buenos Aires","06084","Benito Juárez","060084","Benito Juárez","06084050","Villa Cacique","Localidad simple"
"06091010","Berazategui",-34.7697910449849,-58.2261431860465,"06","Buenos Aires","06091","Berazategui","060091","Berazategui","06091010","Berazategui","Componente de localidad compuesta"
"06098010","Berisso",-34.8674606087199,-57.8886479258613,"06","Buenos Aires","06098","Berisso","060098","Berisso","06098010","Berisso","Componente de localidad compuesta"
"06105010","Hale",-36.0020643354201,-60.855489814834,"06","Buenos Aires","06105","Bolívar","060105","Bolívar","06105010","Hale","Localidad simple"
"06105020","Juan F. Ibarra",-36.3471482703942,-61.2540350435255,"06","Buenos Aires","06105","Bolívar","060105","Bolívar","06105020","Juan F. Ibarra","Localidad simple"
"06105040","Paula",-36.5035708180565,-61.0248313843972,"06","Buenos Aires","06105","Bolívar","060105","Bolívar","06105040","Paula","Localidad simple"
"06105050","Pirovano",-36.5101574870878,-61.5555189951424,"06","Buenos Aires","06105","Bolívar","060105","Bolívar","06105050","Pirovano","Localidad simple"
"06105060","San Carlos de Bolívar",-36.2298792668243,-61.1139170844785,"06","Buenos Aires","06105","Bolívar","060105","Bolívar","06105060","San Carlos de Bolívar","Localidad simple"
"06105070","Urdampilleta",-36.4316190704842,-61.420100225322,"06","Buenos Aires","06105","Bolívar","060105","Bolívar","06105070","Urdampilleta","Localidad simple"
"06105080","Villa Lynch Pueyrredón",-36.6015315731939,-61.3636659844575,"06","Buenos Aires","06105","Bolívar","060105","Bolívar","06105080","Villa Lynch Pueyrredón","Localidad simple"
"06112010","Bragado",-35.115566278564,-60.4896499896216,"06","Buenos Aires","06112","Bragado","060112","Bragado","06112010","Asamblea","Localidad simple"
"06112020","Comodoro Py",-35.3225569754525,-60.5213798412284,"06","Buenos Aires","06112","Bragado","060112","Bragado","06112020","Bragado","Localidad simple"
"06112030","General O'Brien",-34.9056096603392,-60.7605000810587,"06","Buenos Aires","06112","Bragado","060112","Bragado","06112030","Comodoro Py","Localidad simple"
"06112040","Irala",-34.7702039328676,-60.6910217502228,"06","Buenos Aires","06112","Bragado","060112","Bragado","06112040","Eduardo O'Brien","Localidad simple"
"06112050","La Limpia",-35.0800960334474,-60.5911917698263,"06","Buenos Aires","06112","Bragado","060112","Bragado","06112050","Irala","Localidad simple"
"06112060","Juan F. Salaberry",-35.0616154828316,-60.7047540548361,"06","Buenos Aires","06112","Bragado","060112","Bragado","06112060","Juan F. Salaberry","Localidad simple"
"06112070","Mechita",-35.0733790333491,-60.4118165706567,"06","Buenos Aires","06112","Bragado","060112","Bragado","06112070","La Limpia","Componente de localidad compuesta"
"06112080","Olascoaga",-35.2373944024438,-60.6110729787317,"06","Buenos Aires","06112","Bragado","060112","Bragado","06112080","Mechita","Localidad simple"
"06112090","Warnes",-34.9101336709228,-60.5389528273212,"06","Buenos Aires","06112","Bragado","060112","Bragado","06112090","Olascoaga","Localidad simple"
"06119010","Altamirano",-35.3610018403182,-58.1511580633093,"06","Buenos Aires","06119","Brandsen","060119","Brandsen","06119010","Altamirano","Localidad simple"
"06119020","Barrio Las Golondrinas",-35.0011083052829,-58.1305479447381,"06","Buenos Aires","06119","Brandsen","060119","Brandsen","06119020","Barrio Las Golondrinas","Localidad simple"
"06119030","Barrio Los Bosquecitos",-35.1037753797213,-58.1848686650614,"06","Buenos Aires","06119","Brandsen","060119","Brandsen","06119030","Barrio Los Bosquecitos","Localidad simple"
"06119040","Barrio Parque Las Acacias",-35.0985808592273,-58.2772547735395,"06","Buenos Aires","06119","Brandsen","060119","Brandsen","06119040","Barrio Parque Las Acacias","Localidad simple"
"06119050","Coronel Brandsen",-35.1679594138696,-58.2373302396352,"06","Buenos Aires","06119","Brandsen","060119","Brandsen","06119050","Coronel Brandsen","Localidad simple"
"06119060","Gómez",-35.0675425417395,-58.1660395052276,"06","Buenos Aires","06119","Brandsen","060119","Brandsen","06119060","Gómez","Localidad simple"
"06119070","Jeppener",-35.2777031071624,-58.1981445641191,"06","Buenos Aires","06119","Brandsen","060119","Brandsen","06119070","Jeppener","Localidad simple"
"06119080","Oliden",-35.1844808273675,-57.9490753520326,"06","Buenos Aires","06119","Brandsen","060119","Brandsen","06119080","Oliden","Localidad simple"
"06119090","Samborombón",-35.2194021738484,-58.2809920373285,"06","Buenos Aires","06119","Brandsen","060119","Brandsen","06119090","Samborombón","Localidad simple"
"06126010","Los Cardales",-34.3137795522174,-58.9847899100606,"06","Buenos Aires","06126","Campana","060126","Campana","06126010","Barrio Los Pioneros (Barrio Tavella)","Componente de localidad compuesta"
"06126020","Barrio Los Pioneros (Barrio Tavella)",-34.2525242125627,-58.9597435392037,"06","Buenos Aires","06126","Campana","060126","Campana","06126020","Campana","Localidad simple"
"06134010","Alejandro Petión",-34.9776113866355,-58.674550927133,"06","Buenos Aires","06134","Cañuelas","060134","Cañuelas","06134010","Alejandro Petión","Localidad simple"
"06134020","Barrio El Taladro",-35.0714515385233,-58.8653096492075,"06","Buenos Aires","06134","Cañuelas","060134","Cañuelas","06134020","Barrio El Taladro","Localidad simple"
"06134030","Cañuelas",-35.0538388296572,-58.7619911867149,"06","Buenos Aires","06134","Cañuelas","060134","Cañuelas","06134030","Barrio San Esteban - Barrio Los Pozos","Localidad simple"
"06134040","Gobernador Udaondo",-35.3026726729038,-58.5959794169719,"06","Buenos Aires","06134","Cañuelas","060134","Cañuelas","06134040","Cañuelas","Localidad simple"
"06134060","Santa Rosa",-34.9608453849923,-58.7287624590067,"06","Buenos Aires","06134","Cañuelas","060134","Cañuelas","06134060","Gobernador Udaondo","Localidad simple"
"06134070","Uribelarrea",-35.123830510974,-58.8920364419093,"06","Buenos Aires","06134","Cañuelas","060134","Cañuelas","06134070","Máximo Paz","Localidad simple"
"06134080","Vicente Casares",-34.9655362562693,-58.6518407731212,"06","Buenos Aires","06134","Cañuelas","060134","Cañuelas","06134080","Uribelarrea","Localidad simple"
"06140010","Capitán Sarmiento",-34.1712798488744,-59.7935986802151,"06","Buenos Aires","06140","Capitán Sarmiento","060140","Capitán Sarmiento","06140010","Capitán Sarmiento","Localidad simple"
"06140020","La Luisa",-34.1295652785123,-59.9264182117769,"06","Buenos Aires","06140","Capitán Sarmiento","060140","Capitán Sarmiento","06140020","La Luisa","Localidad simple"
"06147010","Bellocq",-35.9166167731588,-61.5341134960867,"06","Buenos Aires","06147","Carlos Casares","060147","Carlos Casares","06147010","Bellocq","Localidad simple"
"06147020","Cadret",-35.7715500957092,-61.3357772405074,"06","Buenos Aires","06147","Carlos Casares","060147","Carlos Casares","06147020","Cadret","Localidad simple"
"06147030","Carlos Casares",-35.6224737481197,-61.3654951307361,"06","Buenos Aires","06147","Carlos Casares","060147","Carlos Casares","06147030","Carlos Casares","Localidad simple"
"06147040","Colonia Mauricio",-35.5244413278434,-61.437092533341,"06","Buenos Aires","06147","Carlos Casares","060147","Carlos Casares","06147040","Colonia Mauricio","Localidad simple"
"06147050","Hortensia",-35.9242331792084,-61.2628507762325,"06","Buenos Aires","06147","Carlos Casares","060147","Carlos Casares","06147050","Hortensia","Localidad simple"
"06147060","La Sofía",-35.6993607609288,-61.1694384949499,"06","Buenos Aires","06147","Carlos Casares","060147","Carlos Casares","06147060","La Sofía","Localidad simple"
"06147070","Mauricio Hirsch",-35.5815738030148,-61.5268355548562,"06","Buenos Aires","06147","Carlos Casares","060147","Carlos Casares","06147070","Mauricio Hirsch","Localidad simple"
"06147080","Moctezuma",-35.4779465108435,-61.4957649156919,"06","Buenos Aires","06147","Carlos Casares","060147","Carlos Casares","06147080","Moctezuma","Localidad simple"
"06147090","Ordoqui",-35.8805704780124,-61.1601648968635,"06","Buenos Aires","06147","Carlos Casares","060147","Carlos Casares","06147090","Ordoqui","Localidad simple"
"06147100","Smith",-35.4953675166723,-61.5925224282857,"06","Buenos Aires","06147","Carlos Casares","060147","Carlos Casares","06147100","Santo Tomás","Localidad simple"
"06175010","Colón",-33.897126396729,-61.0994163618167,"06","Buenos Aires","06175","Colón","060175","Colón","06175010","Colón","Localidad simple"
"06154010","Carlos Tejedor",-35.3914863100084,-62.4199534605415,"06","Buenos Aires","06154","Carlos Tejedor","060154","Carlos Tejedor","06154010","Carlos Tejedor","Localidad simple"
"06154020","Colonia Seré",-35.4364703945579,-62.7279291284189,"06","Buenos Aires","06154","Carlos Tejedor","060154","Carlos Tejedor","06154020","Colonia Seré","Localidad simple"
"06154030","Curarú",-35.6409140591985,-62.1947037330345,"06","Buenos Aires","06154","Carlos Tejedor","060154","Carlos Tejedor","06154030","Curarú","Localidad simple"
"06154040","Timote",-35.3475472201356,-62.222942582609,"06","Buenos Aires","06154","Carlos Tejedor","060154","Carlos Tejedor","06154040","Timote","Localidad simple"
"06154050","Tres Algarrobos",-35.1955958207681,-62.7744093028291,"06","Buenos Aires","06154","Carlos Tejedor","060154","Carlos Tejedor","06154050","Tres Algarrobos","Localidad simple"
"06161010","Carmen de Areco",-34.3766620785956,-59.8226965330084,"06","Buenos Aires","06161","Carmen de Areco","060161","Carmen de Areco","06161010","Carmen de Areco","Localidad simple"
"06161020","Pueblo Gouin",-34.4935583552398,-59.8013546655888,"06","Buenos Aires","06161","Carmen de Areco","060161","Carmen de Areco","06161020","Pueblo Gouin","Localidad simple"
"06161030","Tres Sargentos",-34.4665633184272,-59.9994503481915,"06","Buenos Aires","06161","Carmen de Areco","060161","Carmen de Areco","06161030","Tres Sargentos","Localidad simple"
"06168010","Castelli",-36.0909178514273,-57.8074789990778,"06","Buenos Aires","06168","Castelli","060168","Castelli","06168010","Castelli","Localidad simple"
"06168020","Centro Guerrero",-36.055467874484,-57.8210962168972,"06","Buenos Aires","06168","Castelli","060168","Castelli","06168020","Centro Guerrero","Localidad simple"
"06168030","Cerro de la Gloria",-35.9748604509867,-57.4495354380042,"06","Buenos Aires","06168","Castelli","060168","Castelli","06168030","Cerro de la Gloria","Localidad simple"
"06175020","Villa Manuel Pomar",-33.9133660735741,-60.9423275118825,"06","Buenos Aires","06175","Colón","060175","Colón","06175020","Pearson","Componente de localidad compuesta"
"06175030","Pearson",-33.6532883192242,-60.8930583876828,"06","Buenos Aires","06175","Colón","060175","Colón","06175030","Sarasa","Localidad simple"
"06175040","Sarasa",-34.0480939107829,-61.2017243473526,"06","Buenos Aires","06175","Colón","060175","Colón","06175040","Villa Manuel Pomar","Localidad simple"
"06182050","Villa General Arias",-38.8095202261785,-62.1010009856671,"06","Buenos Aires","06182","Coronel de Marina Leonardo Rosales","060182","Coronel de Marina Leonardo Rosales","06182050","Villa General Arias","Localidad simple"
"06182010","Bajo Hondo",-38.7627964873508,-61.9205128744151,"06","Buenos Aires","06182","Coronel de Marina Leonardo Rosales","060182","Coronel de Marina Leonardo Rosales","06182010","Bajo Hondo","Localidad simple"
"06182020","Balneario Pehuen Co",-38.999893566657,-61.5536640537776,"06","Buenos Aires","06182","Coronel de Marina Leonardo Rosales","060182","Coronel de Marina Leonardo Rosales","06182020","Pehuen Co","Localidad simple"
"06182030","Punta Alta",-38.8804582193504,-62.0749966355857,"06","Buenos Aires","06182","Coronel de Marina Leonardo Rosales","060182","Coronel de Marina Leonardo Rosales","06182030","Punta Alta","Localidad simple"
"06189010","Aparicio",-38.6210723556348,-60.8828151033228,"06","Buenos Aires","06189","Coronel Dorrego","060189","Coronel Dorrego","06189010","Aparicio","Localidad simple"
"06189020","Marisol",-38.9205119659931,-60.5349933151085,"06","Buenos Aires","06189","Coronel Dorrego","060189","Coronel Dorrego","06189020","Marisol","Localidad simple"
"06189030","Coronel Dorrego",-38.7187998746166,-61.2883602472107,"06","Buenos Aires","06189","Coronel Dorrego","060189","Coronel Dorrego","06189030","Coronel Dorrego","Localidad simple"
"06189040","El Perdido",-38.6772596586861,-61.0861791676287,"06","Buenos Aires","06189","Coronel Dorrego","060189","Coronel Dorrego","06189040","El Perdido","Localidad simple"
"06189050","Faro",-38.7965246047502,-61.0703877087327,"06","Buenos Aires","06189","Coronel Dorrego","060189","Coronel Dorrego","06189050","Faro","Localidad simple"
"06189060","Irene",-38.5545755327377,-60.6962982485661,"06","Buenos Aires","06189","Coronel Dorrego","060189","Coronel Dorrego","06189060","Irene","Localidad simple"
"06189070","Oriente",-38.7443987891097,-60.6093625770066,"06","Buenos Aires","06189","Coronel Dorrego","060189","Coronel Dorrego","06189070","Oriente","Localidad simple"
"06189080","San Román",-38.7418099171263,-61.5382786434217,"06","Buenos Aires","06189","Coronel Dorrego","060189","Coronel Dorrego","06189080","Paraje La Ruta","Localidad simple"
"06196010","Coronel Pringles",-37.9856677754422,-61.3503974314576,"06","Buenos Aires","06196","Coronel Pringles","060196","Coronel Pringles","06196010","Coronel Pringles","Localidad simple"
"06196020","El Divisorio",-38.3232806651225,-61.4442755598393,"06","Buenos Aires","06196","Coronel Pringles","060196","Coronel Pringles","06196020","El Divisorio","Localidad simple"
"06196030","El Pensamiento",-38.2164777887394,-61.3148888421413,"06","Buenos Aires","06196","Coronel Pringles","060196","Coronel Pringles","06196030","El Pensamiento","Localidad simple"
"06196040","Indio Rico",-38.3304457035345,-60.8852418354866,"06","Buenos Aires","06196","Coronel Pringles","060196","Coronel Pringles","06196040","Indio Rico","Localidad simple"
"06196050","Lartigau",-38.4472093172749,-61.5668870057787,"06","Buenos Aires","06196","Coronel Pringles","060196","Coronel Pringles","06196050","Lartigau","Localidad simple"
"06203010","Cascada",-37.292500093337,-62.2971962042407,"06","Buenos Aires","06203","Coronel Suárez","060203","Coronel Suárez","06203010","Cascada","Localidad simple"
"06203020","Coronel Suárez",-37.4585289177802,-61.9328938312418,"06","Buenos Aires","06203","Coronel Suárez","060203","Coronel Suárez","06203020","Coronel Suárez","Localidad simple"
"06203030","Curamalal",-37.4842469381512,-62.1045577159859,"06","Buenos Aires","06203","Coronel Suárez","060203","Coronel Suárez","06203030","Curamalal","Localidad simple"
"06203040","D'Orbigny",-37.6765455742887,-61.707744337486,"06","Buenos Aires","06203","Coronel Suárez","060203","Coronel Suárez","06203040","D'Orbigny","Localidad simple"
"06203050","Huanguelén",-37.0588752626612,-61.9325411165077,"06","Buenos Aires","06203","Coronel Suárez","060203","Coronel Suárez","06203050","Huanguelén","Localidad simple"
"06203060","Pasman",-37.2236398494077,-62.1647546339893,"06","Buenos Aires","06203","Coronel Suárez","060203","Coronel Suárez","06203060","Pasman","Localidad simple"
"06203070","San José",-37.5083317146316,-61.9175485050706,"06","Buenos Aires","06203","Coronel Suárez","060203","Coronel Suárez","06203070","San José","Localidad simple"
"06203080","Santa María",-37.5584052464645,-61.8744494107033,"06","Buenos Aires","06203","Coronel Suárez","060203","Coronel Suárez","06203080","Santa María","Localidad simple"
"06203090","Santa Trinidad",-37.4876926359872,-61.9258558367656,"06","Buenos Aires","06203","Coronel Suárez","060203","Coronel Suárez","06203090","Santa Trinidad","Localidad simple"
"06203100","Villa La Arcadia",-38.1370301308605,-61.787362810254,"06","Buenos Aires","06203","Coronel Suárez","060203","Coronel Suárez","06203100","Villa La Arcadia","Componente de localidad compuesta"
"06210010","Castilla",-34.6133150947209,-59.9061282408254,"06","Buenos Aires","06210","Chacabuco","060210","Chacabuco","06210010","Chacabuco","Localidad simple"
"06210020","Chacabuco",-34.6420259859288,-60.4712365314463,"06","Buenos Aires","06210","Chacabuco","060210","Chacabuco","06210020","Los Ángeles","Localidad simple"
"06210030","Los Angeles",-34.4571453075658,-60.1802920837556,"06","Buenos Aires","06210","Chacabuco","060210","Chacabuco","06210030","O'Higgins","Localidad simple"
"06210040","O'Higgins",-34.5855495645367,-60.6998875515446,"06","Buenos Aires","06210","Chacabuco","060210","Chacabuco","06210040","Rawson","Localidad simple"
"06210050","Rawson",-34.6050847201737,-60.0668250412382,"06","Buenos Aires","06210","Chacabuco","060210","Chacabuco","06210050","Castilla","Localidad simple"
"06218010","Chascomús",-35.5791426682401,-58.0136734791609,"06","Buenos Aires","06218","Chascomús","060218","Chascomús","06218010","Chascomús","Localidad simple"
"06466020","Manuel J. Cobo",-35.8728655657998,-57.89698433938,"06","Buenos Aires","06466","Lezama","060466","Lezama","06466020","El Destino","Localidad simple"
"06218030","Villa Parque Girado",-35.6268500726765,-58.0146293485063,"06","Buenos Aires","06218","Chascomús","060218","Chascomús","06218030","Barrio Lomas Altas","Localidad simple"
"06224010","Chivilcoy",-34.8968958265909,-60.019091373661,"06","Buenos Aires","06224","Chivilcoy","060224","Chivilcoy","06224010","Chivilcoy","Localidad simple"
"06224020","Emilio Ayarza",-34.7437279405372,-60.0391004326896,"06","Buenos Aires","06224","Chivilcoy","060224","Chivilcoy","06224020","Emilio Ayarza","Localidad simple"
"06224030","Gorostiaga",-34.838800215557,-59.8660115870908,"06","Buenos Aires","06224","Chivilcoy","060224","Chivilcoy","06224030","Gorostiaga","Localidad simple"
"06224040","La Rica",-34.9730896262373,-59.8614129802492,"06","Buenos Aires","06224","Chivilcoy","060224","Chivilcoy","06224040","La Rica","Localidad simple"
"06224050","Moquehuá",-35.092209149403,-59.7757105008045,"06","Buenos Aires","06224","Chivilcoy","060224","Chivilcoy","06224050","Moquehuá","Localidad simple"
"06224060","Ramón Biaus",-35.0872056184083,-59.9243732016552,"06","Buenos Aires","06224","Chivilcoy","060224","Chivilcoy","06224060","Ramón Biaus","Localidad simple"
"06224070","San Sebastián",-34.942976618687,-59.702161747242,"06","Buenos Aires","06224","Chivilcoy","060224","Chivilcoy","06224070","San Sebastián","Localidad simple"
"06231010","Andant",-36.5600651584196,-62.1390192027148,"06","Buenos Aires","06231","Daireaux","060231","Daireaux","06231010","Andant","Localidad simple"
"06231020","Arboledas",-36.8831523284642,-61.4877198813931,"06","Buenos Aires","06231","Daireaux","060231","Daireaux","06231020","Arboledas","Localidad simple"
"06231030","Daireaux",-36.5996329364507,-61.7475424056289,"06","Buenos Aires","06231","Daireaux","060231","Daireaux","06231030","Daireaux","Localidad simple"
"06231040","La Larga",-36.675500343025,-61.9283363521451,"06","Buenos Aires","06231","Daireaux","060231","Daireaux","06231040","La Larga","Localidad simple"
"06231060","Salazar",-36.3071820120069,-62.2029985679908,"06","Buenos Aires","06231","Daireaux","060231","Daireaux","06231060","La Manuela","Localidad simple"
"06238010","Dolores",-36.3153891841286,-57.6754615550973,"06","Buenos Aires","06238","Dolores","060238","Dolores","06238010","Dolores","Localidad simple"
"06238020","Sevigne",-36.20692525136,-57.7426997674509,"06","Buenos Aires","06238","Dolores","060238","Dolores","06238020","Sevigné","Localidad simple"
"06245010","Ensenada",-34.8575070908626,-57.9076795213036,"06","Buenos Aires","06245","Ensenada","060245","Ensenada","06245010","Ensenada","Componente de localidad compuesta"
"06252010","Escobar",-34.3460457336529,-58.7944154645154,"06","Buenos Aires","06252","Escobar","060252","Escobar","06252010","Escobar","Componente de localidad compuesta"
"06260010","Esteban Echeverría",-34.8193895346083,-58.4659118964401,"06","Buenos Aires","06260","Esteban Echeverría","060260","Esteban Echeverría","06260010","Esteban Echeverría","Componente de localidad compuesta"
"06266010","Arroyo de la Cruz",-34.3302149358773,-59.1139730882325,"06","Buenos Aires","06266","Exaltación de la Cruz","060266","Exaltación de la Cruz","06266010","Arroyo de la Cruz","Localidad simple"
"06266050","Parada Orlando",-34.3265099562553,-59.0767486441091,"06","Buenos Aires","06266","Exaltación de la Cruz","060266","Exaltación de la Cruz","06266050","Capilla del Señor","Localidad simple"
"06266060","Parada Robles - Pavón",-34.3750874893638,-59.1232039224888,"06","Buenos Aires","06266","Exaltación de la Cruz","060266","Exaltación de la Cruz","06266060","Diego Gaynor","Localidad simple"
"06270010","Ezeiza",-34.8543939582115,-58.524757807358,"06","Buenos Aires","06270","Ezeiza","060270","Ezeiza","06270010","Ezeiza","Componente de localidad compuesta"
"06274010","Florencio Varela",-34.8044367902128,-58.2792527723518,"06","Buenos Aires","06274","Florencio Varela","060274","Florencio Varela","06274010","Florencio Varela","Componente de localidad compuesta"
"06277010","Blaquier",-34.6361633101714,-62.4777700486682,"06","Buenos Aires","06277","Florentino Ameghino","060277","Florentino Ameghino","06277010","Blaquier","Localidad simple"
"06277020","Florentino Ameghino",-34.8453724214234,-62.4671568420394,"06","Buenos Aires","06277","Florentino Ameghino","060277","Florentino Ameghino","06277020","Florentino Ameghino","Localidad simple"
"06277030","Porvenir",-34.9504133610755,-62.2237376442526,"06","Buenos Aires","06277","Florentino Ameghino","060277","Florentino Ameghino","06277030","Porvenir","Localidad simple"
"06280010","Comandante Nicanor Otamendi",-38.1105497829762,-57.8412456081091,"06","Buenos Aires","06280","General Alvarado","060280","General Alvarado","06280010","Comandante Nicanor Otamendi","Localidad simple"
"06280020","Mar del Sur",-38.3436564818437,-57.9922085405886,"06","Buenos Aires","06280","General Alvarado","060280","General Alvarado","06280020","Mar del Sur","Localidad simple"
"06280030","Mechongué",-38.1462221837222,-58.2292434320568,"06","Buenos Aires","06280","General Alvarado","060280","General Alvarado","06280030","Mechongué","Localidad simple"
"06280040","Miramar",-38.2704610177891,-57.8398544548104,"06","Buenos Aires","06280","General Alvarado","060280","General Alvarado","06280040","Miramar","Componente de localidad compuesta"
"06287010","General Alvear",-36.0217418768588,-60.0145053844846,"06","Buenos Aires","06287","General Alvear","060287","General Alvear","06287010","General Alvear","Localidad simple"
"06399020","Casbas",-36.7577003509485,-62.504382462784,"06","Buenos Aires","06399","Guaminí","060399","Guaminí","06399020","Casbas","Localidad simple"
"06294010","Arribeños",-34.2083919072983,-61.3552420947011,"06","Buenos Aires","06294","General Arenales","060294","General Arenales","06294010","Arribeños","Localidad simple"
"06294020","Ascensión",-34.2309522616024,-61.1032209784133,"06","Buenos Aires","06294","General Arenales","060294","General Arenales","06294020","Ascensión","Localidad simple"
"06294030","Estación Arenales",-34.2708851260597,-61.2936216739099,"06","Buenos Aires","06294","General Arenales","060294","General Arenales","06294030","Estación Arenales","Localidad simple"
"06294040","Ferré",-34.1225764933129,-61.1333856353918,"06","Buenos Aires","06294","General Arenales","060294","General Arenales","06294040","Ferré","Localidad simple"
"06294050","General Arenales",-34.3033240029118,-61.3070338888986,"06","Buenos Aires","06294","General Arenales","060294","General Arenales","06294050","General Arenales","Localidad simple"
"06294060","La Angelita",-34.2617939398441,-60.9661080082445,"06","Buenos Aires","06294","General Arenales","060294","General Arenales","06294060","La Angelita","Localidad simple"
"06294070","La Trinidad",-34.1070008226694,-61.1327498008198,"06","Buenos Aires","06294","General Arenales","060294","General Arenales","06294070","La Trinidad","Localidad simple"
"06301010","General Belgrano",-35.7656761988762,-58.4971632732759,"06","Buenos Aires","06301","General Belgrano","060301","General Belgrano","06301010","General Belgrano","Localidad simple"
"06301020","Gorchs",-35.672069646017,-58.958410415197,"06","Buenos Aires","06301","General Belgrano","060301","General Belgrano","06301020","Gorchs","Localidad simple"
"06308010","General Guido",-36.6431665880464,-57.7905023945179,"06","Buenos Aires","06308","General Guido","060308","General Guido","06308010","General Guido","Localidad simple"
"06308020","Labardén",-36.9489663646248,-58.10356763494,"06","Buenos Aires","06308","General Guido","060308","General Guido","06308020","Labardén","Localidad simple"
"06315010","General Juan Madariaga",-36.9952919453552,-57.1368612559837,"06","Buenos Aires","06315","General Juan Madariaga","060315","General Juan Madariaga","06315010","General Juan Madariaga","Localidad simple"
"06322010","General La Madrid",-37.2496672843438,-61.2621992088509,"06","Buenos Aires","06322","General La Madrid","060322","General La Madrid","06322010","General La Madrid","Localidad simple"
"06322020","La Colina",-37.3593869063237,-61.5357449066946,"06","Buenos Aires","06322","General La Madrid","060322","General La Madrid","06322020","La Colina","Localidad simple"
"06322030","Las Martinetas",-37.1991985887987,-61.1225497444096,"06","Buenos Aires","06322","General La Madrid","060322","General La Madrid","06322030","Las Martinetas","Localidad simple"
"06322040","Líbano",-37.532154726257,-61.2852666208524,"06","Buenos Aires","06322","General La Madrid","060322","General La Madrid","06322040","Líbano","Localidad simple"
"06322050","Pontaut",-37.7317498535758,-61.3236071513497,"06","Buenos Aires","06322","General La Madrid","060322","General La Madrid","06322050","Pontaut","Localidad simple"
"06329010","General Hornos",-34.892315571683,-58.9184657429897,"06","Buenos Aires","06329","General Las Heras","060329","General Las Heras","06329010","General Las Heras","Localidad simple"
"06329020","General Las Heras",-34.9269092899569,-58.9467069527568,"06","Buenos Aires","06329","General Las Heras","060329","General Las Heras","06329020","La Choza","Localidad simple"
"06329030","La Choza",-34.7828492176329,-59.1096523555174,"06","Buenos Aires","06329","General Las Heras","060329","General Las Heras","06329030","Plomer","Localidad simple"
"06329050","Plomer",-34.7945715031134,-59.0311609495442,"06","Buenos Aires","06329","General Las Heras","060329","General Las Heras","06329050","General Hornos","Localidad simple"
"06336020","General Lavalle",-36.4080860934361,-56.9433578443012,"06","Buenos Aires","06336","General Lavalle","060336","General Lavalle","06336020","Pavón","Localidad simple"
"06343010","Barrio Río Salado",-35.6940389294991,-58.4486418217353,"06","Buenos Aires","06343","General Paz","060343","General Paz","06343010","Loma Verde","Localidad simple"
"06343020","Loma Verde",-35.2740091575246,-58.403828253423,"06","Buenos Aires","06343","General Paz","060343","General Paz","06343020","Ranchos","Localidad simple"
"06343030","Ranchos",-35.5164055720187,-58.3188155184514,"06","Buenos Aires","06343","General Paz","060343","General Paz","06343030","Villanueva (Ap. Río Salado)","Localidad simple"
"06343040","Villanueva",-35.6753060984282,-58.4338790521827,"06","Buenos Aires","06343","General Paz","060343","General Paz","06343040","Barrio Rí­o Salado","Localidad simple"
"06351010","Colonia San Ricardo",-34.416282596243,-61.929234590371,"06","Buenos Aires","06351","General Pinto","060351","General Pinto","06351010","Iriarte","Localidad simple"
"06351020","General Pinto",-34.7643315774965,-61.8916280748092,"06","Buenos Aires","06351","General Pinto","060351","General Pinto","06351020","General Pinto","Localidad simple"
"06351030","Germania",-34.5770429359056,-62.0478372059771,"06","Buenos Aires","06351","General Pinto","060351","General Pinto","06351030","Germania","Localidad simple"
"06351040","Villa Francia",-34.790121517586,-62.2010232032348,"06","Buenos Aires","06351","General Pinto","060351","General Pinto","06351040","Günther","Localidad simple"
"06351050","Villa Roth",-34.5795848193084,-62.1713374178959,"06","Buenos Aires","06351","General Pinto","060351","General Pinto","06351050","Coronel Granada","Localidad simple"
"06357060","Barrio Santa Paula",-37.9305410654567,-57.6836403560068,"06","Buenos Aires","06357","General Pueyrredón","060357","General Pueyrredón","06357060","Barrio Santa Paula","Localidad simple"
"06357070","Batán",-38.0077620761547,-57.710503239508,"06","Buenos Aires","06357","General Pueyrredón","060357","General Pueyrredón","06357070","Batán","Localidad simple"
"06357080","Chapadmalal",-38.1709491592213,-57.6397712672908,"06","Buenos Aires","06357","General Pueyrredón","060357","General Pueyrredón","06357080","Chapadmalal","Localidad simple"
"06357090","El Marquesado",-38.2286115604581,-57.754407057278,"06","Buenos Aires","06357","General Pueyrredón","060357","General Pueyrredón","06357090","El Marquesado","Componente de localidad compuesta"
"06357100","Estación Chapadmalal",-38.0366535494497,-57.7135042951064,"06","Buenos Aires","06357","General Pueyrredón","060357","General Pueyrredón","06357100","Estacion Chapadmalal","Localidad simple"
"06357110","Mar del Plata",-37.9976105753936,-57.5481622151141,"06","Buenos Aires","06357","General Pueyrredón","060357","General Pueyrredón","06357110","Mar del Plata","Localidad simple"
"06357120","Sierra de los Padres",-37.9412879456698,-57.7753644407113,"06","Buenos Aires","06357","General Pueyrredón","060357","General Pueyrredón","06357120","Sierra de los Padres","Localidad simple"
"06364030","General Rodríguez",-34.6064310688302,-58.9521606358841,"06","Buenos Aires","06364","General Rodríguez","060364","General Rodríguez","06364030","General Rodri­guez","Componente de localidad compuesta"
"06371010","General San Martín",-34.5779100956477,-58.5386564736863,"06","Buenos Aires","06371","General San Martín","060371","General San Martín","06371010","General San Martín","Componente de localidad compuesta"
"06385010","Baigorrita",-34.7478044778318,-60.9883860604869,"06","Buenos Aires","06385","General Viamonte","060385","General Viamonte","06385010","Baigorrita","Localidad simple"
"06385020","La Delfina",-34.9432556421346,-61.1586608696719,"06","Buenos Aires","06385","General Viamonte","060385","General Viamonte","06385020","La Delfina","Localidad simple"
"06385030","Los Toldos",-34.9999708295541,-61.0387400078081,"06","Buenos Aires","06385","General Viamonte","060385","General Viamonte","06385030","Los Toldos","Localidad simple"
"06385040","San Emilio",-35.0304075257497,-60.8660730503346,"06","Buenos Aires","06385","General Viamonte","060385","General Viamonte","06385040","San Emilio","Localidad simple"
"06385050","Zavalía",-34.8950855612262,-61.005615922588,"06","Buenos Aires","06385","General Viamonte","060385","General Viamonte","06385050","Zavalía","Localidad simple"
"06392010","Banderaló",-35.0148684045152,-63.3759618191184,"06","Buenos Aires","06392","General Villegas","060392","General Villegas","06392010","Banderaó","Localidad simple"
"06392020","Cañada Seca",-34.4168172583702,-62.9608357613973,"06","Buenos Aires","06392","General Villegas","060392","General Villegas","06392020","Santa Eleodora","Localidad simple"
"06392030","Coronel Charlone",-34.6740160429651,-63.3694055384796,"06","Buenos Aires","06392","General Villegas","060392","General Villegas","06392030","Cañada Seca","Localidad simple"
"06392040","Emilio V. Bunge",-34.7835139287208,-63.1956538141881,"06","Buenos Aires","06392","General Villegas","060392","General Villegas","06392040","Emilio V. Bunge","Localidad simple"
"06392050","General Villegas",-35.0326342651802,-63.0150256475539,"06","Buenos Aires","06392","General Villegas","060392","General Villegas","06392050","Coronel Charlone","Localidad simple"
"06392060","Massey",-35.0489665819641,-63.1222119649592,"06","Buenos Aires","06392","General Villegas","060392","General Villegas","06392060","General Villegas","Localidad simple"
"06392070","Pichincha",-34.5791984775085,-62.3516306573346,"06","Buenos Aires","06392","General Villegas","060392","General Villegas","06392070","Massey","Localidad simple"
"06392080","Piedritas",-34.7672163204812,-62.9859202104131,"06","Buenos Aires","06392","General Villegas","060392","General Villegas","06392080","Pichincha","Localidad simple"
"06392090","Santa Eleodora",-34.6945082719613,-62.6955805417506,"06","Buenos Aires","06392","General Villegas","060392","General Villegas","06392090","Piedritas","Localidad simple"
"06392100","Santa Regina",-34.5495606455266,-63.1733404556288,"06","Buenos Aires","06392","General Villegas","060392","General Villegas","06392100","Santa Regina","Localidad simple"
"06392110","Villa Saboya",-34.4599722130718,-62.6492744217077,"06","Buenos Aires","06392","General Villegas","060392","General Villegas","06392110","Villa Saboya","Localidad simple"
"06392120","Villa Sauze",-35.2858574209169,-63.3686521604681,"06","Buenos Aires","06392","General Villegas","060392","General Villegas","06392120","Villa Sauze","Localidad simple"
"06399010","Arroyo Venado",-37.0821572185976,-62.5403088035724,"06","Buenos Aires","06399","Guaminí","060399","Guaminí","06399010","Arroyo Venado","Localidad simple"
"06399030","Garré",-36.5618972268973,-62.6044086067097,"06","Buenos Aires","06399","Guaminí","060399","Guaminí","06399030","Garré","Localidad simple"
"06399040","Guaminí",-37.0109209431129,-62.4222497379496,"06","Buenos Aires","06399","Guaminí","060399","Guaminí","06399040","Guaminí","Localidad simple"
"06399050","Laguna Alsina",-36.8075635644925,-62.2479661210824,"06","Buenos Aires","06399","Guaminí","060399","Guaminí","06399050","Laguna Alsina","Localidad simple"
"06406010","Henderson",-36.2981771240063,-61.7185623851795,"06","Buenos Aires","06406","Hipólito Yrigoyen","060406","Hipólito Yrigoyen","06406010","Henderson","Localidad simple"
"06406020","Herrera Vegas",-36.0875575438524,-61.4108983875355,"06","Buenos Aires","06406","Hipólito Yrigoyen","060406","Hipólito Yrigoyen","06406020","Herrera Vegas","Localidad simple"
"06408010","Hurlingham",-34.5898718839379,-58.637441025941,"06","Buenos Aires","06408","Hurlingham","060408","Hurlingham","06408010","Hurlingham","Componente de localidad compuesta"
"06410010","Ituzaingó",-34.6603884942507,-58.6661675132925,"06","Buenos Aires","06410","Ituzaingó","060410","Ituzaingó","06410010","Ituzaingo","Componente de localidad compuesta"
"06412010","José C. Paz",-34.5231938431692,-58.7519435027779,"06","Buenos Aires","06412","José C. Paz","060412","José C. Paz","06412010","Jose C. Paz","Componente de localidad compuesta"
"06413010","Agustín Roca",-34.5072540354127,-60.86489881645,"06","Buenos Aires","06413","Junín","060413","Junín","06413010","Agustina","Localidad simple"
"06413020","Agustina",-34.457840917544,-61.0664981031808,"06","Buenos Aires","06413","Junín","060413","Junín","06413020","Balneario Laguna de Gomez","Localidad simple"
"06413030","Balneario Laguna de Gómez",-34.6608964328808,-61.018683323305,"06","Buenos Aires","06413","Junín","060413","Junín","06413030","Agustí­n Roca","Localidad simple"
"06413040","Fortín Tiburcio",-34.3445360596629,-61.1285011823446,"06","Buenos Aires","06413","Junín","060413","Junín","06413040","Fortí­n Tiburcio","Localidad simple"
"06413050","Junín",-34.5939417428353,-60.9464309692372,"06","Buenos Aires","06413","Junín","060413","Junín","06413050","Juní­n","Localidad simple"
"06413060","Laplacette",-34.7231287380653,-61.1582663957053,"06","Buenos Aires","06413","Junín","060413","Junín","06413060","Laplacette","Localidad simple"
"06413080","Saforcada",-34.5728278659011,-61.074208603857,"06","Buenos Aires","06413","Junín","060413","Junín","06413080","Morse","Localidad simple"
"06420010","Las Toninas",-36.4883405821009,-56.7049719429497,"06","Buenos Aires","06420","La Costa","060420","La Costa","06420010","Las Toninas","Localidad simple"
"06420020","Mar de Ajó - San Bernardo",-36.6971329328637,-56.6811192522763,"06","Buenos Aires","06420","La Costa","060420","La Costa","06420020","Mar de Ajó - San Bernardo","Localidad simple"
"06420030","San Clemente del Tuyú",-36.3541931252553,-56.7256793076295,"06","Buenos Aires","06420","La Costa","060420","La Costa","06420030","San Clemente del Tuyú","Localidad simple"
"06420040","Santa Teresita - Mar del Tuyú",-36.5814213165689,-56.6898984493421,"06","Buenos Aires","06420","La Costa","060420","La Costa","06420040","Santa Teresita - Mar del Tuyú","Localidad simple"
"06427010","La Matanza",-34.6776067204493,-58.5610082406866,"06","Buenos Aires","06427","La Matanza","060427","La Matanza","06427010","La Matanza","Componente de localidad compuesta"
"06434010","Lanús",-34.7075553436926,-58.3911277281302,"06","Buenos Aires","06434","Lanús","060434","Lanús","06434010","Lanus","Componente de localidad compuesta"
"06441030","La Plata",-34.9213519183204,-57.9545026451864,"06","Buenos Aires","06441","La Plata","060441","La Plata","06441030","La Plata","Componente de localidad compuesta"
"06448010","Laprida",-37.5442260049415,-60.8010273264532,"06","Buenos Aires","06448","Laprida","060448","Laprida","06448010","Laprida","Localidad simple"
"06448020","Pueblo Nuevo",-37.5237012125811,-60.7740826042178,"06","Buenos Aires","06448","Laprida","060448","Laprida","06448020","Pueblo Nuevo","Localidad simple"
"06448030","Pueblo San Jorge",-37.2288613554394,-60.9610423415769,"06","Buenos Aires","06448","Laprida","060448","Laprida","06448030","Pueblo San Jorge","Localidad simple"
"06455010","Coronel Boerr",-35.9404610890436,-59.0680868874242,"06","Buenos Aires","06455","Las Flores","060455","Las Flores","06455010","Coronel Boerr","Localidad simple"
"06455020","El Trigo",-35.8802756225975,-59.4060705269642,"06","Buenos Aires","06455","Las Flores","060455","Las Flores","06455020","El Trigo","Localidad simple"
"06455030","Las Flores",-36.0142687533086,-59.0998639774757,"06","Buenos Aires","06455","Las Flores","060455","Las Flores","06455030","Las Flores","Localidad simple"
"06455040","Pardo",-36.2450411112589,-59.3650350514132,"06","Buenos Aires","06455","Las Flores","060455","Las Flores","06455040","Pardo","Localidad simple"
"06462010","Alberdi Viejo",-34.439712753893,-61.8465741560368,"06","Buenos Aires","06462","Leandro N. Alem","060462","Leandro N. Alem","06462010","Alberdi Viejo","Localidad simple"
"06462020","El Dorado",-34.6528615816264,-61.5829084882257,"06","Buenos Aires","06462","Leandro N. Alem","060462","Leandro N. Alem","06462020","El Dorado","Localidad simple"
"06462030","Fortín Acha",-34.3423483954941,-61.5151801698666,"06","Buenos Aires","06462","Leandro N. Alem","060462","Leandro N. Alem","06462030","Fortíi­n Acha","Localidad simple"
"06462040","Juan Bautista Alberdi",-34.4385163313831,-61.8120901544653,"06","Buenos Aires","06462","Leandro N. Alem","060462","Leandro N. Alem","06462040","Juan Bautista Alberdi","Localidad simple"
"06462050","Leandro N. Alem",-34.5195737450834,-61.3912224232084,"06","Buenos Aires","06462","Leandro N. Alem","060462","Leandro N. Alem","06462050","Leandro N. Alem","Localidad simple"
"06462060","Vedia",-34.4979071777374,-61.5423105969941,"06","Buenos Aires","06462","Leandro N. Alem","060462","Leandro N. Alem","06462060","Vedia","Localidad simple"
"06469010","Arenaza",-34.9850210216776,-61.7743212902483,"06","Buenos Aires","06469","Lincoln","060469","Lincoln","06469010","Arenaza","Localidad simple"
"06469020","Bayauca",-34.8674710803271,-61.2872903832123,"06","Buenos Aires","06469","Lincoln","060469","Lincoln","06469020","Bayauca","Localidad simple"
"06469030","Bermúdez",-34.6946237218582,-61.3286850690249,"06","Buenos Aires","06469","Lincoln","060469","Lincoln","06469030","Carlos Salas","Localidad simple"
"06469040","Carlos Salas",-35.3923376387191,-61.9926284372325,"06","Buenos Aires","06469","Lincoln","060469","Lincoln","06469040","Coronel Martí­nez de Hoz","Localidad simple"
"06469050","Coronel Martínez de Hoz",-35.330757064308,-61.6143052247512,"06","Buenos Aires","06469","Lincoln","060469","Lincoln","06469050","El Triunfo","Localidad simple"
"06469060","El Triunfo",-35.0898300381703,-61.5188238469414,"06","Buenos Aires","06469","Lincoln","060469","Lincoln","06469060","Las Toscas","Localidad simple"
"06469070","Las Toscas",-35.3645809214186,-61.80555020293,"06","Buenos Aires","06469","Lincoln","060469","Lincoln","06469070","Lincoln","Localidad simple"
"06469080","Lincoln",-34.868176906451,-61.5294113017458,"06","Buenos Aires","06469","Lincoln","060469","Lincoln","06469080","Pasteur","Localidad simple"
"06469090","Pasteur",-35.1413585077426,-62.2441588014858,"06","Buenos Aires","06469","Lincoln","060469","Lincoln","06469090","Roberts","Localidad simple"
"06469100","Roberts",-35.1429124620256,-61.9704389327608,"06","Buenos Aires","06469","Lincoln","060469","Lincoln","06469100","Bermúdez","Localidad simple"
"06469110","Triunvirato",-34.6757737227205,-61.4649918106555,"06","Buenos Aires","06469","Lincoln","060469","Lincoln","06469110","Triunvirato","Localidad simple"
"06476010","Arenas Verdes",-38.5450724677553,-58.5573544699775,"06","Buenos Aires","06476","Lobería","060476","Lobería","06476010","Arenas Verdes","Localidad simple"
"06476020","Licenciado Matienzo",-37.9085106220076,-58.9125542109716,"06","Buenos Aires","06476","Lobería","060476","Lobería","06476020","Licenciado Matienzo","Localidad simple"
"06476030","Lobería",-38.1633849286114,-58.7818467987101,"06","Buenos Aires","06476","Lobería","060476","Lobería","06476030","Loberí­a","Localidad simple"
"06476040","Pieres",-38.3941169343993,-58.6723766249153,"06","Buenos Aires","06476","Lobería","060476","Lobería","06476040","Pieres","Localidad simple"
"06476050","San Manuel",-37.7864858749992,-58.8484867159827,"06","Buenos Aires","06476","Lobería","060476","Lobería","06476050","San Manuel","Localidad simple"
"06476060","Tamangueyú",-38.2019905359123,-58.739146939682,"06","Buenos Aires","06476","Lobería","060476","Lobería","06476060","Tamangueyú","Localidad simple"
"06483010","Antonio Carboni",-35.2010459561701,-59.3453961078207,"06","Buenos Aires","06483","Lobos","060483","Lobos","06483010","Antonio Carboni","Localidad simple"
"06483020","Elvira",-35.2427518619546,-59.4856520939805,"06","Buenos Aires","06483","Lobos","060483","Lobos","06483020","Elvira","Localidad simple"
"06483030","Laguna de Lobos",-35.2737826395219,-59.1350643318774,"06","Buenos Aires","06483","Lobos","060483","Lobos","06483030","Laguna de Lobos","Localidad simple"
"06483040","Lobos",-35.1854255468713,-59.0978341614036,"06","Buenos Aires","06483","Lobos","060483","Lobos","06483040","Lobos","Localidad simple"
"06483050","Salvador María",-35.3006709969199,-59.170135916078,"06","Buenos Aires","06483","Lobos","060483","Lobos","06483050","Salvador Marí­a","Localidad simple"
"06490010","Lomas de Zamora",-34.7572838174373,-58.4027167976743,"06","Buenos Aires","06490","Lomas de Zamora","060490","Lomas de Zamora","06490010","Lomas de Zamora","Componente de localidad compuesta"
"06497020","Carlos Keen",-34.4867518260105,-59.2195462147262,"06","Buenos Aires","06497","Luján","060497","Luján","06497020","Luján","Localidad simple"
"06497060","Luján",-34.5633574099768,-59.1211183187438,"06","Buenos Aires","06497","Luján","060497","Luján","06497060","Club de Campo Los Puentes","Localidad simple"
"06497070","Olivera",-34.6278935952547,-59.2551997261069,"06","Buenos Aires","06497","Luján","060497","Luján","06497070","La Catalina","Localidad simple"
"06497090","Torres",-34.4309916604575,-59.1278642374609,"06","Buenos Aires","06497","Luján","060497","Luján","06497090","Estancia Las Lilas","Localidad simple"
"06505010","Atalaya",-35.0242952172867,-57.5354895064576,"06","Buenos Aires","06505","Magdalena","060505","Magdalena","06505010","Atalaya","Localidad simple"
"06505020","General Mansilla",-35.0797217208605,-57.7468870241048,"06","Buenos Aires","06505","Magdalena","060505","Magdalena","06505020","Bartolomé Bavio","Localidad simple"
"06505030","Los Naranjos",-34.9950990540733,-57.7028446401551,"06","Buenos Aires","06505","Magdalena","060505","Magdalena","06505030","Los Naranjos","Localidad simple"
"06505040","Magdalena",-35.0807393559898,-57.5176018944185,"06","Buenos Aires","06505","Magdalena","060505","Magdalena","06505040","Magdalena","Localidad simple"
"06505050","Roberto J. Payró",-35.1810553376453,-57.6535442867835,"06","Buenos Aires","06505","Magdalena","060505","Magdalena","06505050","Vieytes","Localidad simple"
"06505060","Vieytes",-35.2674644876688,-57.5749197797454,"06","Buenos Aires","06505","Magdalena","060505","Magdalena","06505060","Camping Magdalena","Localidad simple"
"06511010","Las Armas",-37.086333288103,-57.8294200706759,"06","Buenos Aires","06511","Maipú","060511","Maipú","06511010","Las Armas","Localidad simple"
"06511020","Maipú",-36.8629587024659,-57.8831233218316,"06","Buenos Aires","06511","Maipú","060511","Maipú","06511020","Maipú","Localidad simple"
"06511030","Santo Domingo",-36.7115597782752,-57.5861674511156,"06","Buenos Aires","06511","Maipú","060511","Maipú","06511030","Santo Domingo","Localidad simple"
"06515010","Malvinas Argentinas",-34.4987952014085,-58.7010876038761,"06","Buenos Aires","06515","Malvinas Argentinas","060515","Malvinas Argentinas","06515010","Malvinas Argentinas","Componente de localidad compuesta"
"06518010","Coronel Vidal",-37.446516203999,-57.7293917658395,"06","Buenos Aires","06518","Mar Chiquita","060518","Mar Chiquita","06518010","Coronel Vidal","Localidad simple"
"06518020","General Pirán",-37.2759738583428,-57.7741966376361,"06","Buenos Aires","06518","Mar Chiquita","060518","Mar Chiquita","06518020","General Pirán","Localidad simple"
"06518030","La Armonía",-37.7739863352594,-57.634189525923,"06","Buenos Aires","06518","Mar Chiquita","060518","Mar Chiquita","06518030","La Armoní­a","Localidad simple"
"06518040","Mar Chiquita",-37.7455394778204,-57.4254102752995,"06","Buenos Aires","06518","Mar Chiquita","060518","Mar Chiquita","06518040","Mar Chiquita","Localidad simple"
"06518050","Mar de Cobo",-37.7737005412934,-57.4543912474451,"06","Buenos Aires","06518","Mar Chiquita","060518","Mar Chiquita","06518050","Mar de Cobo","Localidad simple"
"06518060","Santa Clara del Mar",-37.8343801735405,-57.5074902645676,"06","Buenos Aires","06518","Mar Chiquita","060518","Mar Chiquita","06518060","Santa Clara del Mar","Localidad simple"
"06518070","Vivoratá",-37.6631550913681,-57.6681208064657,"06","Buenos Aires","06518","Mar Chiquita","060518","Mar Chiquita","06518070","Vivoratá","Localidad simple"
"06525020","Marcos Paz",-34.782495897943,-58.8378890904427,"06","Buenos Aires","06525","Marcos Paz","060525","Marcos Paz","06525020","Marcos Paz","Componente de localidad compuesta"
"06532010","Gowland",-34.6541422585061,-59.3547599003132,"06","Buenos Aires","06532","Mercedes","060532","Mercedes","06532010","Goldney","Localidad simple"
"06532020","Mercedes",-34.6507332109012,-59.43138744045,"06","Buenos Aires","06532","Mercedes","060532","Mercedes","06532020","Gowland","Localidad simple"
"06532030","Jorge Born",-34.6976769838622,-59.3185257826541,"06","Buenos Aires","06532","Mercedes","060532","Mercedes","06532030","Jorge Born","Localidad simple"
"06539010","Merlo",-34.6649832276464,-58.7279481143737,"06","Buenos Aires","06539","Merlo","060539","Merlo","06539010","Merlo","Componente de localidad compuesta"
"06547010","Abbott",-35.2813242498373,-58.8027833581267,"06","Buenos Aires","06547","Monte","060547","Monte","06547010","Abbott","Localidad simple"
"06547020","San Miguel del Monte",-35.4410438810578,-58.8034514480508,"06","Buenos Aires","06547","Monte","060547","Monte","06547020","San Miguel del Monte","Localidad simple"
"06547030","Zenón Videla Dorna",-35.5420844897832,-58.8864507537748,"06","Buenos Aires","06547","Monte","060547","Monte","06547030","Zenón Videla Dorna","Localidad simple"
"06553010","Balneario Sauce Grande",-38.9937618197022,-61.208011352374,"06","Buenos Aires","06553","Monte Hermoso","060553","Monte Hermoso","06553010","Balneario Sauce Grande","Localidad simple"
"06553020","Monte Hermoso",-38.9866632490426,-61.2909287456711,"06","Buenos Aires","06553","Monte Hermoso","060553","Monte Hermoso","06553020","Monte Hermoso","Localidad simple"
"06560010","Moreno",-34.6512923275022,-58.7900019154825,"06","Buenos Aires","06560","Moreno","060560","Moreno","06560010","Moreno","Componente de localidad compuesta"
"06568010","Morón",-34.6510579231814,-58.6218540984498,"06","Buenos Aires","06568","Morón","060568","Morón","06568010","Morón","Componente de localidad compuesta"
"06574010","José Juan Almeyra",-34.9215851673876,-59.542229637721,"06","Buenos Aires","06574","Navarro","060574","Navarro","06574010","José Juan Almeyra","Localidad simple"
"06574020","Las Marianas",-35.0529402662696,-59.5127026169849,"06","Buenos Aires","06574","Navarro","060574","Navarro","06574020","Las Marianas","Localidad simple"
"06574030","Navarro",-35.0059067153277,-59.2782839828002,"06","Buenos Aires","06574","Navarro","060574","Navarro","06574030","Navarro","Localidad simple"
"06574040","Villa Moll",-35.0779501871778,-59.6518705433013,"06","Buenos Aires","06574","Navarro","060574","Navarro","06574040","Villa Moll","Localidad simple"
"06581010","Claraz",-37.8934304125645,-59.2910695639294,"06","Buenos Aires","06581","Necochea","060581","Necochea","06581010","Claraz","Localidad simple"
"06581030","Juan N. Fernández",-38.0055227969301,-59.2639234559796,"06","Buenos Aires","06581","Necochea","060581","Necochea","06581030","Energí­a","Localidad simple"
"06581040","Necochea - Quequén",-38.5544601626934,-58.7392368204408,"06","Buenos Aires","06581","Necochea","060581","Necochea","06581040","Juan N. Fernández","Localidad simple"
"06581050","Nicanor Olivera",-38.2830519080038,-59.2027437728131,"06","Buenos Aires","06581","Necochea","060581","Necochea","06581050","Necochea - Quequen","Localidad simple"
"06581060","Ramón Santamarina",-38.449126631872,-59.3305079863938,"06","Buenos Aires","06581","Necochea","060581","Necochea","06581060","Nicanor Olivera","Localidad simple"
"06588010","Alfredo Demarchi",-35.2923551925373,-61.4058045162937,"06","Buenos Aires","06588","9 de Julio","060588","9 de Julio","06588010","Facundo Quiroga","Localidad simple"
"06588020","Carlos María Naón",-35.2371509729554,-60.8232787547967,"06","Buenos Aires","06588","9 de Julio","060588","9 de Julio","06588020","Carlos María Naón","Localidad simple"
"06588030","12 de Octubre",-35.6051664542091,-60.9191473234903,"06","Buenos Aires","06588","9 de Julio","060588","9 de Julio","06588030","12 de Octubre","Localidad simple"
"06588040","Dudignac",-35.6502676871895,-60.7095008306529,"06","Buenos Aires","06588","9 de Julio","060588","9 de Julio","06588040","Dudignac","Localidad simple"
"06588050","La Aurora",-35.4087074583601,-61.2078054655041,"06","Buenos Aires","06588","9 de Julio","060588","9 de Julio","06588050","La Niña","Localidad simple"
"06588060","Manuel B. Gonnet",-35.5179958813353,-61.0012935115833,"06","Buenos Aires","06588","9 de Julio","060588","9 de Julio","06588060","French","Localidad simple"
"06595080","Recalde",-36.6517884485627,-61.0859063265243,"06","Buenos Aires","06595","Olavarría","060595","Olavarría","06595080","Olavarrí­a","Localidad simple"
"06588070","Marcelino Ugarte",-35.3516198354707,-60.745070287461,"06","Buenos Aires","06588","9 de Julio","060588","9 de Julio","06588070","Dennehy","Localidad simple"
"06588080","Morea",-35.554541699943,-60.5620254403177,"06","Buenos Aires","06588","9 de Julio","060588","9 de Julio","06588080","Morea","Localidad simple"
"06588090","Norumbega",-35.5351190598706,-60.7943911921044,"06","Buenos Aires","06588","9 de Julio","060588","9 de Julio","06588090","Norumbega","Localidad simple"
"06588100","9 de Julio",-35.4439352795847,-60.8846274846021,"06","Buenos Aires","06588","9 de Julio","060588","9 de Julio","06588100","9 de Julio","Localidad simple"
"06588110","Patricios",-35.4412193660893,-60.7165496192443,"06","Buenos Aires","06588","9 de Julio","060588","9 de Julio","06588110","Patricios","Localidad simple"
"06588120","Villa Fournier",-35.4989206034073,-60.8749637021148,"06","Buenos Aires","06588","9 de Julio","060588","9 de Julio","06588120","El Provincial","Localidad simple"
"06595040","Colonia San Miguel",-36.9487547831548,-60.1114443173938,"06","Buenos Aires","06595","Olavarría","060595","Olavarría","06595040","Colonia Nievas","Localidad simple"
"06595050","Espigas",-36.4129582824455,-60.6731489571588,"06","Buenos Aires","06595","Olavarría","060595","Olavarría","06595050","Colonia San Miguel","Localidad simple"
"06595060","Hinojo",-36.865843179941,-60.1602819975195,"06","Buenos Aires","06595","Olavarría","060595","Olavarría","06595060","Espigas","Localidad simple"
"06595070","Olavarría",-36.8938423224315,-60.3231937143701,"06","Buenos Aires","06595","Olavarría","060595","Olavarría","06595070","Hinojo","Localidad simple"
"06595090","Santa Luisa",-37.1256598041934,-60.4164510128605,"06","Buenos Aires","06595","Olavarría","060595","Olavarría","06595090","Recalde","Localidad simple"
"06595100","Sierra Chica",-36.8448834486469,-60.2267518257223,"06","Buenos Aires","06595","Olavarría","060595","Olavarría","06595100","Santa Luisa","Localidad simple"
"06595110","Sierras Bayas",-36.9366119076407,-60.1560578773282,"06","Buenos Aires","06595","Olavarría","060595","Olavarría","06595110","Sierra Chica","Localidad simple"
"06595120","Villa Alfredo Fortabat",-36.9810049379081,-60.2786017240524,"06","Buenos Aires","06595","Olavarría","060595","Olavarría","06595120","Sierras Bayas","Localidad simple"
"06595130","Villa La Serranía",-36.9892812502774,-60.311291456649,"06","Buenos Aires","06595","Olavarría","060595","Olavarría","06595130","Villa Alfredo Fortabat","Localidad simple"
"06602010","Bahía San Blas",-40.5546481170889,-62.2367631095421,"06","Buenos Aires","06602","Patagones","060602","Patagones","06602010","Bahí­a San Blas","Localidad simple"
"06602020","Cardenal Cagliero",-40.6501557795596,-62.755627171392,"06","Buenos Aires","06602","Patagones","060602","Patagones","06602020","Cardenal Cagliero","Localidad simple"
"06602030","Carmen de Patagones",-40.8025151532734,-62.983602185804,"06","Buenos Aires","06602","Patagones","060602","Patagones","06602030","Carmen de Patagones","Componente de localidad compuesta"
"06602040","José B. Casas",-40.4353207016459,-62.5441230494014,"06","Buenos Aires","06602","Patagones","060602","Patagones","06602040","José B. Casas","Localidad simple"
"06602050","Juan A. Pradere",-39.6024515767254,-62.6527946396309,"06","Buenos Aires","06602","Patagones","060602","Patagones","06602050","Juan A. Pradere","Localidad simple"
"06602060","Stroeder",-40.1858292011627,-62.6202476591912,"06","Buenos Aires","06602","Patagones","060602","Patagones","06602060","Stroeder","Localidad simple"
"06602070","Villalonga",-39.9175740352919,-62.6187706882177,"06","Buenos Aires","06602","Patagones","060602","Patagones","06602070","Villalonga","Localidad simple"
"06609010","Capitán Castro",-35.9124084633725,-62.224227990124,"06","Buenos Aires","06609","Pehuajó","060609","Pehuajó","06609010","Capitán Castro","Localidad simple"
"06609020","San Esteban",-35.7315143138008,-61.7422421588753,"06","Buenos Aires","06609","Pehuajó","060609","Pehuajó","06609020","Inocencio Sosa","Localidad simple"
"06609030","Francisco Madero",-35.8493979220261,-62.0666472050596,"06","Buenos Aires","06609","Pehuajó","060609","Pehuajó","06609030","Juan José Paso","Localidad simple"
"06609040","Juan José Paso",-35.849370285201,-62.2947176314047,"06","Buenos Aires","06609","Pehuajó","060609","Pehuajó","06609040","Magdala","Localidad simple"
"06609050","Magdala",-36.084476688221,-61.7223293921874,"06","Buenos Aires","06609","Pehuajó","060609","Pehuajó","06609050","Mones Cazón","Localidad simple"
"06609060","Mones Cazón",-36.2277491251375,-62.0067386213215,"06","Buenos Aires","06609","Pehuajó","060609","Pehuajó","06609060","Nueva Plata","Localidad simple"
"06609070","Nueva Plata",-35.9186496444174,-61.8135475100609,"06","Buenos Aires","06609","Pehuajó","060609","Pehuajó","06609070","Pehuajo","Localidad simple"
"06609080","Pehuajó",-35.8108053325158,-61.8989682130088,"06","Buenos Aires","06609","Pehuajó","060609","Pehuajó","06609080","Francisco Madero","Localidad simple"
"06609090","San Bernardo",-35.7149184194011,-61.6499689641487,"06","Buenos Aires","06609","Pehuajó","060609","Pehuajó","06609090","Guanaco","Localidad simple"
"06616010","Bocayuva",-36.2060995361368,-63.077533215168,"06","Buenos Aires","06616","Pellegrini","060616","Pellegrini","06616010","Bocayuva","Localidad simple"
"06616020","De Bary",-36.3405018944918,-63.2596740754861,"06","Buenos Aires","06616","Pellegrini","060616","Pellegrini","06616020","De Bary","Localidad simple"
"06616030","Pellegrini",-36.2679141882286,-63.164721899616,"06","Buenos Aires","06616","Pellegrini","060616","Pellegrini","06616030","Pellegrini","Localidad simple"
"06623010","Acevedo",-33.7550385031659,-60.4399592941223,"06","Buenos Aires","06623","Pergamino","060623","Pergamino","06623010","Acevedo","Localidad simple"
"06623020","Fontezuela",-33.912063973022,-60.4600333437368,"06","Buenos Aires","06623","Pergamino","060623","Pergamino","06623020","Villa San José","Localidad simple"
"06623030","Guerrico",-33.6761292533535,-60.4001651448795,"06","Buenos Aires","06623","Pergamino","060623","Pergamino","06623030","Guerrico","Localidad simple"
"06623040","Juan A. de la Peña",-33.8313815436909,-60.4879689960145,"06","Buenos Aires","06623","Pergamino","060623","Pergamino","06623040","Juan A. de la Peña","Localidad simple"
"06623050","Juan Anchorena",-33.9243095039946,-60.3828396641755,"06","Buenos Aires","06623","Pergamino","060623","Pergamino","06623050","Urquiza","Localidad simple"
"06623060","La Violeta",-33.733064625315,-60.1685122078304,"06","Buenos Aires","06623","Pergamino","060623","Pergamino","06623060","La Violeta","Localidad simple"
"06623070","Manuel Ocampo",-33.7649964204955,-60.6510366023021,"06","Buenos Aires","06623","Pergamino","060623","Pergamino","06623070","Manuel Ocampo","Localidad simple"
"06623080","Mariano Benítez",-33.7078470960533,-60.5834220063022,"06","Buenos Aires","06623","Pergamino","060623","Pergamino","06623080","Mariano Bení­tez","Localidad simple"
"06623090","Mariano H. Alfonzo",-33.9135085343931,-60.8371254638542,"06","Buenos Aires","06623","Pergamino","060623","Pergamino","06623090","Mariano H. Alfonzo","Localidad simple"
"06623100","Pergamino",-33.8911091446081,-60.5745861929678,"06","Buenos Aires","06623","Pergamino","060623","Pergamino","06623100","Pergamino","Localidad simple"
"06623110","Pinzón",-33.9932846578948,-60.7306613975388,"06","Buenos Aires","06623","Pergamino","060623","Pergamino","06623110","Pinzón","Localidad simple"
"06623120","Rancagua",-34.0297933472989,-60.5028154647208,"06","Buenos Aires","06623","Pergamino","060623","Pergamino","06623120","Rancagua","Localidad simple"
"06623130","Villa Angélica",-33.6637017696942,-60.7085799617903,"06","Buenos Aires","06623","Pergamino","060623","Pergamino","06623130","El socorro","Localidad simple"
"06623140","Villa San José",-34.0916679309077,-60.4135037959232,"06","Buenos Aires","06623","Pergamino","060623","Pergamino","06623140","Fontezuela","Componente de localidad compuesta"
"06630010","Casalins",-36.3163608052112,-58.5514293687728,"06","Buenos Aires","06630","Pila","060630","Pila","06630010","Pila","Localidad simple"
"06630020","Pila",-36.0041852414953,-58.141067696489,"06","Buenos Aires","06630","Pila","060630","Pila","06630020","Casalins","Localidad simple"
"06638040","Pilar",-34.4586965255936,-58.913967911731,"06","Buenos Aires","06638","Pilar","060638","Pilar","06638040","Pilar","Componente de localidad compuesta"
"06644010","Pinamar",-37.1110811163979,-56.8652336891716,"06","Buenos Aires","06644","Pinamar","060644","Pinamar","06644010","Pinamar","Localidad simple"
"06648010","Presidente Perón",-34.9177719255835,-58.3792995365501,"06","Buenos Aires","06648","Presidente Perón","060648","Presidente Perón","06648010","Presidente Perón","Componente de localidad compuesta"
"06651010","Azopardo",-37.7042147933042,-62.9012860076337,"06","Buenos Aires","06651","Puán","060651","Puán","06651010","Azopardo","Localidad simple"
"06651020","Bordenave",-37.8055147094651,-63.0433735782465,"06","Buenos Aires","06651","Puán","060651","Puán","06651020","Bordenave","Localidad simple"
"06651030","Darregueira",-37.6894529983703,-63.1610268101447,"06","Buenos Aires","06651","Puán","060651","Puán","06651030","Darregueira","Localidad simple"
"06651040","17 de Agosto",-37.9097506905124,-62.935638980217,"06","Buenos Aires","06651","Puán","060651","Puán","06651040","Estela","Localidad simple"
"06651050","Estela",-38.1099152231,-62.9147830517742,"06","Buenos Aires","06651","Puán","060651","Puán","06651050","Felipe Solá","Localidad simple"
"06651060","Felipe Solá",-38.0092406586158,-62.8224206965566,"06","Buenos Aires","06651","Puán","060651","Puán","06651060","López Lecube","Localidad simple"
"06651070","López Lecube",-38.1194939806378,-62.7262061182875,"06","Buenos Aires","06651","Puán","060651","Puán","06651070","Puán","Localidad simple"
"06651080","Puán",-37.5480950158685,-62.7683364676841,"06","Buenos Aires","06651","Puán","060651","Puán","06651080","San Germán","Localidad simple"
"06651090","San Germán",-38.3017590568014,-62.9812849309099,"06","Buenos Aires","06651","Puán","060651","Puán","06651090","Erize","Localidad simple"
"06651100","Villa Castelar",-37.3949214240607,-62.8034443473684,"06","Buenos Aires","06651","Puán","060651","Puán","06651100","17 de Agosto","Localidad simple"
"06651110","Villa Iris",-38.1717529535533,-63.2353429054024,"06","Buenos Aires","06651","Puán","060651","Puán","06651110","Villa Iris","Localidad simple"
"06655010","Alvarez Jonte",-35.321734804158,-57.4539642083357,"06","Buenos Aires","06655","Punta Indio","060655","Punta Indio","06655010","Álvarez Jonte","Localidad simple"
"06655030","Pipinas",-35.5301976285515,-57.3283242927271,"06","Buenos Aires","06655","Punta Indio","060655","Punta Indio","06655030","Punta Indio","Localidad simple"
"06655040","Punta Indio",-35.2685627801267,-57.2474704888542,"06","Buenos Aires","06655","Punta Indio","060655","Punta Indio","06655040","Verónica","Localidad simple"
"06655050","Verónica",-35.3874096593697,-57.3381716096861,"06","Buenos Aires","06655","Punta Indio","060655","Punta Indio","06655050","Base Aeronaval Punta Indio","Localidad simple"
"06658010","Quilmes",-34.7188582530574,-58.2603653095576,"06","Buenos Aires","06658","Quilmes","060658","Quilmes","06658010","Quilmes","Componente de localidad compuesta"
"06665010","El Paraíso",-33.5704240216028,-59.9780284218687,"06","Buenos Aires","06665","Ramallo","060665","Ramallo","06665010","El Paraí­so","Localidad simple"
"06665020","Las Bahamas",-33.6376750106,-59.9888547756034,"06","Buenos Aires","06665","Ramallo","060665","Ramallo","06665020","Las Bahamas","Localidad simple"
"06665030","Pérez Millán",-33.7701939258864,-60.0937410521656,"06","Buenos Aires","06665","Ramallo","060665","Ramallo","06665030","Pérez Milán","Localidad simple"
"06665040","Ramallo",-33.4852021182933,-60.0044384241728,"06","Buenos Aires","06665","Ramallo","060665","Ramallo","06665040","Ramallo","Localidad simple"
"06665050","Villa General Savio",-33.4359779795503,-60.1464497657147,"06","Buenos Aires","06665","Ramallo","060665","Ramallo","06665050","Villa General Savio","Localidad simple"
"06665060","Villa Ramallo",-33.49803273822,-60.0655531078037,"06","Buenos Aires","06665","Ramallo","060665","Ramallo","06665060","Villa Ramallo","Localidad simple"
"06672010","Rauch",-36.7744147068395,-59.0882891429717,"06","Buenos Aires","06672","Rauch","060672","Rauch","06672010","Rauch","Localidad simple"
"06679010","América",-35.4891640479858,-62.9758916831348,"06","Buenos Aires","06679","Rivadavia","060679","Rivadavia","06679010","Fortí­n Olavarría","Localidad simple"
"06679020","Fortín Olavarría",-35.7026243197771,-63.0240574481296,"06","Buenos Aires","06679","Rivadavia","060679","Rivadavia","06679020","González Moreno","Localidad simple"
"06679030","González Moreno",-35.5552866415641,-63.3802912122609,"06","Buenos Aires","06679","Rivadavia","060679","Rivadavia","06679030","Mira Pampa","Localidad simple"
"06679040","Mira Pampa",-35.8701943036054,-63.3736716297124,"06","Buenos Aires","06679","Rivadavia","060679","Rivadavia","06679040","América","Localidad simple"
"06679050","Roosevelt",-35.8468999842255,-63.2909563505954,"06","Buenos Aires","06679","Rivadavia","060679","Rivadavia","06679050","Roosevelt","Localidad simple"
"06679060","San Mauricio",-35.5107731942751,-63.1882852945036,"06","Buenos Aires","06679","Rivadavia","060679","Rivadavia","06679060","San Mauricio","Localidad simple"
"06679070","Sansinena",-35.2743908183915,-63.2143255753942,"06","Buenos Aires","06679","Rivadavia","060679","Rivadavia","06679070","Sansinena","Localidad simple"
"06679080","Sundblad",-35.7645483584805,-63.1402093438199,"06","Buenos Aires","06679","Rivadavia","060679","Rivadavia","06679080","Sundblad","Localidad simple"
"06686010","La Beba",-34.1541391001149,-61.011284299162,"06","Buenos Aires","06686","Rojas","060686","Rojas","06686010","La Beba","Localidad simple"
"06686020","Las Carabelas",-34.0368745251476,-60.8676211940846,"06","Buenos Aires","06686","Rojas","060686","Rojas","06686020","Las Carabelas","Localidad simple"
"06686030","Los Indios",-34.3718154854636,-60.6540749236981,"06","Buenos Aires","06686","Rojas","060686","Rojas","06686030","Los Indios","Localidad simple"
"06686040","Rafael Obligado",-34.3596457098675,-60.7837899544284,"06","Buenos Aires","06686","Rojas","060686","Rojas","06686040","Rafael Obligado","Localidad simple"
"06686050","Roberto Cano",-34.087718856831,-60.6676797814963,"06","Buenos Aires","06686","Rojas","060686","Rojas","06686050","Roberto Cano","Localidad simple"
"06686070","Sol de Mayo",-34.2689702155468,-60.8722564717847,"06","Buenos Aires","06686","Rojas","060686","Rojas","06686070","Sol de Mayo","Localidad simple"
"06686080","Villa Manuel Pomar",-33.915451901214,-60.9383442419377,"06","Buenos Aires","06686","Rojas","060686","Rojas","06686080","Villa Manuel Pomar","Componente de localidad compuesta"
"06693010","Carlos Beguerie",-35.4856392097213,-59.0997695658079,"06","Buenos Aires","06693","Roque Pérez","060693","Roque Pérez","06693010","Carlos Beguerie","Localidad simple"
"06693020","Roque Pérez",-35.4005763060432,-59.3348321510909,"06","Buenos Aires","06693","Roque Pérez","060693","Roque Pérez","06693020","Roque Pérez","Localidad simple"
"06770020","Obligado",-33.5968120004883,-59.8176936406853,"06","Buenos Aires","06770","San Pedro","060770","San Pedro","06770020","Ingeniero Moneta","Localidad simple"
"06700010","Arroyo Corto",-37.51488223008,-62.3122486493154,"06","Buenos Aires","06700","Saavedra","060700","Saavedra","06700010","Arroyo Corto","Localidad simple"
"06700020","Colonia San Martín",-37.9768634201524,-62.33248362465,"06","Buenos Aires","06700","Saavedra","060700","Saavedra","06700020","Dufaur","Localidad simple"
"06700030","Dufaur",-37.9428114794239,-62.2830886448847,"06","Buenos Aires","06700","Saavedra","060700","Saavedra","06700030","Espartillar","Localidad simple"
"06700040","Espartillar",-37.3611255964229,-62.4338504694523,"06","Buenos Aires","06700","Saavedra","060700","Saavedra","06700040","Goyena","Componente de localidad compuesta"
"06700050","Goyena",-37.7210187708495,-62.6064548472965,"06","Buenos Aires","06700","Saavedra","060700","Saavedra","06700050","Pigüé","Localidad simple"
"06700060","Pigüé",-37.6025487129648,-62.4083614847022,"06","Buenos Aires","06700","Saavedra","060700","Saavedra","06700060","Saavedra","Localidad simple"
"06700070","Saavedra",-37.7613769091951,-62.3486388910383,"06","Buenos Aires","06700","Saavedra","060700","Saavedra","06700070","Las Encadenadas","Localidad simple"
"06707010","Álvarez de Toledo",-35.6393730456478,-59.6311412076099,"06","Buenos Aires","06707","Saladillo","060707","Saladillo","06707010","Álvarez de Toledo","Localidad simple"
"06707030","Cazón",-35.5770988512804,-59.6619477131897,"06","Buenos Aires","06707","Saladillo","060707","Saladillo","06707030","Del Carril","Localidad simple"
"06707040","Del Carril",-35.5080172172452,-59.5137164479448,"06","Buenos Aires","06707","Saladillo","060707","Saladillo","06707040","Polvaredas","Localidad simple"
"06707050","Polvaredas",-35.5945542362794,-59.5069645738994,"06","Buenos Aires","06707","Saladillo","060707","Saladillo","06707050","Saladillo","Localidad simple"
"06714010","Arroyo Dulce",-34.1013884863046,-60.4087773379244,"06","Buenos Aires","06714","Salto","060714","Salto","06714010","Arroyo Dulce","Componente de localidad compuesta"
"06714020","Berdier",-34.3979341962246,-60.2595705520168,"06","Buenos Aires","06714","Salto","060714","Salto","06714020","Berdier","Localidad simple"
"06714030","Gahan",-34.3382330038569,-60.1012149576705,"06","Buenos Aires","06714","Salto","060714","Salto","06714030","Gahan","Localidad simple"
"06714040","Inés Indart",-34.3962925470533,-60.5368496522854,"06","Buenos Aires","06714","Salto","060714","Salto","06714040","Inés Indart","Localidad simple"
"06714050","La Invencible",-34.2670181288751,-60.3858028206226,"06","Buenos Aires","06714","Salto","060714","Salto","06714050","La Invencible","Localidad simple"
"06714060","Salto",-34.2917463137732,-60.254502487545,"06","Buenos Aires","06714","Salto","060714","Salto","06714060","Salto","Localidad simple"
"06721010","Quenumá",-36.5693430120432,-63.0881107599791,"06","Buenos Aires","06721","Salliqueló","060721","Salliqueló","06721010","Quenumá","Localidad simple"
"06721020","Salliqueló",-36.7515133840938,-62.9591311423931,"06","Buenos Aires","06721","Salliqueló","060721","Salliqueló","06721020","Salliqueló","Localidad simple"
"06728010","Azcuénaga",-34.3665475995779,-59.375480677999,"06","Buenos Aires","06728","San Andrés de Giles","060728","San Andrés de Giles","06728010","Azcuénaga","Localidad simple"
"06728020","Cucullú",-34.4433580630376,-59.3602204172752,"06","Buenos Aires","06728","San Andrés de Giles","060728","San Andrés de Giles","06728020","Cucullú","Localidad simple"
"06728030","Franklin",-34.6091166072699,-59.6299350338081,"06","Buenos Aires","06728","San Andrés de Giles","060728","San Andrés de Giles","06728030","Franklin","Localidad simple"
"06728040","San Andrés de Giles",-34.4423774190107,-59.4475191783366,"06","Buenos Aires","06728","San Andrés de Giles","060728","San Andrés de Giles","06728040","San Andrés de Giles","Localidad simple"
"06728050","Solís",-34.2980408829155,-59.3236816172608,"06","Buenos Aires","06728","San Andrés de Giles","060728","San Andrés de Giles","06728050","Solís","Localidad simple"
"06728060","Villa Espil",-34.5053553124901,-59.3383393878777,"06","Buenos Aires","06728","San Andrés de Giles","060728","San Andrés de Giles","06728060","Villa Espil","Localidad simple"
"06728070","Villa Ruiz",-34.4316782101746,-59.2615521388936,"06","Buenos Aires","06728","San Andrés de Giles","060728","San Andrés de Giles","06728070","Villa Ruiz","Localidad simple"
"06735010","Duggan",-34.2073821857375,-59.6370221823994,"06","Buenos Aires","06735","San Antonio de Areco","060735","San Antonio de Areco","06735010","Duggan","Localidad simple"
"06735020","San Antonio de Areco",-34.2436381342556,-59.4736523437539,"06","Buenos Aires","06735","San Antonio de Areco","060735","San Antonio de Areco","06735020","San Antonio de Areco","Localidad simple"
"06735030","Villa Lía",-34.1232002564582,-59.4304824481459,"06","Buenos Aires","06735","San Antonio de Areco","060735","San Antonio de Areco","06735030","Villa Lía","Localidad simple"
"06742010","Balneario San Cayetano",-38.7481082745121,-59.4304695947374,"06","Buenos Aires","06742","San Cayetano","060742","San Cayetano","06742010","Balneario San Cayetano","Localidad simple"
"06742020","Ochandío",-38.3592119302894,-59.7932721394937,"06","Buenos Aires","06742","San Cayetano","060742","San Cayetano","06742020","Ochandio","Localidad simple"
"06742030","San Cayetano",-38.345789246959,-59.6067598785519,"06","Buenos Aires","06742","San Cayetano","060742","San Cayetano","06742030","San Cayetano","Localidad simple"
"06749010","San Fernando",-34.4406044811916,-58.5581489424613,"06","Buenos Aires","06749","San Fernando","060749","San Fernando","06749010","San Fernando","Componente de localidad compuesta"
"06756010","San Isidro",-34.4664285221917,-58.5096898131462,"06","Buenos Aires","06756","San Isidro","060756","San Isidro","06756010","San Isidro","Componente de localidad compuesta"
"06760010","San Miguel",-34.5430416024272,-58.7119689876992,"06","Buenos Aires","06760","San Miguel","060760","San Miguel","06760010","San Miguel","Componente de localidad compuesta"
"06763010","Conesa",-33.5958037996128,-60.3557411992853,"06","Buenos Aires","06763","San Nicolás","060763","San Nicolás","06763010","General Rojo","Localidad simple"
"06763020","Erezcano",-33.52346278207,-60.3166280184361,"06","Buenos Aires","06763","San Nicolás","060763","San Nicolás","06763020","Conesa","Localidad simple"
"06763030","General Rojo",-33.4747261090956,-60.2873220904722,"06","Buenos Aires","06763","San Nicolás","060763","San Nicolás","06763030","La Emilia","Localidad simple"
"06763040","La Emilia",-33.3511365748959,-60.3138057533936,"06","Buenos Aires","06763","San Nicolás","060763","San Nicolás","06763040","Erézcano","Localidad simple"
"06763050","San Nicolás de los Arroyos",-33.327581039333,-60.2170580452517,"06","Buenos Aires","06763","San Nicolás","060763","San Nicolás","06763050","San Nicolás de los Arroyos","Componente de localidad compuesta"
"06763060","Villa Esperanza",-33.4213834087717,-60.2603632967081,"06","Buenos Aires","06763","San Nicolás","060763","San Nicolás","06763060","Villa Esperanza","Localidad simple"
"06770010","Gobernador Castro",-33.6590136302514,-59.8684776819622,"06","Buenos Aires","06770","San Pedro","060770","San Pedro","06770010","Gobernador Castro","Localidad simple"
"06770030","Pueblo Doyle",-33.9018137920889,-59.8190040146191,"06","Buenos Aires","06770","San Pedro","060770","San Pedro","06770030","Obligado","Localidad simple"
"06770040","Río Tala",-33.7692927806971,-59.6394845323378,"06","Buenos Aires","06770","San Pedro","060770","San Pedro","06770040","Pueblo Doyle","Localidad simple"
"06770050","San Pedro",-33.6759480318045,-59.6630158141548,"06","Buenos Aires","06770","San Pedro","060770","San Pedro","06770050","Rí­o Tala","Localidad simple"
"06770060","Santa Lucía",-33.8809441102835,-59.8742021436945,"06","Buenos Aires","06770","San Pedro","060770","San Pedro","06770060","San Pedro","Localidad simple"
"06778020","San Vicente",-35.0249088741064,-58.4240579101395,"06","Buenos Aires","06778","San Vicente","060778","San Vicente","06778020","San Vicente","Componente de localidad compuesta"
"06784010","General Rivas",-34.6084349698063,-59.7501662841433,"06","Buenos Aires","06784","Suipacha","060784","Suipacha","06784010","General Rivas","Localidad simple"
"06784020","Suipacha",-34.7688145882031,-59.6868293545249,"06","Buenos Aires","06784","Suipacha","060784","Suipacha","06784020","Suipacha","Localidad simple"
"06791010","De la Canal",-37.1272865838688,-59.1053808045858,"06","Buenos Aires","06791","Tandil","060791","Tandil","06791010","De la Canal","Localidad simple"
"06791030","Gardey",-37.2797250332818,-59.3628688181827,"06","Buenos Aires","06791","Tandil","060791","Tandil","06791030","Gardey","Localidad simple"
"06791040","María Ignacia",-37.4013842440147,-59.5059287942189,"06","Buenos Aires","06791","Tandil","060791","Tandil","06791040","Marí­a Ignacia","Localidad simple"
"06791050","Tandil",-37.3286954825526,-59.1368975569569,"06","Buenos Aires","06791","Tandil","060791","Tandil","06791050","Tandil","Localidad simple"
"06798010","Crotto",-36.5763630801619,-60.1722007620684,"06","Buenos Aires","06798","Tapalqué","060798","Tapalqué","06798010","Crotto","Localidad simple"
"06798020","Tapalqué",-36.3562359765733,-60.0251124032041,"06","Buenos Aires","06798","Tapalqué","060798","Tapalqué","06798020","Tapalqué","Localidad simple"
"06798030","Velloso",-36.120569720248,-59.6518688348755,"06","Buenos Aires","06798","Tapalqué","060798","Tapalqué","06798030","Velloso","Localidad simple"
"06805010","Tigre",-34.4226492600212,-58.5808752887605,"06","Buenos Aires","06805","Tigre","060805","Tigre","06805010","Tigre","Componente de localidad compuesta"
"06812010","General Conesa",-36.5208605076963,-57.324938712347,"06","Buenos Aires","06812","Tordillo","060812","Tordillo","06812010","General Conesa","Localidad simple"
"06819010","Chasicó",-38.3373320283001,-62.6445852070943,"06","Buenos Aires","06819","Tornquist","060819","Tornquist","06819010","Chasicó","Localidad simple"
"06819040","Tornquist",-38.1012814183258,-62.2229543263369,"06","Buenos Aires","06819","Tornquist","060819","Tornquist","06819040","Villa Serrana La Gruta","Localidad simple"
"06819050","Tres Picos",-38.2896055604839,-62.2080555809382,"06","Buenos Aires","06819","Tornquist","060819","Tornquist","06819050","Saldungaray","Localidad simple"
"06819060","La Gruta",-38.0597276619179,-62.0776250250117,"06","Buenos Aires","06819","Tornquist","060819","Tornquist","06819060","Sierra de la Ventana","Localidad simple"
"06819070","Villa Ventana",-38.0819443434639,-61.929805289519,"06","Buenos Aires","06819","Tornquist","060819","Tornquist","06819070","Tornquist","Localidad simple"
"06826010","Berutti",-35.8526319389224,-62.5123780756247,"06","Buenos Aires","06826","Trenque Lauquen","060826","Trenque Lauquen","06826010","Berutti","Localidad simple"
"06826020","Girodias",-36.3657483912208,-62.3580799980758,"06","Buenos Aires","06826","Trenque Lauquen","060826","Trenque Lauquen","06826020","Girodias","Localidad simple"
"06826030","La Carreta",-36.2037313602021,-62.2354636261776,"06","Buenos Aires","06826","Trenque Lauquen","060826","Trenque Lauquen","06826030","La Carreta","Localidad simple"
"06826040","30 de Agosto",-36.2786476447172,-62.5452240043378,"06","Buenos Aires","06826","Trenque Lauquen","060826","Trenque Lauquen","06826040","30 de Agosto","Localidad simple"
"06826050","Trenque Lauquen",-35.9733358976997,-62.7327450532285,"06","Buenos Aires","06826","Trenque Lauquen","060826","Trenque Lauquen","06826050","Trenque Lauquen","Localidad simple"
"06826060","Trongé",-36.4631732121695,-62.4847272635948,"06","Buenos Aires","06826","Trenque Lauquen","060826","Trenque Lauquen","06826060","Trongé","Localidad simple"
"06833010","Balneario Orense",-38.807442643306,-59.7374821959604,"06","Buenos Aires","06833","Tres Arroyos","060833","Tres Arroyos","06833010","Balneario Orense","Localidad simple"
"06833020","Claromecó",-38.8574751199377,-60.0727995979592,"06","Buenos Aires","06833","Tres Arroyos","060833","Tres Arroyos","06833020","Claromecó","Localidad simple"
"06833030","Copetonas",-38.7214408739283,-60.4517437207662,"06","Buenos Aires","06833","Tres Arroyos","060833","Tres Arroyos","06833030","Copetonas","Localidad simple"
"06833040","Lin Calel",-38.7056214269641,-60.2450213199209,"06","Buenos Aires","06833","Tres Arroyos","060833","Tres Arroyos","06833040","Lin Calel","Localidad simple"
"06833050","Micaela Cascallares",-38.4941143424147,-60.4683512141006,"06","Buenos Aires","06833","Tres Arroyos","060833","Tres Arroyos","06833050","Micaela Cascallares","Localidad simple"
"06833060","Orense",-38.6882731254542,-59.7806914448039,"06","Buenos Aires","06833","Tres Arroyos","060833","Tres Arroyos","06833060","Orense","Localidad simple"
"06833080","San Francisco de Bellocq",-38.6895363914284,-60.0139361893588,"06","Buenos Aires","06833","Tres Arroyos","060833","Tres Arroyos","06833080","San Francisco de Bellocq","Localidad simple"
"06833090","San Mayol",-38.3180136176114,-60.0276209243932,"06","Buenos Aires","06833","Tres Arroyos","060833","Tres Arroyos","06833090","San Mayol","Localidad simple"
"06833100","Tres Arroyos",-38.3771966957834,-60.2752150703536,"06","Buenos Aires","06833","Tres Arroyos","060833","Tres Arroyos","06833100","Tres Arroyos","Localidad simple"
"06833110","Villa Rodríguez",-38.312396365424,-60.231646702531,"06","Buenos Aires","06833","Tres Arroyos","060833","Tres Arroyos","06833110","Villa Rodrí­guez","Localidad simple"
"06840010","Tres de Febrero",-34.6035291733835,-58.5631922662462,"06","Buenos Aires","06840","Tres de Febrero","060840","Tres de Febrero","06840010","Tres de Febrero","Componente de localidad compuesta"
"06847010","Ingeniero Thompson",-36.6109231766528,-62.9129347766243,"06","Buenos Aires","06847","Tres Lomas","060847","Tres Lomas","06847010","Ingeniero Thompson","Localidad simple"
"06847020","Tres Lomas",-36.4591893277392,-62.8625761708921,"06","Buenos Aires","06847","Tres Lomas","060847","Tres Lomas","06847020","Tres Lomas","Localidad simple"
"06854010","Agustín Mosconi",-35.7403170506186,-60.557071200522,"06","Buenos Aires","06854","25 de Mayo","060854","25 de Mayo","06854010","Agustí­n Mosconi","Localidad simple"
"06854020","Del Valle",-35.8998918047927,-60.7302753701018,"06","Buenos Aires","06854","25 de Mayo","060854","25 de Mayo","06854020","Del Valle","Localidad simple"
"06854030","Ernestina",-35.268920909582,-59.5571323199126,"06","Buenos Aires","06854","25 de Mayo","060854","25 de Mayo","06854030","Ernestina","Localidad simple"
"06854040","Gobernador Ugarte",-35.1638916110581,-60.0789192444737,"06","Buenos Aires","06854","25 de Mayo","060854","25 de Mayo","06854040","Gobernador Ugarte","Localidad simple"
"06854050","Lucas Monteverde",-35.4823627488065,-59.985834587543,"06","Buenos Aires","06854","25 de Mayo","060854","25 de Mayo","06854050","Lucas Monteverde","Localidad simple"
"06854060","Norberto de la Riestra",-35.2733314174213,-59.7755530665071,"06","Buenos Aires","06854","25 de Mayo","060854","25 de Mayo","06854060","Norberto de la Riestra","Localidad simple"
"06854070","Pedernales",-35.2623626567541,-59.6306762449241,"06","Buenos Aires","06854","25 de Mayo","060854","25 de Mayo","06854070","Pedernales","Localidad simple"
"06854080","San Enrique",-35.7698421793855,-60.350450153264,"06","Buenos Aires","06854","25 de Mayo","060854","25 de Mayo","06854080","San Enrique","Localidad simple"
"06854090","Valdés",-35.6480414274632,-60.4656761416649,"06","Buenos Aires","06854","25 de Mayo","060854","25 de Mayo","06854090","Valdés","Localidad simple"
"06854100","25 de Mayo",-35.4324710829424,-60.1715593507727,"06","Buenos Aires","06854","25 de Mayo","060854","25 de Mayo","06854100","25 de Mayo","Localidad simple"
"06861010","Vicente López",-34.5089441626737,-58.4861548647957,"06","Buenos Aires","06861","Vicente López","060861","Vicente López","06861010","Vicente López","Componente de localidad compuesta"
"06868010","Mar Azul",-37.3385187203624,-57.0333166634527,"06","Buenos Aires","06868","Villa Gesell","060868","Villa Gesell","06868010","Mar Azul","Localidad simple"
"06868020","Villa Gesell",-37.2632305079153,-56.9745586090481,"06","Buenos Aires","06868","Villa Gesell","060868","Villa Gesell","06868020","Villa Gesell","Localidad simple"
"06875010","Argerich",-38.7702355579356,-62.6029546301718,"06","Buenos Aires","06875","Villarino","060875","Villarino","06875010","Argerich","Localidad simple"
"06875030","Hilario Ascasubi",-39.3756504477901,-62.6473691572484,"06","Buenos Aires","06875","Villarino","060875","Villarino","06875030","Hilario Ascasubi","Localidad simple"
"06875040","Juan Cousté",-38.8944422347495,-63.1407347636352,"06","Buenos Aires","06875","Villarino","060875","Villarino","06875040","Juan Cousté","Localidad simple"
"06875050","Mayor Buratovich",-39.2608696441589,-62.6152474688671,"06","Buenos Aires","06875","Villarino","060875","Villarino","06875050","Mayor Buratovich","Localidad simple"
"06875060","Médanos",-38.8292649440891,-62.693309603918,"06","Buenos Aires","06875","Villarino","060875","Villarino","06875060","Médanos","Localidad simple"
"06875070","Pedro Luro",-39.5014968706772,-62.6798287686143,"06","Buenos Aires","06875","Villarino","060875","Villarino","06875070","Pedro Luro","Localidad simple"
"06875080","Teniente Origone",-39.0578094179787,-62.5704145591734,"06","Buenos Aires","06875","Villarino","060875","Villarino","06875080","Teniente Origone","Localidad simple"
"06882030","Escalada",-34.1581474333804,-59.113670695869,"06","Buenos Aires","06882","Zárate","060882","Zárate","06882030","Lima","Localidad simple"
"06882040","Lima",-34.0447948866739,-59.1961491544738,"06","Buenos Aires","06882","Zárate","060882","Zárate","06882040","Zárate","Localidad simple"
"06882050","Zárate",-34.095805089842,-59.024323230709,"06","Buenos Aires","06882","Zárate","060882","Zárate","06882050","Acceso a Lima","Localidad simple"
"10007010","Chuchucaruana",-27.9217506990605,-65.8386083361237,"10","Catamarca","10007","Ambato","100028","Los Varela","10007010","Chuchucaruana","Localidad simple"
"10007020","Colpes",-28.0654919189984,-65.812634342758,"10","Catamarca","10007","Ambato","100014","La Puerta","10007020","Colpes","Localidad simple"
"10007030","El Bolsón",-27.9039042243544,-65.8810526601527,"10","Catamarca","10007","Ambato","100028","Los Varela","10007030","El Bolsón","Localidad simple"
"10007040","El Rodeo",-28.2126967614006,-65.8764873689251,"10","Catamarca","10007","Ambato","100007","El Rodeo","10007040","El Rodeo","Localidad simple"
"10007050","Huaycama",-28.1193513672937,-65.7984624307184,"10","Catamarca","10007","Ambato","100014","La Puerta","10007050","Huaycama","Localidad simple"
"10007060","La Puerta",-28.1563452866546,-65.7938676297893,"10","Catamarca","10007","Ambato","100014","La Puerta","10007060","La Puerta","Localidad simple"
"10007070","Las Chacritas",-27.6881718363204,-65.9237482043879,"10","Catamarca","10007","Ambato","100028","Los Varela","10007070","Las Chacritas","Localidad simple"
"10007080","Las Juntas",-28.0983112879268,-65.8992367971529,"10","Catamarca","10007","Ambato","100021","Las Juntas","10007080","Las Juntas","Localidad simple"
"10007090","Los Castillos",-27.9598298042336,-65.8128044102085,"10","Catamarca","10007","Ambato","100028","Los Varela","10007090","Los Castillos","Localidad simple"
"10007100","Los Talas",-27.9415305502312,-65.8680485138611,"10","Catamarca","10007","Ambato","100028","Los Varela","10007100","Los Talas","Localidad simple"
"10007110","Los Varela",-27.931468298321,-65.872020638836,"10","Catamarca","10007","Ambato","100028","Los Varela","10007110","Los Varela","Localidad simple"
"10007120","Singuil",-27.8043079928106,-65.8711982539321,"10","Catamarca","10007","Ambato","100028","Los Varela","10007120","Singuil","Localidad simple"
"10014010","Ancasti",-28.8126440511075,-65.5006877212264,"10","Catamarca","10014","Ancasti","100035","Ancasti","10014010","Ancasti","Localidad simple"
"10014020","Anquincila",-28.7466882688681,-65.5463244146797,"10","Catamarca","10014","Ancasti","100035","Ancasti","10014020","Anquincila","Localidad simple"
"10014030","La Candelaria",-28.6943069148913,-65.4314484203132,"10","Catamarca","10014","Ancasti","100035","Ancasti","10014030","La Candelaria","Localidad simple"
"10014040","La Majada",-29.0291660768967,-65.5467246141158,"10","Catamarca","10014","Ancasti","100035","Ancasti","10014040","La Majada","Localidad simple"
"10021010","Amanao",-27.5349731302927,-66.5053368941792,"10","Catamarca","10021","Andalgalá","100049","Andalgalá","10021010","Amanao","Localidad simple"
"10021020","Andalgalá",-27.583018934635,-66.3154326848738,"10","Catamarca","10021","Andalgalá","100049","Andalgalá","10021020","Andalgalá","Localidad simple"
"10021030","Chaquiago",-27.5478659002109,-66.3268716116203,"10","Catamarca","10021","Andalgalá","100049","Andalgalá","10021030","Chaquiago","Localidad simple"
"10021040","Choya",-27.5210492835342,-66.3838425629266,"10","Catamarca","10021","Andalgalá","100049","Andalgalá","10021040","Choya","Localidad simple"
"10021050","El Alamito",-27.4898884579669,-66.0208659749083,"10","Catamarca","10021","Andalgalá","100042","Aconquija","10021050","El Alamito","Localidad simple"
"10021060","El Lindero",-27.4666338119165,-66.0107520171246,"10","Catamarca","10021","Andalgalá","100042","Aconquija","10021060","El Lindero","Localidad simple"
"10021070","El Potrero",-27.5101585793459,-66.3286299613972,"10","Catamarca","10021","Andalgalá","100049","Andalgalá","10021070","El Potrero","Localidad simple"
"10028010","Antofagasta de la Sierra",-26.0592666352418,-67.4065517117148,"10","Catamarca","10028","Antofagasta de la Sierra","100056","Antofagasta de la Sierra","10028010","Antofagasta de la Sierra","Localidad simple"
"10028030","El Peñón",-26.4754473000087,-67.2652083338104,"10","Catamarca","10028","Antofagasta de la Sierra","100056","Antofagasta de la Sierra","10028030","El Peñón","Localidad simple"
"10028040","Los Nacimientos",-25.8246381808033,-67.3717929184851,"10","Catamarca","10028","Antofagasta de la Sierra","100056","Antofagasta de la Sierra","10028040","Los Nacimientos","Localidad simple"
"10035010","Barranca Larga",-26.9828636014962,-66.7390636195755,"10","Catamarca","10035","Belén","100119","Villa Vil","10035010","Barranca Larga","Localidad simple"
"10035020","Belén",-27.649529254029,-67.0263166064703,"10","Catamarca","10035","Belén","100063","Belén","10035020","Belén","Localidad simple"
"10035030","Cóndor Huasi",-27.4932508055993,-67.1020885628446,"10","Catamarca","10035","Belén","100091","Pozo de Piedra","10035030","Cóndor Huasi","Localidad simple"
"10035040","Corral Quemado",-27.1448010677264,-66.9447586037509,"10","Catamarca","10035","Belén","100070","Corral Quemado","10035040","Corral Quemado","Localidad simple"
"10035050","El Durazno",-27.2472332720167,-67.0322188935562,"10","Catamarca","10035","Belén","100098","Puerta de Corral Quemado","10035050","El Durazno","Localidad simple"
"10035060","Farallón Negro",-27.3041623736755,-66.6822430627839,"10","Catamarca","10035","Belén","100077","Hualfin","10035060","Farallón Negro","Localidad simple"
"10035070","Hualfín",-27.2247667925684,-66.8339992772836,"10","Catamarca","10035","Belén","100077","Hualfin","10035070","Hualfín","Localidad simple"
"10035080","Jacipunco",-27.2424350684305,-67.0083508704177,"10","Catamarca","10035","Belén","100098","Puerta de Corral Quemado","10035080","Jacipunco","Localidad simple"
"10035090","La Puntilla",-27.6850168444643,-66.9936621115587,"10","Catamarca","10035","Belén","100063","Belén","10035090","La Puntilla","Localidad simple"
"10035100","Las Juntas",-27.5359586328191,-67.117313312317,"10","Catamarca","10035","Belén","100091","Pozo de Piedra","10035100","Las Juntas","Localidad simple"
"10035110","Londres",-27.7125658590224,-67.1355121485828,"10","Catamarca","10035","Belén","100084","Londres","10035110","Londres","Localidad simple"
"10035120","Los Nacimientos",-27.1643458211608,-66.7355154111502,"10","Catamarca","10035","Belén","100077","Hualfin","10035120","Los Nacimientos","Localidad simple"
"10035130","Puerta de Corral Quemado",-27.2276088273086,-66.9328205081217,"10","Catamarca","10035","Belén","100098","Puerta de Corral Quemado","10035130","Puerta de Corral Quemado","Localidad simple"
"10035140","Puerta de San José",-27.5480304255999,-67.0052405381637,"10","Catamarca","10035","Belén","100105","Puerta de San José","10035140","Puerta de San José","Localidad simple"
"10035150","Villa Vil",-27.0935167123347,-66.822059795824,"10","Catamarca","10035","Belén","100119","Villa Vil","10035150","Villa Vil","Localidad simple"
"10042030","Capayán",-28.7745953259886,-66.0464851077306,"10","Catamarca","10042","Capayán","100126","Capayán","10042030","Capayán","Localidad simple"
"10042040","Chumbicha",-28.8531930322117,-66.2375625171686,"10","Catamarca","10042","Capayán","100126","Capayán","10042040","Chumbicha","Localidad simple"
"10042050","Colonia del Valle",-28.6536070700741,-65.8678577009283,"10","Catamarca","10042","Capayán","100133","Huillapima","10042050","Colonia del Valle","Localidad simple"
"10042060","Colonia Nueva Coneta",-28.5787147136839,-65.83646106419,"10","Catamarca","10042","Capayán","100133","Huillapima","10042060","Colonia Nueva Coneta","Localidad simple"
"10042070","Concepción",-28.6870984940716,-66.0658875426961,"10","Catamarca","10042","Capayán","100133","Huillapima","10042070","Concepción","Localidad simple"
"10042080","Coneta",-28.5792992293533,-65.8877987003735,"10","Catamarca","10042","Capayán","100133","Huillapima","10042080","Coneta","Localidad simple"
"10042090","El Bañado",-28.6214877581312,-65.8564782819331,"10","Catamarca","10042","Capayán","100133","Huillapima","10042090","El Bañado","Localidad simple"
"10042100","Huillapima",-28.7260731000394,-65.9787475665555,"10","Catamarca","10042","Capayán","100133","Huillapima","10042100","Huillapima","Localidad simple"
"10042110","Los Angeles",-28.4521437991819,-65.9504381171072,"10","Catamarca","10042","Capayán","100133","Huillapima","10042110","Los Angeles","Localidad simple"
"10042120","Miraflores",-28.5987366560516,-65.90216777551,"10","Catamarca","10042","Capayán","100133","Huillapima","10042120","Miraflores","Localidad simple"
"10042130","San Martín",-29.2206231988199,-65.774504452477,"10","Catamarca","10042","Capayán","100126","Capayán","10042130","San Martín","Localidad simple"
"10042140","San Pablo",-28.7001924665143,-66.0370706752819,"10","Catamarca","10042","Capayán","100133","Huillapima","10042140","San Pablo","Localidad simple"
"10042150","San Pedro",-28.7460025987333,-66.1246593323879,"10","Catamarca","10042","Capayán","100126","Capayán","10042150","San Pedro","Localidad simple"
"10049030","San Fernando del Valle de Catamarca",-28.4690132409229,-65.7789173519908,"10","Catamarca","10049","Capital","100140","San Fernando del Valle de Catamarca","10049030","San Fernando del Valle de Catamarca","Componente de localidad compuesta"
"10056010","El Alto",-28.3106109640954,-65.3644441119424,"10","Catamarca","10056","El Alto","100147","El Alto","10056010","Villa Concepcion del Alto","Localidad simple"
"10056020","Guayamba",-28.3432440671694,-65.3996547929967,"10","Catamarca","10056","El Alto","100147","El Alto","10056020","Guayamba","Localidad simple"
"10056030","Infanzón",-28.579033524573,-65.4050006254354,"10","Catamarca","10056","El Alto","100147","El Alto","10056030","Infanzón","Localidad simple"
"10056040","Los Corrales",-28.4934051284671,-65.3251810160843,"10","Catamarca","10056","El Alto","100147","El Alto","10056040","Los Corrales","Localidad simple"
"10056050","Tapso",-28.4048578902701,-65.1027307876137,"10","Catamarca","10056","El Alto","100154","Tapso","10056050","Tapso","Componente de localidad compuesta"
"10056060","Vilismán",-28.4977236708,-65.4331003060281,"10","Catamarca","10056","El Alto","100147","El Alto","10056060","Vilismán","Localidad simple"
"10063020","Pomancillo Este",-28.3025626549866,-65.7195725583916,"10","Catamarca","10063","Fray Mamerto Esquiú","100161","Fray Mamerto Esquiú","10063020","Pomancillo Este","Localidad simple"
"10063030","Pomancillo Oeste",-28.3044550285186,-65.7317993779557,"10","Catamarca","10063","Fray Mamerto Esquiú","100161","Fray Mamerto Esquiú","10063030","Pomancillo Oeste","Localidad simple"
"10063040","San José",-28.3875664004555,-65.700924753072,"10","Catamarca","10063","Fray Mamerto Esquiú","100161","Fray Mamerto Esquiú","10063040","San José","Componente de localidad compuesta"
"10063050","Villa Las Pirquitas",-28.279903384504,-65.732110637747,"10","Catamarca","10063","Fray Mamerto Esquiú","100161","Fray Mamerto Esquiú","10063050","Villa Las Pirquitas","Localidad simple"
"10070010","Casa de Piedra",-29.6045481364721,-65.5197363815238,"10","Catamarca","10070","La Paz","100035","Ancasti","10070010","Casa de Piedra","Localidad simple"
"10070020","El Aybal",-29.1093301379728,-65.3612210197212,"10","Catamarca","10070","La Paz","100175","Recreo","10070020","El Aybal","Localidad simple"
"10070030","El Bañado",-29.1949686063432,-65.4372756503072,"10","Catamarca","10070","La Paz","100175","Recreo","10070030","El Bañado","Localidad simple"
"10070040","El Divisadero",-29.2015274227698,-65.4524837802877,"10","Catamarca","10070","La Paz","100175","Recreo","10070040","El Divisadero","Localidad simple"
"10070050","El Quimilo",-29.8993520757253,-65.3979048133024,"10","Catamarca","10070","La Paz","100175","Recreo","10070050","El Quimilo","Localidad simple"
"10070060","Esquiú",-29.3788610113225,-65.2902628195316,"10","Catamarca","10070","La Paz","100175","Recreo","10070060","Esquiú","Localidad simple"
"10070070","Icaño",-28.9195404731786,-65.330165196142,"10","Catamarca","10070","La Paz","100168","Icaño","10070070","Icaño","Localidad simple"
"10070080","La Dorada",-29.2448211616141,-65.482548511642,"10","Catamarca","10070","La Paz","100175","Recreo","10070080","La Dorada","Localidad simple"
"10070090","La Guardia",-29.5565259468291,-65.45292512565,"10","Catamarca","10070","La Paz","100175","Recreo","10070090","La Guardia","Localidad simple"
"10070100","Las Esquinas",-28.7370287924951,-65.1089288090212,"10","Catamarca","10070","La Paz","100168","Icaño","10070100","Las Esquinas","Localidad simple"
"10070110","Las Palmitas",-28.6371892888632,-64.986114025125,"10","Catamarca","10070","La Paz","","","10070110","Las Palmitas","Localidad simple"
"10070120","Quirós",-28.7858877210576,-65.1109537072663,"10","Catamarca","10070","La Paz","100168","Icaño","10070120","Quirós","Localidad simple"
"10070130","Ramblones",-29.1539574120084,-65.3983639409412,"10","Catamarca","10070","La Paz","100175","Recreo","10070130","Ramblones","Localidad simple"
"10070140","Recreo",-29.2788602588992,-65.0586114791781,"10","Catamarca","10070","La Paz","100175","Recreo","10070140","Recreo","Localidad simple"
"10070150","San Antonio",-28.9324823811566,-65.0969169795382,"10","Catamarca","10070","La Paz","100168","Icaño","10070150","San Antonio","Localidad simple"
"10077010","Amadores",-28.2625721317543,-65.6373471946803,"10","Catamarca","10077","Paclín","100182","Paclín","10077010","Amadores","Localidad simple"
"10077040","La Higuera",-27.9396601365619,-65.6976635982792,"10","Catamarca","10077","Paclín","100182","Paclín","10077040","La Higuera","Localidad simple"
"10077050","La Merced",-28.1544077397567,-65.6594385462931,"10","Catamarca","10077","Paclín","100182","Paclín","10077050","La Merced","Localidad simple"
"10077060","La Viña",-28.0392837807742,-65.5968360756269,"10","Catamarca","10077","Paclín","100182","Paclín","10077060","La Viña","Localidad simple"
"10077070","Las Lajas",-27.8381591887716,-65.7294653565801,"10","Catamarca","10077","Paclín","100182","Paclín","10077070","Las Lajas","Localidad simple"
"10077080","Monte Potrero",-28.1790226989676,-65.6627541955027,"10","Catamarca","10077","Paclín","100182","Paclín","10077080","Monte Potrero","Localidad simple"
"10077090","Palo Labrado",-28.3210385814734,-65.6193479149477,"10","Catamarca","10077","Paclín","100182","Paclín","10077090","Palo Labrado","Localidad simple"
"10077100","San Antonio",-28.0084614266576,-65.7104578503512,"10","Catamarca","10077","Paclín","100182","Paclín","10077100","San Antonio","Localidad simple"
"10077110","Villa de Balcozna",-27.8826117613613,-65.7278189496364,"10","Catamarca","10077","Paclín","100182","Paclín","10077110","Villa de Balcozna","Localidad simple"
"10084020","Colana",-28.3623962022824,-66.1597557408836,"10","Catamarca","10084","Pomán","100189","Pomán","10084020","Colana","Localidad simple"
"10084030","Colpes",-28.0586376131505,-66.1976605707736,"10","Catamarca","10084","Pomán","100196","Saujil","10084030","Colpes","Localidad simple"
"10084040","El Pajonal",-28.3721410500963,-66.2950864577145,"10","Catamarca","10084","Pomán","100189","Pomán","10084040","El Pajonal","Localidad simple"
"10084060","Mutquin",-28.3148469539552,-66.1490141867256,"10","Catamarca","10084","Pomán","100185","Mutquin","10084060","Mutquin","Localidad simple"
"10084070","Pomán",-28.3952811443403,-66.2182866315867,"10","Catamarca","10084","Pomán","100189","Pomán","10084070","Pomán","Localidad simple"
"10084080","Rincón",-28.2213443852426,-66.1433422047159,"10","Catamarca","10084","Pomán","100196","Saujil","10084080","Rincón","Localidad simple"
"10084090","San Miguel",-28.1400948610386,-66.2025536295595,"10","Catamarca","10084","Pomán","100196","Saujil","10084090","San Miguel","Localidad simple"
"10084100","Saujil",-28.1747062346767,-66.2160450415187,"10","Catamarca","10084","Pomán","100196","Saujil","10084100","Saujil","Localidad simple"
"10084110","Siján",-28.2614932193968,-66.2242784976376,"10","Catamarca","10084","Pomán","100196","Saujil","10084110","Siján","Localidad simple"
"10091010","Andalhualá",-26.8773589086983,-66.047409811272,"10","Catamarca","10091","Santa María","100203","San José","10091010","Andalhualá","Localidad simple"
"10091030","Chañar Punco",-26.7219409492101,-66.0669411369893,"10","Catamarca","10091","Santa María","100210","Santa María","10091030","Chañar Punco","Localidad simple"
"10091040","El Cajón",-26.4075706142584,-66.2538315321122,"10","Catamarca","10091","Santa María","100210","Santa María","10091040","El Cajón","Localidad simple"
"10091050","El Desmonte",-26.88323272949,-66.1016634591571,"10","Catamarca","10091","Santa María","100203","San José","10091050","El Desmonte","Localidad simple"
"10091060","El Puesto",-26.6772482962785,-66.0405880501417,"10","Catamarca","10091","Santa María","100210","Santa María","10091060","El Puesto","Localidad simple"
"10091070","Famatanca",-26.7683633718571,-66.0826031474872,"10","Catamarca","10091","Santa María","100203","San José","10091070","Famatanca","Localidad simple"
"10091080","Fuerte Quemado",-26.6268388161284,-66.0484859395161,"10","Catamarca","10091","Santa María","100210","Santa María","10091080","Fuerte Quemado","Localidad simple"
"10091090","La Hoyada",-26.5436185550006,-66.362164827432,"10","Catamarca","10091","Santa María","100203","San José","10091090","La Hoyada","Localidad simple"
"10091110","Las Mojarras",-26.6956908487661,-66.0666519780376,"10","Catamarca","10091","Santa María","100210","Santa María","10091110","Las Mojarras","Localidad simple"
"10091130","Punta de Balasto",-26.9533871146054,-66.1362317932693,"10","Catamarca","10091","Santa María","100203","San José","10091130","Punta de Balasto","Localidad simple"
"10091140","San José",-26.8012447800609,-66.0697333108118,"10","Catamarca","10091","Santa María","100203","San José","10091140","San José","Localidad simple"
"10091150","Santa María",-26.6945250921457,-66.0479669337187,"10","Catamarca","10091","Santa María","100210","Santa María","10091150","Santa María","Localidad simple"
"10091160","Yapes",-26.8340375488912,-66.0336015464692,"10","Catamarca","10091","Santa María","100203","San José","10091160","Yapes","Localidad simple"
"10098010","Alijilán",-28.1793924720551,-65.4953879475228,"10","Catamarca","10098","Santa Rosa","100213","Los Altos","10098010","Alijilán","Localidad simple"
"10098020","Bañado de Ovanta",-28.1062870281431,-65.3192566899895,"10","Catamarca","10098","Santa Rosa","100217","Santa Rosa","10098020","Bañado de Ovanta","Localidad simple"
"10098030","Las Cañas",-28.2047223578394,-65.2143862351425,"10","Catamarca","10098","Santa Rosa","100217","Santa Rosa","10098030","Las Cañas","Localidad simple"
"10098040","Lavalle",-28.1950298939033,-65.1143349474296,"10","Catamarca","10098","Santa Rosa","100217","Santa Rosa","10098040","Lavalle","Componente de localidad compuesta"
"10098050","Los Altos",-28.0450070405238,-65.4976362162721,"10","Catamarca","10098","Santa Rosa","100213","Los Altos","10098050","Los Altos","Localidad simple"
"10098060","Manantiales",-28.1432052440113,-65.4967868581846,"10","Catamarca","10098","Santa Rosa","100213","Los Altos","10098060","Manantiales","Localidad simple"
"10098070","San Pedro",-27.956622281426,-65.1711750391747,"10","Catamarca","10098","Santa Rosa","100217","Santa Rosa","10098070","San Pedro","Componente de localidad compuesta"
"10105010","Anillaco",-27.9088142529684,-67.6219226179066,"10","Catamarca","10105","Tinogasta","100231","Tinogasta","10105010","Anillaco","Localidad simple"
"10105050","Copacabana",-28.176530983121,-67.4880187051839,"10","Catamarca","10105","Tinogasta","100231","Tinogasta","10105050","Copacabana","Localidad simple"
"10105090","El Puesto",-27.9550333468616,-67.6336797895228,"10","Catamarca","10105","Tinogasta","100231","Tinogasta","10105090","El Puesto","Localidad simple"
"10105100","El Salado",-28.3045192414539,-67.2473765659508,"10","Catamarca","10105","Tinogasta","100231","Tinogasta","10105100","El Salado","Localidad simple"
"10105110","Fiambalá",-27.6921933516025,-67.6189063888481,"10","Catamarca","10105","Tinogasta","100224","Fiambalá","10105110","Fiambalá","Localidad simple"
"10105130","Medanitos",-27.5242404633121,-67.5912877994986,"10","Catamarca","10105","Tinogasta","100224","Fiambalá","10105130","Medanitos","Localidad simple"
"10105140","Palo Blanco",-27.3349292033561,-67.7549811841083,"10","Catamarca","10105","Tinogasta","100224","Fiambalá","10105140","Palo Blanco","Localidad simple"
"10105160","Saujil",-27.5708732149937,-67.6219942104501,"10","Catamarca","10105","Tinogasta","100224","Fiambalá","10105160","Saujil","Localidad simple"
"10105180","Tinogasta",-28.0655616313794,-67.564368979148,"10","Catamarca","10105","Tinogasta","100231","Tinogasta","10105180","Tinogasta","Localidad simple"
"10112010","El Portezuelo",-28.4701033631654,-65.6356019557086,"10","Catamarca","10112","Valle Viejo","100238","Valle Viejo","10112010","El Portezuelo","Localidad simple"
"10112020","Huaycama",-28.5172930868746,-65.6765041696816,"10","Catamarca","10112","Valle Viejo","100238","Valle Viejo","10112020","Huaycama","Localidad simple"
"10112030","Las Tejas",-28.6586825818773,-65.7838015450735,"10","Catamarca","10112","Valle Viejo","100238","Valle Viejo","10112030","Las Tejas","Localidad simple"
"10112040","San Isidro",-28.4577533988573,-65.7249760445606,"10","Catamarca","10112","Valle Viejo","100238","Valle Viejo","10112040","San Isidro","Componente de localidad compuesta"
"10112050","Santa Cruz",-28.5009225087712,-65.664118478515,"10","Catamarca","10112","Valle Viejo","100238","Valle Viejo","10112050","Santa Cruz","Localidad simple"
"14007010","Amboy",-32.1745792840367,-64.5732436463006,"14","Córdoba","14007","Calamuchita","142007","Amboy","14007010","Amboy","Localidad simple"
"14007020","Arroyo San Antonio",-32.2562251197951,-64.6077980473932,"14","Córdoba","14007","Calamuchita","","","14007020","Arroyo San Antonio","Localidad simple"
"14007030","Cañada del Sauce",-32.3679600870772,-64.6454261117656,"14","Córdoba","14007","Calamuchita","142021","Cañada del Sauce","14007030","Cañada Del Sauce","Localidad simple"
"14007050","El Corcovado - El Torreón",-32.1404343396904,-64.5034778547124,"14","Córdoba","14007","Calamuchita","140063","Villa Rumipal","14007050","El Corcovado - El Torreón","Localidad simple"
"14007055","El Durazno",-32.1698010305769,-64.7738851513169,"14","Córdoba","14007","Calamuchita","140070","Villa Yacanto","14007055","El Durazno","Localidad simple"
"14007060","Embalse",-32.206746994887,-64.4006426100595,"14","Córdoba","14007","Calamuchita","140007","Embalse","14007060","Embalse","Localidad simple"
"14007070","La Cruz",-32.3031135977611,-64.4830414426673,"14","Córdoba","14007","Calamuchita","140014","La Cruz","14007070","La Cruz","Localidad simple"
"14007080","La Cumbrecita",-31.8997878540948,-64.7731668387586,"14","Córdoba","14007","Calamuchita","143015","La Cumbrecita","14007080","La Cumbrecita","Localidad simple"
"14007090","Las Bajadas",-32.0961591386739,-64.3300742912544,"14","Córdoba","14007","Calamuchita","142028","Las Bajadas","14007090","Las Bajadas","Localidad simple"
"14007100","Las Caleras",-32.3888032444727,-64.5214358049346,"14","Córdoba","14007","Calamuchita","142035","Las Caleras","14007100","Las Caleras","Localidad simple"
"14007110","Los Cóndores",-32.3211259681076,-64.2807422857482,"14","Córdoba","14007","Calamuchita","140021","Los Cóndores","14007110","Los Cóndores","Localidad simple"
"14007120","Los Molinos",-31.8548624339289,-64.3789312032362,"14","Córdoba","14007","Calamuchita","142042","Los Molinos","14007120","Los Molinos","Localidad simple"
"14007130","Los Reartes",-31.9183078880064,-64.5758210013579,"14","Córdoba","14007","Calamuchita","142049","Los Reartes","14007130","Los Reartes","Componente de localidad compuesta"
"14007140","Lutti",-32.3184982729107,-64.7469859010605,"14","Córdoba","14007","Calamuchita","142056","Lutti","14007140","Lutti","Localidad simple"
"14007160","Parque Calmayo",-32.0254698796365,-64.4646790665809,"14","Córdoba","14007","Calamuchita","142014","Parque Calmayo","14007160","Parque Calmayo","Localidad simple"
"14007170","Río de los Sauces",-32.528642164266,-64.5886875602836,"14","Córdoba","14007","Calamuchita","140028","Río de los Sauces","14007170","Río De Los Sauces","Localidad simple"
"14007180","San Agustín",-31.9776223398196,-64.3755856819348,"14","Córdoba","14007","Calamuchita","140056","San Agustín","14007180","San Agustin","Localidad simple"
"14007190","San Ignacio (Loteo San Javier)",-32.1659052832809,-64.5179097272822,"14","Córdoba","14007","Calamuchita","142063","San Ignacio","14007190","San Ignacio (Loteo San Javier)","Localidad simple"
"14007210","Santa Rosa de Calamuchita",-32.0643780082952,-64.5395619619795,"14","Córdoba","14007","Calamuchita","140035","Santa Rosa de Calamuchita","14007210","Santa Rosa de Calamuchita","Localidad simple"
"14007220","Segunda Usina",-32.165000699904,-64.3791841282962,"14","Córdoba","14007","Calamuchita","142070","Segunda Usina","14007220","Segunda Usina","Localidad simple"
"14007230","Solar de los Molinos",-31.8282753564049,-64.5213024933877,"14","Córdoba","14007","Calamuchita","142084","Villa Ciudad Parque Los Reartes","14007230","Solar de los Molinos","Localidad simple"
"14007240","Villa Alpina",-31.956360003836,-64.8134564861105,"14","Córdoba","14007","Calamuchita","","","14007240","Villa Alpina","Localidad simple"
"14007250","Villa Amancay",-32.1861840457394,-64.5673892136594,"14","Córdoba","14007","Calamuchita","142077","Villa Amancay","14007250","Villa Amancay","Localidad simple"
"14007260","Villa Berna",-31.9110000435133,-64.7263436829673,"14","Córdoba","14007","Calamuchita","","","14007260","Villa Berna","Localidad simple"
"14007270","Villa Ciudad Parque Los Reartes",-31.9120664434057,-64.5306135222014,"14","Córdoba","14007","Calamuchita","142084","Villa Ciudad Parque Los Reartes","14007270","Villa Ciudad Parque Los Reartes","Componente de localidad compuesta"
"14007290","Villa del Dique",-32.1763512233751,-64.4569384953227,"14","Córdoba","14007","Calamuchita","140042","Villa del Dique","14007290","Villa del Dique","Componente de localidad compuesta"
"14007300","Villa El Tala",-32.2527149326427,-64.5841178583312,"14","Córdoba","14007","Calamuchita","","","14007300","Villa El Tala","Localidad simple"
"14007310","Villa General Belgrano",-31.9764928137116,-64.5590536588416,"14","Córdoba","14007","Calamuchita","140049","Villa General Belgrano","14007310","Villa General Belgrano","Localidad simple"
"14007320","Villa La Rivera",-32.2666325052071,-64.5247153832449,"14","Córdoba","14007","Calamuchita","142091","Villa Quillinzo","14007320","Villa La Ribera","Localidad simple"
"14007330","Villa Quillinzo",-32.2365474320847,-64.5136041058573,"14","Córdoba","14007","Calamuchita","142091","Villa Quillinzo","14007330","Villa Quillinzo","Localidad simple"
"14007340","Villa Rumipal",-32.1893832757006,-64.4792058830229,"14","Córdoba","14007","Calamuchita","140063","Villa Rumipal","14007340","Villa Rumipal","Componente de localidad compuesta"
"14007360","Villa Yacanto",-32.103594962197,-64.7545223469106,"14","Córdoba","14007","Calamuchita","140070","Villa Yacanto","14007360","Villa Yacanto","Localidad simple"
"14014010","Córdoba",-31.416804474519,-64.1836065316143,"14","Córdoba","14014","Capital","140077","Córdoba","14014010","Córdoba","Componente de localidad compuesta"
"14021010","Agua de Oro",-31.0622288550886,-64.3006405218046,"14","Córdoba","14021","Colón","140084","Agua de Oro","14021010","Agua de Oro","Componente de localidad compuesta"
"14021020","Ascochinga",-30.9590358937464,-64.2733493995531,"14","Córdoba","14021","Colón","140126","La Granja","14021020","Ascochinga","Localidad simple"
"14021050","Colonia Caroya",-31.0220555873766,-64.0617128675296,"14","Córdoba","14021","Colón","140091","Colonia Caroya","14021050","Colonia Caroya","Componente de localidad compuesta"
"14021060","Colonia Tirolesa",-31.2372761869427,-64.06629578921,"14","Córdoba","14021","Colón","140098","Colonia Tirolesa","14021060","Colonia Tirolesa","Localidad simple"
"14021070","Colonia Vicente Agüero",-31.028521686159,-64.0186827925075,"14","Córdoba","14021","Colón","142098","Colonia Vicente Agüero","14021070","Colonia Vicente Agüero","Localidad simple"
"14021075","Villa Corazón de María",-31.4439913534172,-63.9957647638948,"14","Córdoba","14021","Colón","140133","Malvinas Argentinas","14021075","Villa Corazon De María","Localidad simple"
"14021110","El Manzano",-31.0842308391148,-64.2986976601044,"14","Córdoba","14021","Colón","142105","El Manzano","14021110","El Manzano","Componente de localidad compuesta"
"14021130","General Paz",-31.1344806428809,-64.1401506243983,"14","Córdoba","14021","Colón","140102","Estación General Paz","14021130","General Paz","Localidad simple"
"14021140","Jesús María",-30.9761309355354,-64.0957931680719,"14","Córdoba","14021","Colón","140112","Jesús María","14021140","Jesús María","Componente de localidad compuesta"
"14021150","La Calera",-31.3457926167976,-64.3384873148702,"14","Córdoba","14021","Colón","140119","La Calera","14021150","La Calera","Componente de localidad compuesta"
"14021160","La Granja",-31.0086241638688,-64.2678934275508,"14","Córdoba","14021","Colón","140126","La Granja","14021160","La Granja","Componente de localidad compuesta"
"14021170","La Puerta",-31.1431642572558,-64.0412657421536,"14","Córdoba","14021","Colón","140098","Colonia Tirolesa","14021170","La Puerta","Localidad simple"
"14021190","Malvinas Argentinas",-31.3742535756696,-64.0536917332686,"14","Córdoba","14021","Colón","140133","Malvinas Argentinas","14021190","Malvinas Argentinas","Localidad simple"
"14021200","Mendiolaza",-31.2640443703214,-64.3091277732629,"14","Córdoba","14021","Colón","140140","Mendiolaza","14021200","Mendiolaza","Componente de localidad compuesta"
"14021210","Mi Granja",-31.3553500072871,-64.0031894181341,"14","Córdoba","14021","Colón","140143","Mi Granja","14021210","Mi Granja","Localidad simple"
"14021230","Río Ceballos",-31.1697501304772,-64.3175041693725,"14","Córdoba","14021","Colón","140147","Río Ceballos","14021230","Río Ceballos","Componente de localidad compuesta"
"14021240","Saldán",-31.3153062144915,-64.3035286821267,"14","Córdoba","14021","Colón","140154","Saldán","14021240","Saldán","Componente de localidad compuesta"
"14021250","Salsipuedes",-31.1423535972901,-64.2974184744782,"14","Córdoba","14021","Colón","140161","Salsipuedes","14021250","Salsipuedes","Componente de localidad compuesta"
"14021270","Tinoco",-31.1245074978079,-63.8917952670958,"14","Córdoba","14021","Colón","142728","Tinoco","14021270","Tinoco","Localidad simple"
"14021280","Unquillo",-31.2371523751516,-64.3117636936437,"14","Córdoba","14021","Colón","140168","Unquillo","14021280","Unquillo","Componente de localidad compuesta"
"14021290","Villa Allende",-31.2936496256546,-64.2977013083088,"14","Córdoba","14021","Colón","140175","Villa Allende","14021290","Villa Allende","Componente de localidad compuesta"
"14021300","Villa Cerro Azul",-31.0706651818848,-64.3162353926988,"14","Córdoba","14021","Colón","142126","Villa Cerro Azul","14021300","Villa Cerro Azul","Localidad simple"
"14021310","Parque Norte - Ciudad de los Niños - Guiñazú Norte",-31.3124146261742,-64.1761908673028,"14","Córdoba","14021","Colón","140077","Córdoba","14021310","Parque Norte - Guinazu Norte","Componente de localidad compuesta"
"14021320","Villa Los Llanos - Juárez Celman",-31.2757298270107,-64.1646157997346,"14","Córdoba","14021","Colón","140105","Estación Juárez Celman","14021320","Villa Los Llanos - Juárez Celman","Localidad simple"
"14028010","Alto de los Quebrachos",-30.5432844931547,-65.036726705634,"14","Córdoba","14028","Cruz del Eje","142133","Alto de los Quebrachos","14028010","Alto de los Quebrachos","Localidad simple"
"14028020","Bañado de Soto",-30.7951306902471,-65.0526414509469,"14","Córdoba","14028","Cruz del Eje","142140","Bañado de Soto","14028020","Bañado de Soto","Localidad simple"
"14028040","Cruz de Caña",-31.0678362171856,-64.9347870163643,"14","Córdoba","14028","Cruz del Eje","142147","Cruz de Caña","14028040","Cruz de Cana","Localidad simple"
"14028050","Cruz del Eje",-30.7439287854916,-64.7907762625898,"14","Córdoba","14028","Cruz del Eje","140182","Cruz del Eje","14028050","Cruz del Eje","Localidad simple"
"14028060","El Brete",-30.6726348056743,-64.8718984580637,"14","Córdoba","14028","Cruz del Eje","140185","El Brete","14028060","El Brete","Localidad simple"
"14028080","Guanaco Muerto",-30.4786437166254,-65.0615999465835,"14","Córdoba","14028","Cruz del Eje","142161","Guanaco Muerto","14028080","Guanaco Muerto","Localidad simple"
"14028100","La Batea",-30.3722741905701,-65.3081506835707,"14","Córdoba","14028","Cruz del Eje","142168","La Batea","14028100","La Batea","Localidad simple"
"14028110","La Higuera",-31.0132902934693,-65.1028961989253,"14","Córdoba","14028","Cruz del Eje","142175","La Higuera","14028110","La Higuera","Localidad simple"
"14028120","Las Cañadas",-30.9149930562395,-64.7347253605041,"14","Córdoba","14028","Cruz del Eje","142182","Las Cañadas","14028120","Las Cañadas","Localidad simple"
"14028130","Las Playas",-30.7067406068792,-64.8472958527643,"14","Córdoba","14028","Cruz del Eje","142189","Las Playas","14028130","Las Playas","Localidad simple"
"14028140","Los Chañaritos",-30.557676818886,-64.9537465755734,"14","Córdoba","14028","Cruz del Eje","142196","Los Chañaritos","14028140","Los Chañaritos","Localidad simple"
"14028150","Media Naranja",-30.6440766851484,-64.9282561270634,"14","Córdoba","14028","Cruz del Eje","142203","Media Naranja","14028150","Media Naranja","Localidad simple"
"14028160","Paso Viejo",-30.767438455012,-65.1904310993209,"14","Córdoba","14028","Cruz del Eje","142210","Paso Viejo","14028160","Paso Viejo","Localidad simple"
"14028170","San Marcos Sierra",-30.7830128979704,-64.6361895651717,"14","Córdoba","14028","Cruz del Eje","140189","San Marcos Sierra","14028170","San Marcos Sierra","Localidad simple"
"14028180","Serrezuela",-30.6387724146337,-65.3887411301193,"14","Córdoba","14028","Cruz del Eje","140196","Serrezuela","14028180","Serrezuela","Localidad simple"
"14028190","Tuclame",-30.7465914481217,-65.23562125983,"14","Córdoba","14028","Cruz del Eje","142217","Tuclame","14028190","Tuclame","Localidad simple"
"14028200","Villa de Soto",-30.8552312644894,-64.9848914395855,"14","Córdoba","14028","Cruz del Eje","140203","Villa de Soto","14028200","Villa de Soto","Localidad simple"
"14035010","Del Campillo",-34.3788549787042,-64.4971277806815,"14","Córdoba","14035","General Roca","140217","Del Campillo","14035010","Del Campillo","Localidad simple"
"14035020","Estación Lecueder",-34.4960896298253,-64.8106844722385,"14","Córdoba","14035","General Roca","","","14035020","Estación Lecueder","Localidad simple"
"14035030","Hipólito Bouchard",-34.7238744309592,-63.5072646744416,"14","Córdoba","14035","General Roca","140210","Buchardo","14035030","Buchardo","Localidad simple"
"14035040","Huinca Renancó",-34.8413182092657,-64.374674241684,"14","Córdoba","14035","General Roca","140224","Huinca Renancó","14035040","Huinca Renancó","Localidad simple"
"14035050","Italó",-34.7908061221694,-63.7803573874566,"14","Córdoba","14035","General Roca","140231","Italó","14035050","Italó","Localidad simple"
"14035060","Mattaldi",-34.4812565933205,-64.1706963757217,"14","Córdoba","14035","General Roca","140245","Mattaldi","14035060","Mattaldi","Localidad simple"
"14035070","Nicolás Bruzzone",-34.4404202357062,-64.3416413140051,"14","Córdoba","14035","General Roca","142224","Nicolás Bruzzone","14035070","Nicolás Bruzzone","Localidad simple"
"14035080","Onagoity",-34.7726306535037,-63.6721545267546,"14","Córdoba","14035","General Roca","142231","Onagoity","14035080","Onagoity","Localidad simple"
"14035090","Pincén",-34.838183614786,-63.9165630450065,"14","Córdoba","14035","General Roca","142238","Pincén","14035090","Pincén","Localidad simple"
"14035100","Ranqueles",-34.8426586423884,-64.100317162126,"14","Córdoba","14035","General Roca","142245","Ranqueles","14035100","Ranqueles","Localidad simple"
"14035110","Santa Magdalena",-34.5188146178844,-63.9440394716914,"14","Córdoba","14035","General Roca","140238","Jovita","14035110","Jovita","Localidad simple"
"14035120","Villa Huidobro",-34.8405206144244,-64.5871000246117,"14","Córdoba","14035","General Roca","140252","Villa Huidobro","14035120","Villa Huidobro","Localidad simple"
"14035130","Villa Sarmiento",-34.1228538364414,-64.7251793561373,"14","Córdoba","14035","General Roca","142252","Villa Sarmiento","14035130","Villa Sarmiento","Localidad simple"
"14035140","Villa Valeria",-34.3414458163452,-64.9208144024683,"14","Córdoba","14035","General Roca","140259","Villa Valeria","14035140","Villa Valeria","Localidad simple"
"14042010","Arroyo Algodón",-32.2011870055989,-63.1651247599125,"14","Córdoba","14042","General San Martín","140266","Arroyo Algodón","14042010","Arroyo Algodon","Localidad simple"
"14042020","Arroyo Cabral",-32.489493401271,-63.4023757740179,"14","Córdoba","14042","General San Martín","140273","Arroyo Cabral","14042020","Arroyo Cabral","Localidad simple"
"14042030","Ausonia",-32.6617950020705,-63.2431129540741,"14","Córdoba","14042","General San Martín","140280","Ausonia","14042030","Ausonia","Localidad simple"
"14042040","Chazón",-33.0778686830531,-63.2750688076142,"14","Córdoba","14042","General San Martín","140287","Chazón","14042040","Chazón","Localidad simple"
"14042050","Etruria",-32.9392316160202,-63.2450080292635,"14","Córdoba","14042","General San Martín","140294","Etruria","14042050","Etruria","Localidad simple"
"14042060","La Laguna",-32.8025264638807,-63.2470933409626,"14","Córdoba","14042","General San Martín","140301","La Laguna","14042060","La Laguna","Localidad simple"
"14042070","La Palestina",-32.6164345716079,-63.4093992321595,"14","Córdoba","14042","General San Martín","140308","La Palestina","14042070","La Palestina","Localidad simple"
"14042080","La Playosa",-32.097001584398,-63.0343508725098,"14","Córdoba","14042","General San Martín","140315","La Playosa","14042080","La Playosa","Localidad simple"
"14042090","Las Mojarras",-32.3043333011971,-63.2334364556727,"14","Córdoba","14042","General San Martín","","","14042090","Las Mojarras","Localidad simple"
"14042100","Luca",-32.5405056698749,-63.4768932211512,"14","Córdoba","14042","General San Martín","140322","Luca","14042100","Luca","Localidad simple"
"14042110","Pasco",-32.7462180353295,-63.3417357565638,"14","Córdoba","14042","General San Martín","140329","Pasco","14042110","Pasco","Localidad simple"
"14042120","Sanabria",-32.5282930275938,-63.2480163099916,"14","Córdoba","14042","General San Martín","140280","Ausonia","14042120","Sanabria","Localidad simple"
"14042130","Silvio Pellico",-32.2496252958172,-62.9308811599002,"14","Córdoba","14042","General San Martín","140336","Silvio Pellico","14042130","Silvio Pellico","Localidad simple"
"14042140","Ticino",-32.693126806761,-63.4371065246176,"14","Córdoba","14042","General San Martín","140343","Ticino","14042140","Ticino","Localidad simple"
"14042150","Tío Pujio",-32.2870733284187,-63.3536812962105,"14","Córdoba","14042","General San Martín","140350","Tío Pujio","14042150","Tí­o Pujio","Localidad simple"
"14042170","Villa María",-32.4135041930881,-63.248329032642,"14","Córdoba","14042","General San Martín","140357","Villa María","14042170","Villa María","Componente de localidad compuesta"
"14042180","Villa Nueva",-32.4354764129042,-63.2478575788202,"14","Córdoba","14042","General San Martín","140364","Villa Nueva","14042180","Villa Nueva","Componente de localidad compuesta"
"14042190","Villa Oeste",-32.4169424085691,-63.2834583533615,"14","Córdoba","14042","General San Martín","140364","Villa Nueva","14042190","Villa Oeste","Localidad simple"
"14049010","Avellaneda",-30.5942904368422,-64.2056869543903,"14","Córdoba","14049","Ischilín","142259","Avellaneda","14049010","Avellaneda","Localidad simple"
"14049020","Cañada de Río Pinto",-30.7757911856885,-64.218650967602,"14","Córdoba","14049","Ischilín","142266","Cañada de Río Pinto","14049020","Cañada de Rio Pinto","Localidad simple"
"14049030","Chuña",-30.4670741739895,-64.6702311731976,"14","Córdoba","14049","Ischilín","142273","Chuña","14049030","Chuña","Localidad simple"
"14049040","Copacabana",-30.6429020291104,-64.4995043048417,"14","Córdoba","14049","Ischilín","142280","Copacabana","14049040","Copacabana","Localidad simple"
"14049050","Deán Funes",-30.4249771769302,-64.35273931174,"14","Córdoba","14049","Ischilín","140371","Deán Funes","14049050","Deán Funes","Localidad simple"
"14049080","Los Pozos",-30.5191804150051,-64.2522892562555,"14","Córdoba","14049","Ischilín","142287","Los Pozos","14049080","Los Pozos","Localidad simple"
"14049090","Olivares de San Nicolás",-30.6012264239052,-64.8556055205058,"14","Córdoba","14049","Ischilín","142294","Olivares de San Nicolás","14049090","Olivares de San Nicolás","Localidad simple"
"14049100","Quilino",-30.2141741753478,-64.4993682465442,"14","Córdoba","14049","Ischilín","140378","Quilino","14049100","Quilino","Localidad simple"
"14049110","San Pedro de Toyos",-30.4542122342579,-64.4448949849585,"14","Córdoba","14049","Ischilín","","","14049110","San Pedro de Toyos","Localidad simple"
"14049120","Villa Gutiérrez",-30.6792055355653,-64.1601540603629,"14","Córdoba","14049","Ischilín","142301","Villa Gutiérrez","14049120","Villa Gutiérrez","Localidad simple"
"14056010","Alejandro Roca",-33.3535611422207,-63.7177345908776,"14","Córdoba","14056","Juárez Celman","140385","Alejandro Roca","14056010","Alejandro Roca","Localidad simple"
"14056020","Assunta",-33.6341653860737,-63.2256220940937,"14","Córdoba","14056","Juárez Celman","142308","Assunta","14056020","Assunta","Localidad simple"
"14056030","Bengolea",-33.0247715016078,-63.6698958046962,"14","Córdoba","14056","Juárez Celman","140392","Bengolea","14056030","Bengolea","Localidad simple"
"14056040","Carnerillo",-32.9131482495273,-64.0225799574983,"14","Córdoba","14056","Juárez Celman","140399","Carnerillo","14056040","Carnerillo","Localidad simple"
"14056050","Charras",-33.025379107614,-64.0468745495955,"14","Córdoba","14056","Juárez Celman","140406","Charras","14056050","Charras","Localidad simple"
"14056060","El Rastreador",-33.6661834475089,-63.5393329155376,"14","Córdoba","14056","Juárez Celman","142315","El Rastreador","14056060","El Rastreador","Localidad simple"
"14056070","General Cabrera",-32.8145729537056,-63.8749572232084,"14","Córdoba","14056","Juárez Celman","140413","General Cabrera","14056070","General Cabrera","Localidad simple"
"14056080","General Deheza",-32.7563272558798,-63.7891325487676,"14","Córdoba","14056","Juárez Celman","140420","General Deheza","14056080","General Deheza","Localidad simple"
"14056090","Huanchillas",-33.6684902972492,-63.6362592216111,"14","Córdoba","14056","Juárez Celman","140427","Huanchilla","14056090","Huanchilla","Localidad simple"
"14056100","La Carlota",-33.4179776759532,-63.2936289409448,"14","Córdoba","14056","Juárez Celman","140434","La Carlota","14056100","La Carlota","Localidad simple"
"14056110","Los Cisnes",-33.4003583812229,-63.4723888936644,"14","Córdoba","14056","Juárez Celman","140441","Los Cisnes","14056110","Los Cisnes","Localidad simple"
"14056130","Pacheco de Melo",-33.7584460192307,-63.4903023260087,"14","Córdoba","14056","Juárez Celman","142322","Pacheco de Melo","14056130","Pacheco de Melo","Localidad simple"
"14056140","Paso del Durazno",-33.1707368569602,-64.0477630393348,"14","Córdoba","14056","Juárez Celman","142329","Paso del Durazno","14056140","Paso del Durazno","Componente de localidad compuesta"
"14056150","Santa Eufemia",-33.1764791369835,-63.286607639172,"14","Córdoba","14056","Juárez Celman","140462","Santa Eufemia","14056150","Santa Eufemia","Localidad simple"
"14056160","Ucacha",-33.0314400484848,-63.5061198919908,"14","Córdoba","14056","Juárez Celman","140469","Ucacha","14056160","Ucacha","Localidad simple"
"14056170","Villa Reducción",-33.2031138079518,-63.8626455259537,"14","Córdoba","14056","Juárez Celman","140455","Reducción","14056170","Reducción","Localidad simple"
"14063010","Alejo Ledesma",-33.6053920200864,-62.625880987744,"14","Córdoba","14063","Marcos Juárez","140476","Alejo Ledesma","14063010","Alejo Ledesma","Localidad simple"
"14063020","Arias",-33.6420729225189,-62.4041194655182,"14","Córdoba","14063","Marcos Juárez","140483","Arias","14063020","Arias","Localidad simple"
"14063030","Camilo Aldao",-33.1275862241272,-62.094840853455,"14","Córdoba","14063","Marcos Juárez","140490","Camilo Aldao","14063030","Camilo Aldao","Localidad simple"
"14063040","Capitán General Bernardo O'Higgins",-33.2482565790199,-62.2688345888296,"14","Córdoba","14063","Marcos Juárez","140497","Capitán General Bernardo O'Higgins","14063040","Capitán General Bernardo O Higgins","Localidad simple"
"14063050","Cavanagh",-33.4737649768214,-62.338907063379,"14","Córdoba","14063","Marcos Juárez","140504","Cavanagh","14063050","Cavanagh","Localidad simple"
"14063060","Colonia Barge",-33.2582393924,-62.6075243980859,"14","Córdoba","14063","Marcos Juárez","142336","Colonia Barge","14063060","Colonia Barge","Localidad simple"
"14063070","Colonia Italiana",-33.3117017575472,-62.176462774246,"14","Córdoba","14063","Marcos Juárez","140511","Colonia Italiana","14063070","Colonia Italiana","Localidad simple"
"14063080","Colonia Veinticinco",-32.8876809419638,-61.9517449836933,"14","Córdoba","14063","Marcos Juárez","140574","Los Surgentes","14063080","Colonia Veinticinco","Localidad simple"
"14063090","Corral de Bustos",-33.2830928544683,-62.1865429174032,"14","Córdoba","14063","Marcos Juárez","140518","Corral de Bustos Ifflinger","14063090","Corral de Bustos Ifflinger","Localidad simple"
"14063100","Cruz Alta",-33.0083997293961,-61.8057792803375,"14","Córdoba","14063","Marcos Juárez","140525","Cruz Alta","14063100","Cruz Alta","Localidad simple"
"14070080","Tosno",-30.9598738194308,-65.3103972669276,"14","Córdoba","14070","Minas","142399","Tosno","14070080","Tosno","Localidad simple"
"14063110","General Baldissera",-33.1220805916617,-62.3028841678808,"14","Córdoba","14063","Marcos Juárez","140532","General Baldissera","14063110","General Baldissera","Localidad simple"
"14063120","General Roca",-32.7308774807212,-61.9158266714317,"14","Córdoba","14063","Marcos Juárez","140539","General Roca","14063120","General Roca","Localidad simple"
"14063130","Guatimozín",-33.4642879445387,-62.4382553098875,"14","Córdoba","14063","Marcos Juárez","140546","Guatimozín","14063130","Guatimozín","Localidad simple"
"14063140","Inriville",-32.945647467009,-62.2307908603693,"14","Córdoba","14063","Marcos Juárez","140553","Inriville","14063140","Inriville","Localidad simple"
"14063150","Isla Verde",-33.239697566848,-62.4015958014292,"14","Córdoba","14063","Marcos Juárez","140560","Isla Verde","14063150","Isla Verde","Localidad simple"
"14063160","Leones",-32.6593552693932,-62.2972675758562,"14","Córdoba","14063","Marcos Juárez","140567","Leones","14063160","Leones","Localidad simple"
"14063170","Los Surgentes",-32.9852692707788,-62.0218743100721,"14","Córdoba","14063","Marcos Juárez","140574","Los Surgentes","14063170","Los Surgentes","Localidad simple"
"14063180","Marcos Juárez",-32.6906362907814,-62.1011265194652,"14","Córdoba","14063","Marcos Juárez","140581","Marcos Juárez","14063180","Marcos Juarez","Localidad simple"
"14063190","Monte Buey",-32.9156374383737,-62.454900955381,"14","Córdoba","14063","Marcos Juárez","140588","Monte Buey","14063190","Monte Buey","Localidad simple"
"14063210","Saira",-32.4097129871359,-62.1023489220675,"14","Córdoba","14063","Marcos Juárez","140595","Saira","14063210","Saira","Localidad simple"
"14063220","Saladillo",-32.9338712550359,-62.3437118793861,"14","Córdoba","14063","Marcos Juárez","142343","Saladillo","14063220","Saladillo","Localidad simple"
"14063230","Villa Elisa",-32.8347578086408,-62.2952589654963,"14","Córdoba","14063","Marcos Juárez","142350","Villa Elisa","14063230","Villa Elisa","Localidad simple"
"14070050","La Playa",-31.0096689758107,-65.3612671996185,"14","Córdoba","14070","Minas","142385","La Playa","14070050","La Playa","Localidad simple"
"14070010","Ciénaga del Coro",-31.0424218865363,-65.2835250950022,"14","Córdoba","14070","Minas","142357","Ciénaga del Coro","14070010","Ciénaga Del Coro","Localidad simple"
"14070020","El Chacho",-30.8003826357539,-65.65640422135,"14","Córdoba","14070","Minas","142364","El Chacho","14070020","El Chacho","Localidad simple"
"14070030","Estancia de Guadalupe",-31.1300757365706,-65.2159754678766,"14","Córdoba","14070","Minas","142371","Estancia de Guadalupe","14070030","Estancia de Guadalupe","Localidad simple"
"14070040","Guasapampa",-31.1015929485825,-65.3292093453157,"14","Córdoba","14070","Minas","142378","Guasapampa","14070040","Guasapampa","Localidad simple"
"14070060","San Carlos Minas",-31.1765584414897,-65.1018201177792,"14","Córdoba","14070","Minas","140602","San Carlos Minas","14070060","San Carlos Minas","Localidad simple"
"14070070","Talaini",-31.249850218493,-65.1692870783873,"14","Córdoba","14070","Minas","142392","Talaini","14070070","Talaini","Localidad simple"
"14077010","Chancani",-31.4159636346356,-65.4512532371259,"14","Córdoba","14077","Pocho","142406","Chancani","14077010","Chancani","Localidad simple"
"14077020","Las Palmas",-31.3777759391536,-65.2898362313984,"14","Córdoba","14077","Pocho","142413","Las Palmas","14077020","Las Palmas","Localidad simple"
"14077030","Los Talares",-31.4071472476818,-65.0470184171855,"14","Córdoba","14077","Pocho","142420","Los Talares","14077030","Los Talares","Localidad simple"
"14077040","Salsacate",-31.3178575767975,-65.0895253076512,"14","Córdoba","14077","Pocho","140609","Salsacate","14077040","Salsacate","Localidad simple"
"14077050","San Gerónimo",-31.3441844922836,-64.9190482748753,"14","Córdoba","14077","Pocho","142427","San Gerónimo","14077050","San Geronimo","Localidad simple"
"14077060","Tala Cañada",-31.3544884840507,-64.9759061303191,"14","Córdoba","14077","Pocho","142434","Tala Cañada","14077060","Tala Cañada","Localidad simple"
"14077080","Villa de Pocho",-31.4901575769203,-65.2809505456354,"14","Córdoba","14077","Pocho","142441","Villa de Pocho","14077080","Villa de Pocho","Localidad simple"
"14084010","General Levalle",-34.0070747945052,-63.9234765017096,"14","Córdoba","14084","Presidente Roque Sáenz Peña","140616","General Levalle","14084010","General Levalle","Localidad simple"
"14084020","La Cesira",-33.9536480908797,-62.9773029539306,"14","Córdoba","14084","Presidente Roque Sáenz Peña","140623","La Cesira","14084020","La Cesira","Localidad simple"
"14084030","Laboulaye",-34.1286322353031,-63.3907017059902,"14","Córdoba","14084","Presidente Roque Sáenz Peña","140630","Laboulaye","14084030","Laboulaye","Localidad simple"
"14084040","Leguizamón",-34.2041801239358,-62.9758471821582,"14","Córdoba","14084","Presidente Roque Sáenz Peña","142448","Leguizamón","14084040","Leguizamón","Localidad simple"
"14084050","Melo",-34.3486754803918,-63.4451505752925,"14","Córdoba","14084","Presidente Roque Sáenz Peña","140637","Melo","14084050","Melo","Localidad simple"
"14084060","Río Bamba",-34.0513720434127,-63.7330655229357,"14","Córdoba","14084","Presidente Roque Sáenz Peña","142455","Río Bamba","14084060","Río Bamba","Localidad simple"
"14084070","Rosales",-34.171775958063,-63.1540264482231,"14","Córdoba","14084","Presidente Roque Sáenz Peña","140644","Rosales","14084070","Rosales","Localidad simple"
"14084080","San Joaquín",-34.5117297210437,-63.7088418221183,"14","Córdoba","14084","Presidente Roque Sáenz Peña","142462","San Joaquín","14084080","San Joaquin","Localidad simple"
"14084090","Serrano",-34.4706743272088,-63.5402860917135,"14","Córdoba","14084","Presidente Roque Sáenz Peña","140651","Serrano","14084090","Serrano","Localidad simple"
"14084100","Villa Rossi",-34.2979365972573,-63.2685389833266,"14","Córdoba","14084","Presidente Roque Sáenz Peña","140658","Villa Rossi","14084100","Villa Rossi","Localidad simple"
"14091020","Bialet Massé",-31.3139053093993,-64.4640350184571,"14","Córdoba","14091","Punilla","140665","Bialet Massé","14091020","Bialet Massé","Componente de localidad compuesta"
"14091030","Cabalango",-31.3905569618048,-64.5603055530165,"14","Córdoba","14091","Punilla","142469","Cabalango","14091030","Cabalango","Localidad simple"
"14091040","Capilla del Monte",-30.8568691658209,-64.5263505223853,"14","Córdoba","14091","Punilla","140672","Capilla del Monte","14091040","Capilla del Monte","Localidad simple"
"14091050","Casa Grande",-31.1528415546034,-64.4734545635358,"14","Córdoba","14091","Punilla","142476","Casa Grande","14091050","Casa Grande","Componente de localidad compuesta"
"14091060","Charbonier",-30.7749790578338,-64.5441693337156,"14","Córdoba","14091","Punilla","142483","Charbonier","14091060","Charbonier","Localidad simple"
"14091070","Cosquín",-31.2436682815352,-64.465348549937,"14","Córdoba","14091","Punilla","140679","Cosquín","14091070","Cosquín","Componente de localidad compuesta"
"14091080","Cuesta Blanca",-31.4803348492041,-64.5786921787276,"14","Córdoba","14091","Punilla","142490","Cuesta Blanca","14091080","Cuesta Blanca","Componente de localidad compuesta"
"14091090","Estancia Vieja",-31.3820274335749,-64.5314218605319,"14","Córdoba","14091","Punilla","142497","Estancia Vieja","14091090","Estancia Vieja","Componente de localidad compuesta"
"14091100","Huerta Grande",-31.0752894665762,-64.4908280142166,"14","Córdoba","14091","Punilla","140686","Huerta Grande","14091100","Huerta Grande","Componente de localidad compuesta"
"14091110","La Cumbre",-30.9821337813884,-64.4941975929075,"14","Córdoba","14091","Punilla","140693","La Cumbre","14091110","La Cumbre","Componente de localidad compuesta"
"14091120","La Falda",-31.0944265203633,-64.4829476480663,"14","Córdoba","14091","Punilla","140700","La Falda","14091120","La Falda","Componente de localidad compuesta"
"14091130","Las Jarillas",-31.5174192341833,-64.5341843067071,"14","Córdoba","14091","Punilla","140710","San Antonio de Arredondo","14091130","Las Jarillas","Localidad simple"
"14091140","Los Cocos",-30.9264646838313,-64.5003923888041,"14","Córdoba","14091","Punilla","140707","Los Cocos","14091140","Los Cocos","Componente de localidad compuesta"
"14091150","Mallín",-31.2970218527109,-64.5732543628865,"14","Córdoba","14091","Punilla","140721","Santa María de Punilla","14091150","Malli­n","Localidad simple"
"14091160","Mayu Sumaj",-31.4722715599591,-64.5414696810019,"14","Córdoba","14091","Punilla","142504","Mayu Sumaj","14091160","Mayu Sumaj","Componente de localidad compuesta"
"14091180","San Antonio de Arredondo",-31.4827918792713,-64.5278104812233,"14","Córdoba","14091","Punilla","140710","San Antonio de Arredondo","14091180","San Antonio de Arredondo","Componente de localidad compuesta"
"14091190","San Esteban",-30.9211407617316,-64.5363714632324,"14","Córdoba","14091","Punilla","140714","San Esteban","14091190","San Esteban","Componente de localidad compuesta"
"14091200","San Roque",-31.3452988597799,-64.4511033928957,"14","Córdoba","14091","Punilla","142518","San Roque","14091200","San Roque","Componente de localidad compuesta"
"14091210","Santa María de Punilla",-31.275638255093,-64.4636272645669,"14","Córdoba","14091","Punilla","140721","Santa María de Punilla","14091210","Santa Mari­a de Punilla","Componente de localidad compuesta"
"14091220","Tala Huasi",-31.47331489974,-64.5669430617586,"14","Córdoba","14091","Punilla","142525","Tala Huasi","14091220","Tala Huasi","Componente de localidad compuesta"
"14091230","Tanti",-31.3547963972077,-64.5923472529954,"14","Córdoba","14091","Punilla","140728","Tanti","14091230","Tanti","Componente de localidad compuesta"
"14091240","Valle Hermoso",-31.1139612029398,-64.4851589438646,"14","Córdoba","14091","Punilla","140735","Valle Hermoso","14091240","Valle Hermoso","Componente de localidad compuesta"
"14091250","Villa Carlos Paz",-31.4179169402695,-64.4940291640464,"14","Córdoba","14091","Punilla","140742","Villa Carlos Paz","14091250","Villa Carlos Paz","Componente de localidad compuesta"
"14091260","Villa Flor Serrana",-31.3905452515201,-64.5956887243474,"14","Córdoba","14091","Punilla","140728","Tanti","14091260","Villa Flor Serrana","Localidad simple"
"14091270","Villa Giardino",-31.0502719319409,-64.496785385042,"14","Córdoba","14091","Punilla","140749","Villa Giardino","14091270","Villa Giardino","Componente de localidad compuesta"
"14091280","Villa Lago Azul",-31.3734098206203,-64.4831976847182,"14","Córdoba","14091","Punilla","140754","Villa Santa Cruz del Lago","14091280","Villa Lago Azul","Localidad simple"
"14091290","Villa Parque Siquimán",-31.3464555064848,-64.4824487591943,"14","Córdoba","14091","Punilla","142532","Villa Parque Síquiman","14091290","Villa Parque Siquimán","Componente de localidad compuesta"
"14091300","Villa Río Icho Cruz",-31.4826750286686,-64.5647262933493,"14","Córdoba","14091","Punilla","140752","Villa Río Icho Cruz","14091300","Villa Río Icho Cruz","Componente de localidad compuesta"
"14091320","Villa Santa Cruz del Lago",-31.3663813401722,-64.5219985925242,"14","Córdoba","14091","Punilla","140754","Villa Santa Cruz del Lago","14091320","Villa Santa Cruz del Lago","Componente de localidad compuesta"
"14098010","Achiras",-33.1744471620908,-64.9920618144743,"14","Córdoba","14098","Río Cuarto","140756","Achiras","14098010","Achiras","Localidad simple"
"14098020","Adelia María",-33.6320303880364,-64.0216780090112,"14","Córdoba","14098","Río Cuarto","140763","Adelia María","14098020","Adelia María","Localidad simple"
"14098030","Alcira Gigena",-32.7588292300939,-64.3340334156491,"14","Córdoba","14098","Río Cuarto","140770","Alcira","14098030","Alcira","Localidad simple"
"14098040","Alpa Corral",-32.6921124082415,-64.7235966023545,"14","Córdoba","14098","Río Cuarto","140777","Alpa Corral","14098040","Alpa Corral","Localidad simple"
"14098050","Berrotarán",-32.4528417351187,-64.3879391106245,"14","Córdoba","14098","Río Cuarto","140784","Berrotarán","14098050","Berrotarán","Localidad simple"
"14098060","Bulnes",-33.5059261778155,-64.6782186707837,"14","Córdoba","14098","Río Cuarto","140791","Bulnes","14098060","Bulnes","Localidad simple"
"14098070","Chaján",-33.5556299871625,-65.0026547353906,"14","Córdoba","14098","Río Cuarto","140798","Chaján","14098070","Chaján","Localidad simple"
"14098080","Chucul",-33.0093371221871,-64.1699747861705,"14","Córdoba","14098","Río Cuarto","142553","Chucul","14098080","Chucul","Localidad simple"
"14098090","Coronel Baigorria",-32.8474045290245,-64.3610770121251,"14","Córdoba","14098","Río Cuarto","140805","Coronel Baigorria","14098090","Coronel Baigorria","Localidad simple"
"14098100","Coronel Moldes",-33.6227285213653,-64.5970481396538,"14","Córdoba","14098","Río Cuarto","140812","Coronel Moldes","14098100","Coronel Moldes","Localidad simple"
"14098110","Elena",-32.5703939625154,-64.3939049255638,"14","Córdoba","14098","Río Cuarto","140819","Elena","14098110","Elena","Localidad simple"
"14098120","La Carolina",-33.1868443218852,-64.7251128795183,"14","Córdoba","14098","Río Cuarto","142560","La Carolina El Potosí","14098120","La Carolina El Potosi","Localidad simple"
"14098130","La Cautiva",-33.9796449671994,-64.0834562449082,"14","Córdoba","14098","Río Cuarto","140826","La Cautiva","14098130","La Cautiva","Localidad simple"
"14098140","La Gilda",-33.2081613189294,-64.2584439924227,"14","Córdoba","14098","Río Cuarto","","","14098140","La Gilda","Localidad simple"
"14098150","Las Acequias",-33.2802823361599,-63.9753761495156,"14","Córdoba","14098","Río Cuarto","140833","Las Acequias","14098150","Las Acequias","Localidad simple"
"14098160","Las Albahacas",-32.8884091801626,-64.8448424724358,"14","Córdoba","14098","Río Cuarto","142567","Las Albahacas","14098160","Las Albahacas","Localidad simple"
"14098170","Las Higueras",-33.0898038759835,-64.2853623066603,"14","Córdoba","14098","Río Cuarto","140840","Las Higueras","14098170","Las Higueras","Componente de localidad compuesta"
"14098180","Las Peñas",-32.5347057052658,-64.1045725963687,"14","Córdoba","14098","Río Cuarto","142574","Las Peñas Sud","14098180","Las Peñas Sud","Localidad simple"
"14098190","Las Vertientes",-33.2834447901943,-64.5777124849718,"14","Córdoba","14098","Río Cuarto","140847","Las Vertientes","14098190","Las Vertientes","Localidad simple"
"14098200","Malena",-33.4904055824832,-64.4308786537682,"14","Córdoba","14098","Río Cuarto","142581","Malena","14098200","Malena","Localidad simple"
"14098210","Monte de los Gauchos",-33.6390864181845,-63.8896728302675,"14","Córdoba","14098","Río Cuarto","140854","Monte de los Gauchos","14098210","Monte de los Gauchos","Localidad simple"
"14098230","Río Cuarto",-33.1238369342208,-64.3490032179798,"14","Córdoba","14098","Río Cuarto","140861","Río Cuarto","14098230","Río Cuarto","Componente de localidad compuesta"
"14098240","Sampacho",-33.3840227581931,-64.722878268168,"14","Córdoba","14098","Río Cuarto","140868","Sampacho","14098240","Sampacho","Localidad simple"
"14098250","San Basilio",-33.498548483794,-64.3147319478558,"14","Córdoba","14098","Río Cuarto","140875","San Basilio","14098250","San Basilio","Localidad simple"
"14098260","Santa Catalina Holmberg",-33.2051899707377,-64.4378286821745,"14","Córdoba","14098","Río Cuarto","140882","Santa Catalina Holmberg","14098260","Santa Catalina Holmberg","Localidad simple"
"14098270","Suco",-33.439992150182,-64.830882262924,"14","Córdoba","14098","Río Cuarto","142588","Suco","14098270","Suco","Localidad simple"
"14098280","Tosquitas",-33.8196836254827,-64.4576700736724,"14","Córdoba","14098","Río Cuarto","140889","Tosquita","14098280","Tosquita","Localidad simple"
"14098290","Vicuña Mackenna",-33.9156416650297,-64.3898545567239,"14","Córdoba","14098","Río Cuarto","140896","Vicuña Mackenna","14098290","Vicuña Mackenna","Localidad simple"
"14098300","Villa El Chacay",-32.8925554182168,-64.8679552261021,"14","Córdoba","14098","Río Cuarto","142595","Villa El Chacay","14098300","Villa El Chacay","Localidad simple"
"14098320","Washington",-33.8737376102712,-64.6895940042447,"14","Córdoba","14098","Río Cuarto","142602","Washington","14098320","Washington","Localidad simple"
"14105010","Atahona",-30.9029674267497,-63.7063294940983,"14","Córdoba","14105","Río Primero","142609","Atahona","14105010","Atahona","Localidad simple"
"14105020","Cañada de Machado",-31.4297203867713,-63.5877259163344,"14","Córdoba","14105","Río Primero","142616","Cañada de Machado","14105020","Cañada De Machado","Localidad simple"
"14105030","Capilla de los Remedios",-31.4305558847437,-63.832425211005,"14","Córdoba","14105","Río Primero","142623","Capilla de los Remedios","14105030","Capilla de los Remedios","Localidad simple"
"14105040","Chalacea",-30.7603966656184,-63.5612423391006,"14","Córdoba","14105","Río Primero","142630","Chalacea","14105040","Chalacea","Localidad simple"
"14105050","Colonia Las Cuatro Esquinas",-31.2085480364788,-63.2229686703641,"14","Córdoba","14105","Río Primero","142637","Colonia Las Cuatro Esquinas","14105050","Colonia Las Cuatro Esquinas","Localidad simple"
"14105060","Diego de Rojas",-31.0285400659698,-63.3383832232436,"14","Córdoba","14105","Río Primero","142651","Diego de Rojas","14105060","Diego de Rojas","Localidad simple"
"14105070","El Alcalde",-31.116407937563,-63.6016162850712,"14","Córdoba","14105","Río Primero","","","14105070","El Alcalde","Localidad simple"
"14105080","El Crispín",-31.0176067254515,-63.6053511676616,"14","Córdoba","14105","Río Primero","142658","El Crispín","14105080","El Crispín","Localidad simple"
"14105090","Esquina",-31.077912151744,-63.7936405494997,"14","Córdoba","14105","Río Primero","142665","Esquina","14105090","Esquina","Localidad simple"
"14105100","Kilómetro 658",-31.3688486221668,-63.530628418199,"14","Córdoba","14105","Río Primero","142672","Kilómetro 658","14105100","Kilómetro 658","Localidad simple"
"14105110","La Para",-30.8941305312153,-63.0013963030968,"14","Córdoba","14105","Río Primero","140903","La Para","14105110","La Para","Localidad simple"
"14105120","La Posta",-30.5655747818198,-63.5169640654929,"14","Córdoba","14105","Río Primero","142679","La Posta","14105120","La Posta","Localidad simple"
"14105130","La Puerta",-30.89334294769,-63.2548254529832,"14","Córdoba","14105","Río Primero","140910","La Puerta","14105130","La Puerta","Localidad simple"
"14105140","La Quinta",-31.0619019122381,-63.1513266097879,"14","Córdoba","14105","Río Primero","142686","La Quinta","14105140","La Quinta","Localidad simple"
"14105150","Las Gramillas",-31.1317938211284,-63.2278847286422,"14","Córdoba","14105","Río Primero","142693","Las Gramillas","14105150","Las Gramillas","Localidad simple"
"14105160","Las Saladas",-30.75960088275,-63.2042758081725,"14","Córdoba","14105","Río Primero","142700","Las Saladas","14105160","Las Saladas","Localidad simple"
"14105170","Maquinista Gallini",-30.9086017894278,-63.5316076235889,"14","Córdoba","14105","Río Primero","142707","Maquinista Gallini","14105170","Maquinista Gallini","Localidad simple"
"14105180","Monte del Rosario",-30.9822672144269,-63.6018303746432,"14","Córdoba","14105","Río Primero","","","14105180","Monte del Rosario","Localidad simple"
"14105190","Montecristo",-31.3419860203389,-63.9472252989631,"14","Córdoba","14105","Río Primero","140917","Montecristo","14105190","Montecristo","Localidad simple"
"14105200","Obispo Trejo",-30.7812923950995,-63.410365748629,"14","Córdoba","14105","Río Primero","140924","Obispo Trejo","14105200","Obispo Trejo","Localidad simple"
"14105210","Piquillín",-31.3005997390951,-63.75767305543,"14","Córdoba","14105","Río Primero","140931","Piquillín","14105210","Piquillín","Localidad simple"
"14105220","Plaza de Mercedes",-30.9783551069074,-63.2606882348996,"14","Córdoba","14105","Río Primero","142714","Plaza de Mercedes","14105220","Plaza de Mercedes","Localidad simple"
"14105230","Pueblo Comechingones",-31.1714887271348,-63.6053259903679,"14","Córdoba","14105","Río Primero","142644","Comechingones","14105230","Comechingones","Localidad simple"
"14105240","Río Primero",-31.3338717909147,-63.6185723754357,"14","Córdoba","14105","Río Primero","140938","Río Primero","14105240","Río Primero","Localidad simple"
"14105250","Sagrada Familia",-31.2893272904957,-63.4454333541882,"14","Córdoba","14105","Río Primero","142721","Sagrada Familia","14105250","Sagrada Familia","Localidad simple"
"14105260","Santa Rosa de Río Primero",-31.1535276572799,-63.3994126020727,"14","Córdoba","14105","Río Primero","140945","Villa Santa Rosa","14105260","Villa Santa Rosa","Localidad simple"
"14105270","Villa Fontana",-30.8937076951316,-63.1171529409041,"14","Córdoba","14105","Río Primero","140952","Villa Fontana","14105270","Villa Fontana","Localidad simple"
"14112100","Santa Elena",-30.1157068581505,-63.8429027103488,"14","Córdoba","14112","Río Seco","142791","Santa Elena","14112100","Santa Elena","Localidad simple"
"14112010","Cerro Colorado",-30.0955838474018,-63.9321618756654,"14","Córdoba","14112","Río Seco","142735","Cerro Colorado","14112010","Cerro Colorado","Localidad simple"
"14112020","Chañar Viejo",-29.9984049797927,-63.852734229904,"14","Córdoba","14112","Río Seco","142742","Chañar Viejo","14112020","Chañar Viejo","Localidad simple"
"14112030","Eufrasio Loza",-29.9247382174977,-63.5908148033366,"14","Córdoba","14112","Río Seco","142749","Eufrasio Loza","14112030","Eufrasio Loza","Localidad simple"
"14112040","Gutemberg",-29.7208999948053,-63.5151526051883,"14","Córdoba","14112","Río Seco","142756","Gutemberg","14112040","Gutemberg","Localidad simple"
"14112050","La Rinconada",-30.1840040500828,-62.9456689848744,"14","Córdoba","14112","Río Seco","142763","La Rinconada","14112050","La Rinconada","Localidad simple"
"14112060","Los Hoyos",-29.8024626093423,-63.6282467011945,"14","Córdoba","14112","Río Seco","142770","Los Hoyos","14112060","Los Hoyos","Localidad simple"
"14112070","Puesto de Castro",-30.270528696975,-63.4263595745392,"14","Córdoba","14112","Río Seco","142777","Puesto de Castro","14112070","Puesto de Castro","Localidad simple"
"14112080","Rayo Cortado",-30.0729914011542,-63.8236025574958,"14","Córdoba","14112","Río Seco","142784","Rayo Cortado","14112080","Rayo Cortado","Localidad simple"
"14112090","San Pedro de Gütemberg",-29.6983650219047,-63.5606880209918,"14","Córdoba","14112","Río Seco","142756","Gutemberg","14112090","San Pedro de Gutemberg","Localidad simple"
"14112110","Sebastián Elcano",-30.1604055143282,-63.5924899770234,"14","Córdoba","14112","Río Seco","140959","Sebastián Elcano","14112110","Sebastian Elcano","Localidad simple"
"14112120","Villa Candelaria",-29.8129102449212,-63.3551261194399,"14","Córdoba","14112","Río Seco","142798","Villa Candelaria Norte","14112120","Villa Candelaria","Localidad simple"
"14112130","Villa de María",-29.9065231333502,-63.7225619706298,"14","Córdoba","14112","Río Seco","140966","Villa de María","14112130","Villa de María","Localidad simple"
"14119010","Calchín",-31.6688571350915,-63.1990430194773,"14","Córdoba","14119","Río Segundo","140973","Calchín","14119010","Calchín","Localidad simple"
"14119020","Calchín Oeste",-31.8625489348075,-63.2777859929812,"14","Córdoba","14119","Río Segundo","140980","Calchín Oeste","14119020","Calchín Oeste","Localidad simple"
"14119030","Capilla del Carmen",-31.5076796457479,-63.3431450430554,"14","Córdoba","14119","Río Segundo","140987","Capilla del Carmen","14119030","Capilla del Carmen","Localidad simple"
"14119040","Carrilobo",-31.8737148813053,-63.1173981360837,"14","Córdoba","14119","Río Segundo","140994","Carrilobo","14119040","Carrilobo","Localidad simple"
"14119050","Colazo",-31.9645614307766,-63.382678347758,"14","Córdoba","14119","Río Segundo","141001","Colazo","14119050","Colazo","Localidad simple"
"14119060","Colonia Videla",-31.917276973402,-63.5035080788882,"14","Córdoba","14119","Río Segundo","142805","Colonia Videla","14119060","Colonia Videla","Localidad simple"
"14119070","Costasacate",-31.6453192327198,-63.7588686595111,"14","Córdoba","14119","Río Segundo","141008","Costa Sacate","14119070","Costa Sacate","Localidad simple"
"14119080","Impira",-31.7984738110307,-63.6500834674981,"14","Córdoba","14119","Río Segundo","142812","Impira","14119080","Impira","Localidad simple"
"14119090","Laguna Larga",-31.7756994528712,-63.8003265395626,"14","Córdoba","14119","Río Segundo","141015","Laguna Larga","14119090","Laguna Larga","Localidad simple"
"14119100","Las Junturas",-31.8313962124571,-63.4506365754631,"14","Córdoba","14119","Río Segundo","141022","Las Junturas","14119100","Las Junturas","Localidad simple"
"14119110","Los Chañaritos",-31.4025299098834,-63.3305013185176,"14","Córdoba","14119","Río Segundo","142819","Los Chañaritos","14119110","Los Chañaritos","Localidad simple"
"14119120","Luque",-31.6477262893289,-63.3450817196133,"14","Córdoba","14119","Río Segundo","141029","Luque","14119120","Luque","Localidad simple"
"14119130","Manfredi",-31.8457573204536,-63.7475580132549,"14","Córdoba","14119","Río Segundo","141036","Manfredi","14119130","Manfredi","Localidad simple"
"14119140","Matorrales",-31.7147105639053,-63.5107183510823,"14","Córdoba","14119","Río Segundo","141043","Matorrales","14119140","Matorrales","Localidad simple"
"14119150","Oncativo",-31.9134321040175,-63.6820214046002,"14","Córdoba","14119","Río Segundo","141050","Oncativo","14119150","Oncativo","Localidad simple"
"14119160","Pilar",-31.6812652365216,-63.8823958396944,"14","Córdoba","14119","Río Segundo","141057","Pilar","14119160","Pilar","Componente de localidad compuesta"
"14119170","Pozo del Molle",-32.0213365761411,-62.9193087987189,"14","Córdoba","14119","Río Segundo","141064","Pozo del Molle","14119170","Pozo del Molle","Localidad simple"
"14119180","Rincón",-31.5958596466896,-63.6170204307722,"14","Córdoba","14119","Río Segundo","142826","Rincón","14119180","Rincón","Localidad simple"
"14119190","Río Segundo",-31.6501527589151,-63.9118628433508,"14","Córdoba","14119","Río Segundo","141071","Río Segundo","14119190","Rí­o Segundo","Componente de localidad compuesta"
"14119200","Santiago Temple",-31.3859854153174,-63.4196375028441,"14","Córdoba","14119","Río Segundo","141078","Santiago Temple","14119200","Santiago Temple","Localidad simple"
"14119210","Villa del Rosario",-31.5541005001809,-63.5356973192876,"14","Córdoba","14119","Río Segundo","141085","Villa del Rosario","14119210","Villa del Rosario","Localidad simple"
"14126110","Nono",-31.7972046987647,-65.0024987775972,"14","Córdoba","14126","San Alberto","141099","Nono","14126110","Nono","Localidad simple"
"14126010","Ambul",-31.4905410001863,-65.0539521564899,"14","Córdoba","14126","San Alberto","142833","Ambul","14126010","Ambul","Localidad simple"
"14126020","Arroyo Los Patos",-31.7625990511637,-65.0043489052346,"14","Córdoba","14126","San Alberto","142840","Arroyo de los Patos","14126020","Arroyo de Los Patos","Localidad simple"
"14126050","Las Calles",-31.8240438502066,-64.9714250809717,"14","Córdoba","14126","San Alberto","142847","Las Calles","14126050","Las Calles","Localidad simple"
"14126070","Las Rabonas",-31.8535617455815,-64.9798804026096,"14","Córdoba","14126","San Alberto","142854","Las Rabonas","14126070","Las Rabonas","Localidad simple"
"14126090","Mina Clavero",-31.7294276425479,-65.0050003391732,"14","Córdoba","14126","San Alberto","141092","Mina Clavero","14126090","Mina Clavero","Componente de localidad compuesta"
"14126100","Mussi",-31.4362627833818,-65.0660065327235,"14","Córdoba","14126","San Alberto","142833","Ambul","14126100","Mussi","Localidad simple"
"14126120","Panaholma",-31.6329535992682,-65.0549532916181,"14","Córdoba","14126","San Alberto","142861","Panaholma","14126120","Panaholma","Localidad simple"
"14126140","San Lorenzo",-31.6709196641921,-65.0177209944746,"14","Córdoba","14126","San Alberto","142868","San Lorenzo","14126140","San Lorenzo","Localidad simple"
"14126150","San Martín",-31.8855360346355,-65.4774666180145,"14","Córdoba","14126","San Alberto","142875","San Vicente","14126150","San Marti­n","Localidad simple"
"14126160","San Pedro",-31.936473984733,-65.2188678499261,"14","Córdoba","14126","San Alberto","141106","San Pedro","14126160","San Pedro","Componente de localidad compuesta"
"14126170","San Vicente",-31.8505569701892,-65.4294743566709,"14","Córdoba","14126","San Alberto","142875","San Vicente","14126170","San Vicente","Localidad simple"
"14126180","Sauce Arriba",-31.9126732261672,-65.1669344809326,"14","Córdoba","14126","San Alberto","142882","Sauce Arriba","14126180","Sauce Arriba","Localidad simple"
"14126200","Villa Cura Brochero",-31.7064607252407,-65.0186063890249,"14","Córdoba","14126","San Alberto","141113","Villa Cura Brochero","14126200","Villa Cura Brochero","Componente de localidad compuesta"
"14126210","Villa Sarmiento",-31.9362411067801,-65.1930983136866,"14","Córdoba","14126","San Alberto","141120","Villa Sarmiento","14126210","Villa Sarmiento","Componente de localidad compuesta"
"14133010","Conlara",-32.0773534684113,-65.2294604480298,"14","Córdoba","14133","San Javier","","","14133010","Conlara","Localidad simple"
"14133060","La Paz",-32.2175253164184,-65.0482645389526,"14","Córdoba","14133","San Javier","141127","La Paz","14133060","La Paz","Localidad simple"
"14133070","La Población",-32.0662526110844,-65.0296172538922,"14","Córdoba","14133","San Javier","142896","La Población","14133070","La Población","Localidad simple"
"14133090","La Travesía",-32.1145572309961,-65.04368346574,"14","Córdoba","14133","San Javier","142924","Luyaba","14133090","La Travesí­a","Localidad simple"
"14133100","Las Tapias",-31.9530536443256,-65.0979661107353,"14","Córdoba","14133","San Javier","141130","Las Tapias","14133100","Las Tapias","Componente de localidad compuesta"
"14133110","Los Cerrillos",-31.9726991999298,-65.4446382249255,"14","Córdoba","14133","San Javier","141132","Los Cerrillos","14133110","Los Cerrillos","Localidad simple"
"14133120","Los Hornillos",-31.9033424679416,-64.9897549355372,"14","Córdoba","14133","San Javier","142917","Los Hornillos","14133120","Los Hornillos","Localidad simple"
"14133150","Luyaba",-32.149721185195,-65.0584825688048,"14","Córdoba","14133","San Javier","142924","Luyaba","14133150","Luyaba","Localidad simple"
"14133170","San Javier y Yacanto",-32.0264696508263,-65.0302683672552,"14","Córdoba","14133","San Javier","141134","San Javier y Yacanto","14133170","San Javier y Yacanto","Localidad simple"
"14133180","San José",-31.9565012680285,-65.311804300483,"14","Córdoba","14133","San Javier","141141","San José","14133180","San Jose","Localidad simple"
"14133190","Villa de las Rosas",-31.9470865391281,-65.0521153383701,"14","Córdoba","14133","San Javier","141148","Villa de las Rosas","14133190","Villa de las Rosas","Componente de localidad compuesta"
"14133200","Villa Dolores",-31.9449767629495,-65.1902396962461,"14","Córdoba","14133","San Javier","141155","Villa Dolores","14133200","Villa Dolores","Componente de localidad compuesta"
"14133210","Villa La Viña",-31.8720410450866,-65.0354683666353,"14","Córdoba","14133","San Javier","141148","Villa de las Rosas","14133210","Villa La Viña","Localidad simple"
"14140010","Alicia",-31.9388472282911,-62.4642457689622,"14","Córdoba","14140","San Justo","141162","Alicia","14140010","Alicia","Localidad simple"
"14140020","Altos de Chipión",-30.9571805127438,-62.3383686273189,"14","Córdoba","14140","San Justo","141169","Altos de Chipión","14140020","Altos de Chipión","Localidad simple"
"14140030","Arroyito",-31.4192297658795,-63.0507025887566,"14","Córdoba","14140","San Justo","141176","Arroyito","14140030","Arroyito","Localidad simple"
"14140040","Balnearia",-31.0128513966305,-62.6653740889213,"14","Córdoba","14140","San Justo","141183","Balnearia","14140040","Balnearia","Localidad simple"
"14140050","Brinkmann",-30.8664795793171,-62.0431067348053,"14","Córdoba","14140","San Justo","141190","Brinkmann","14140050","Brinkmann","Localidad simple"
"14140060","Colonia Anita",-31.1199281862336,-62.2343229967618,"14","Córdoba","14140","San Justo","142931","Colonia Anita","14140060","Colonia Anita","Localidad simple"
"14140070","Colonia 10 de Julio",-30.5252374883065,-62.1124344158168,"14","Córdoba","14140","San Justo","","","14140070","Colonia 10 de Julio","Localidad simple"
"14140080","Colonia Las Pichanas",-31.2456220192228,-62.9253190838096,"14","Córdoba","14140","San Justo","142945","Colonia Las Pichanas","14140080","Colonia Las Pichanas","Localidad simple"
"14140090","Colonia Marina",-31.2487600057487,-62.3639059540432,"14","Córdoba","14140","San Justo","141197","Colonia Marina","14140090","Colonia Marina","Localidad simple"
"14140100","Colonia Prosperidad",-31.628704305652,-62.3653398615241,"14","Córdoba","14140","San Justo","141204","Colonia Prosperidad","14140100","Colonia Prosperidad","Localidad simple"
"14140110","Colonia San Bartolomé",-31.5279083667905,-62.7237040838575,"14","Córdoba","14140","San Justo","141211","Colonia San Bartolomé","14140110","Colonia San Bartolomé","Localidad simple"
"14140120","Colonia San Pedro",-30.7830908239828,-61.9179292375864,"14","Córdoba","14140","San Justo","142952","Colonia San Pedro","14140120","Colonia San Pedro","Localidad simple"
"14140130","Colonia Santa María",-31.6078812032969,-62.4285031451636,"14","Córdoba","14140","San Justo","141204","Colonia Prosperidad","14140130","Colonia Santa Marí­a","Localidad simple"
"14140140","Colonia Valtelina",-31.0536627278608,-62.234464021568,"14","Córdoba","14140","San Justo","142959","Colonia Valtelina","14140140","Colonia Valtelina","Localidad simple"
"14140150","Colonia Vignaud",-30.8414191623266,-61.9566136513492,"14","Córdoba","14140","San Justo","141218","Colonia Vignaud","14140150","Colonia Vignaud","Localidad simple"
"14140160","Devoto",-31.4017821576289,-62.3062226981478,"14","Córdoba","14140","San Justo","141225","Devoto","14140160","Devoto","Localidad simple"
"14140170","El Arañado",-31.7430345251192,-62.8896267547148,"14","Córdoba","14140","San Justo","141232","El Arañado","14140170","El Arañado","Localidad simple"
"14140180","El Fortín",-31.966920207134,-62.3001762961842,"14","Córdoba","14140","San Justo","141239","El Fortín","14140180","El Fortín","Localidad simple"
"14140190","El Fuertecito",-31.4037063130894,-62.9737012437578,"14","Córdoba","14140","San Justo","141176","Arroyito","14140190","El Fuertecito","Localidad simple"
"14140200","El Tío",-31.3854205210761,-62.8281977015565,"14","Córdoba","14140","San Justo","141246","El Tío","14140200","El Tí­o","Localidad simple"
"14140210","Estación Luxardo",-31.3051847581533,-62.1337539789747,"14","Córdoba","14140","San Justo","142966","Plaza Luxardo","14140210","Estación Luxardo","Localidad simple"
"14140215","Colonia Iturraspe",-31.2078362692456,-62.1103101028249,"14","Córdoba","14140","San Justo","142938","Colonia Iturraspe","14140215","Colonia Iturraspe","Localidad simple"
"14140220","Freyre",-31.1645722575347,-62.0963188452224,"14","Córdoba","14140","San Justo","141253","Freyre","14140220","Freyre","Localidad simple"
"14140230","La Francia",-31.4062958702974,-62.6332175393621,"14","Córdoba","14140","San Justo","141260","La Francia","14140230","La Francia","Localidad simple"
"14140240","La Paquita",-30.9092897447442,-62.2161123144661,"14","Córdoba","14140","San Justo","141267","La Paquita","14140240","La Paquita","Localidad simple"
"14140250","La Tordilla",-31.2365377700182,-63.0610805005813,"14","Córdoba","14140","San Justo","141274","La Tordilla","14140250","La Tordilla","Localidad simple"
"14140260","Las Varas",-31.8024376108607,-62.6165974529842,"14","Córdoba","14140","San Justo","141281","Las Varas","14140260","Las Varas","Localidad simple"
"14140270","Las Varillas",-31.8703847936498,-62.7196647797728,"14","Córdoba","14140","San Justo","141288","Las Varillas","14140270","Las Varillas","Localidad simple"
"14140280","Marull",-30.9938649652781,-62.8253384767479,"14","Córdoba","14140","San Justo","141295","Marull","14140280","Marull","Localidad simple"
"14140290","Miramar",-30.9151531803715,-62.6750095451306,"14","Córdoba","14140","San Justo","141302","Miramar de Ansenuza","14140290","Miramar de Ansenuza","Localidad simple"
"14140300","Morteros",-30.710667779374,-62.0072364579445,"14","Córdoba","14140","San Justo","141309","Morteros","14140300","Morteros","Localidad simple"
"14140310","Plaza Luxardo",-31.3017479888334,-62.229167343835,"14","Córdoba","14140","San Justo","142966","Plaza Luxardo","14140310","Plaza Luxardo","Localidad simple"
"14147210","Malagueño",-31.467399279117,-64.3590212016997,"14","Córdoba","14147","Santa María","141393","Malagueño","14147210","Malagueno","Localidad simple"
"14140320","Plaza San Francisco",-31.3711366412049,-62.0981896397935,"14","Córdoba","14140","San Justo","141337","San Francisco","14140320","Plaza San Francisco","Localidad simple"
"14140330","Porteña",-31.0140493141382,-62.0620445341275,"14","Córdoba","14140","San Justo","141316","Porteña","14140330","Portena","Localidad simple"
"14140340","Quebracho Herrado",-31.5490137413102,-62.2249566858388,"14","Córdoba","14140","San Justo","141323","Quebracho Herrado","14140340","Quebracho Herrado","Localidad simple"
"14140350","Sacanta",-31.6633982534863,-63.0479613788196,"14","Córdoba","14140","San Justo","141330","Sacanta","14140350","Sacanta","Localidad simple"
"14140360","San Francisco",-31.424938943193,-62.0838767338685,"14","Córdoba","14140","San Justo","141337","San Francisco","14140360","San Francisco","Componente de localidad compuesta"
"14140370","Saturnino María Laspiur",-31.7034816925403,-62.483462241207,"14","Córdoba","14140","San Justo","141344","Saturnino María Laspiur","14140370","Saturnino Mari­a Laspiur","Localidad simple"
"14140380","Seeber",-30.9257254718205,-61.9741593359892,"14","Córdoba","14140","San Justo","141351","Seeber","14140380","Seeber","Localidad simple"
"14140390","Toro Pujio",-31.1089049317111,-62.9870276972289,"14","Córdoba","14140","San Justo","142973","Toro Pujio","14140390","Toro Pujio","Localidad simple"
"14140400","Tránsito",-31.4243426919656,-63.1935604554789,"14","Córdoba","14140","San Justo","141358","Tránsito","14140400","Tránsito","Localidad simple"
"14140420","Villa Concepción del Tío",-31.3221001738389,-62.8139980950812,"14","Córdoba","14140","San Justo","141365","Villa Concepción del Tío","14140420","Villa Concepcón del Tí­o","Localidad simple"
"14140430","Villa del Tránsito",-31.4481787307175,-63.1943037792573,"14","Córdoba","14140","San Justo","141358","Tránsito","14140430","Villa del Tránsito","Localidad simple"
"14140440","Villa San Esteban",-31.6337754075095,-62.8970662250995,"14","Córdoba","14140","San Justo","142980","Villa San Esteban","14140440","Villa San Esteban","Localidad simple"
"14147010","Alta Gracia",-31.6497921262742,-64.429871976201,"14","Córdoba","14147","Santa María","141372","Alta Gracia","14147010","Alta Gracia","Localidad simple"
"14147020","Anisacate",-31.7255025269638,-64.4140689988532,"14","Córdoba","14147","Santa María","141375","Anisacate","14147020","Anisacate","Componente de localidad compuesta"
"14147030","Barrio Gilbert (1º de Mayo) - Tejas Tres",-31.4397104183034,-64.3179956523182,"14","Córdoba","14147","Santa María","141393","Malagueño","14147030","Barrio Gilbert (1º de Mayo)","Localidad simple"
"14147050","Bouwer",-31.5581326994395,-64.1906902565745,"14","Córdoba","14147","Santa María","141377","Bouwer","14147050","Bouwer","Localidad simple"
"14147060","Caseros Centro",-31.5310992033636,-64.1600143581059,"14","Córdoba","14147","Santa María","141377","Bouwer","14147060","Caseros Centro","Localidad simple"
"14147080","Despeñaderos",-31.8142805534065,-64.2947750028746,"14","Córdoba","14147","Santa María","141379","Despeñaderos","14147080","Despeñadero","Localidad simple"
"14147090","Dique Chico",-31.7458491155841,-64.3658108592105,"14","Córdoba","14147","Santa María","143001","Dique Chico","14147090","Dique Chico","Localidad simple"
"14147100","Falda del Cañete",-31.5254109450558,-64.4509231366198,"14","Córdoba","14147","Santa María","141393","Malagueño","14147100","Falda del Cañete","Localidad simple"
"14147110","Falda del Carmen",-31.5853576242136,-64.4546481813255,"14","Córdoba","14147","Santa María","143008","Falda del Carmen","14147110","Falda del Carmen","Localidad simple"
"14147115","José de la Quintana",-31.8026714302919,-64.4145832997616,"14","Córdoba","14147","Santa María","143113","Villa San Isidro","14147115","José de la Quintana","Componente de localidad compuesta"
"14147120","La Boca del Río",-31.8399753508458,-64.4379366923623,"14","Córdoba","14147","Santa María","143113","Villa San Isidro","14147120","La Boca del Río","Localidad simple"
"14147150","La Paisanita",-31.720939823599,-64.4819274895,"14","Córdoba","14147","Santa María","143022","La Paisanita","14147150","La Paisanita","Localidad simple"
"14147170","La Rancherita y Las Cascadas",-31.7548292525151,-64.459039075214,"14","Córdoba","14147","Santa María","143029","La Rancherita","14147170","La Rancherita y Las Cascadas","Componente de localidad compuesta"
"14147180","La Serranita",-31.7356662291128,-64.4556101899257,"14","Córdoba","14147","Santa María","143036","La Serranita","14147180","La Serranita","Componente de localidad compuesta"
"14147190","Los Cedros",-31.526144321096,-64.2845244198085,"14","Córdoba","14147","Santa María","143043","Los Cedros","14147190","Los Cedros","Localidad simple"
"14147200","Lozada",-31.6496781195891,-64.0897044455739,"14","Córdoba","14147","Santa María","141386","Lozada","14147200","Lozada","Localidad simple"
"14147220","Monte Ralo",-31.9107227775276,-64.2399422865257,"14","Córdoba","14147","Santa María","141400","Monte Ralo","14147220","Monte Ralo","Localidad simple"
"14147230","Potrero de Garay",-31.7800958270373,-64.5453776263578,"14","Córdoba","14147","Santa María","143050","Potrero de Garay","14147230","Potrero de Garay","Componente de localidad compuesta"
"14147240","Rafael García",-31.645100027091,-64.2593986892924,"14","Córdoba","14147","Santa María","143057","Rafael García","14147240","Rafael García","Localidad simple"
"14147250","San Clemente",-31.7145149594752,-64.6282801869309,"14","Córdoba","14147","Santa María","143064","San Clemente","14147250","San Clemente","Localidad simple"
"14147270","Socavones",-31.5330469512108,-64.1435082348381,"14","Córdoba","14147","Santa María","","","14147270","Socavones","Localidad simple"
"14147280","Toledo",-31.5537838091558,-64.007370952362,"14","Córdoba","14147","Santa María","141407","Toledo","14147280","Toledo","Localidad simple"
"14147300","Valle de Anisacate",-31.7299564012913,-64.4202137447352,"14","Córdoba","14147","Santa María","143071","Valle de Anisacate","14147300","Valle de Anisacate","Componente de localidad compuesta"
"14147310","Villa Ciudad de América",-31.7918797618898,-64.5086547564594,"14","Córdoba","14147","Santa María","143078","Villa Ciudad de América","14147310","Villa Ciudad de América","Componente de localidad compuesta"
"14147320","Villa del Prado",-31.6212863682762,-64.3941380021763,"14","Córdoba","14147","Santa María","143085","Villa del Prado","14147320","Villa del Prado","Localidad simple"
"14147330","Villa La Bolsa",-31.7296592489033,-64.4294514201919,"14","Córdoba","14147","Santa María","143092","Villa La Bolsa","14147330","Villa La Bolsa","Componente de localidad compuesta"
"14147340","Villa Los Aromos",-31.7344879855051,-64.4390689481257,"14","Córdoba","14147","Santa María","143099","Villa Los Aromos","14147340","Villa Los Aromos","Componente de localidad compuesta"
"14147350","Villa Parque Santa Ana",-31.5926239533982,-64.3470825910281,"14","Córdoba","14147","Santa María","141410","Villa Parque Santa Ana","14147350","Villa Parque Santa Ana","Localidad simple"
"14147360","Villa San Isidro",-31.8259254344776,-64.383554475928,"14","Córdoba","14147","Santa María","143113","Villa San Isidro","14147360","Villa San Isidro","Componente de localidad compuesta"
"14154010","Caminiaga",-30.0674801596128,-64.0507018106629,"14","Córdoba","14154","Sobremonte","143120","Caminiaga","14154010","Caminiaga","Localidad simple"
"14154030","Chuña Huasi",-29.9337075949931,-64.1125603513905,"14","Córdoba","14154","Sobremonte","143127","Chuña Huasi","14154030","Chuña Huasi","Localidad simple"
"14154040","Pozo Nuevo",-29.5787363086334,-64.10149444853,"14","Córdoba","14154","Sobremonte","143134","Pozo Nuevo","14154040","Pozo Nuevo","Localidad simple"
"14154050","San Francisco del Chañar",-29.7863529092312,-63.9416977616648,"14","Córdoba","14154","Sobremonte","141414","San Francisco del Chañar","14154050","San Francisco del Chanar","Localidad simple"
"14161010","Almafuerte",-32.1923904655136,-64.2557452081438,"14","Córdoba","14161","Tercero Arriba","141421","Almafuerte","14161010","Almafuerte","Localidad simple"
"14161020","Colonia Almada",-32.0350246795763,-63.8647845777601,"14","Córdoba","14161","Tercero Arriba","141428","Colonia Almada","14161020","Colonia Almada","Localidad simple"
"14161030","Corralito",-32.0237232059044,-64.1919905042322,"14","Córdoba","14161","Tercero Arriba","141435","Corralito","14161030","Corralito","Localidad simple"
"14161040","Dalmacio Vélez",-32.6086003623095,-63.5834910311437,"14","Córdoba","14161","Tercero Arriba","141442","Dalmacio Vélez","14161040","Dalmacio Vélez","Localidad simple"
"14161050","General Fotheringham",-32.3224142092327,-63.8684716593729,"14","Córdoba","14161","Tercero Arriba","143141","General Fotheringham","14161050","General Fotheringham","Localidad simple"
"14161060","Hernando",-32.4278813952385,-63.7334711036897,"14","Córdoba","14161","Tercero Arriba","141449","Hernando","14161060","Hernando","Localidad simple"
"14161070","James Craik",-32.1614313460231,-63.4679698158525,"14","Córdoba","14161","Tercero Arriba","141456","James Craik","14161070","James Craik","Localidad simple"
"14161080","Las Isletillas",-32.5092190889334,-63.9289560413206,"14","Córdoba","14161","Tercero Arriba","143148","Las Isletillas","14161080","Las Isletillas","Localidad simple"
"14161090","Las Perdices",-32.6989558280139,-63.704674204932,"14","Córdoba","14161","Tercero Arriba","141463","Las Perdices","14161090","Las Perdices","Localidad simple"
"14161100","Los Zorros",-32.0449728043823,-63.202240246887,"14","Córdoba","14161","Tercero Arriba","141470","Los Zorros","14161100","Los Zorros","Localidad simple"
"14161110","Oliva",-32.0382586068617,-63.5706764524477,"14","Córdoba","14161","Tercero Arriba","141477","Oliva","14161110","Oliva","Localidad simple"
"14161120","Pampayasta Norte",-32.2409972250224,-63.6429755656541,"14","Córdoba","14161","Tercero Arriba","143155","Pampayasta Norte","14161120","Pampayasta Norte","Componente de localidad compuesta"
"14161130","Pampayasta Sud",-32.2505020764021,-63.6516762364007,"14","Córdoba","14161","Tercero Arriba","141484","Pampayasta Sud","14161130","Pampayasta Sud","Componente de localidad compuesta"
"14161140","Punta del Agua",-32.5758057074061,-63.8102095030137,"14","Córdoba","14161","Tercero Arriba","143162","Punta del Agua","14161140","Punta del Agua","Localidad simple"
"14161150","Río Tercero",-32.1767393738221,-64.1129628407675,"14","Córdoba","14161","Tercero Arriba","141491","Río Tercero","14161150","Rí­o Tercero","Localidad simple"
"14161160","Tancacha",-32.2375848129104,-63.9798657745832,"14","Córdoba","14161","Tercero Arriba","141498","Tancacha","14161160","Tancacha","Localidad simple"
"14161170","Villa Ascasubi",-32.1627385873381,-63.8924224330837,"14","Córdoba","14161","Tercero Arriba","141505","Villa Ascasubi","14161170","Villa Ascasubi","Localidad simple"
"14168010","Candelaria Sur",-30.8389674456885,-63.801268050939,"14","Córdoba","14168","Totoral","143169","Candelaria Sud","14168010","Candelaria Sur","Localidad simple"
"14168020","Cañada de Luque",-30.735237542796,-63.7239710294834,"14","Córdoba","14168","Totoral","141512","Cañada de Luque","14168020","Cañada de Luque","Localidad simple"
"14168030","Capilla de Sitón",-30.5736867798877,-63.6537124574227,"14","Córdoba","14168","Totoral","143176","Capilla de Sitón","14168030","Capilla de Sitón","Localidad simple"
"14168040","La Pampa",-30.9422303821288,-64.2769351162808,"14","Córdoba","14168","Totoral","143183","La Pampa","14168040","La Pampa","Localidad simple"
"14168060","Las Peñas",-30.5639628575725,-64.0002665759206,"14","Córdoba","14168","Totoral","141519","Las Peñas","14168060","Las Peñas","Localidad simple"
"14168070","Los Mistoles",-30.6266872015803,-63.8861172868214,"14","Córdoba","14168","Totoral","143190","Los Mistoles","14168070","Los Mistoles","Localidad simple"
"14168080","Santa Catalina",-30.8700983278842,-64.2332883401605,"14","Córdoba","14168","Totoral","","","14168080","Santa Catalina","Localidad simple"
"14168090","Sarmiento",-30.7744711965408,-64.1095029058751,"14","Córdoba","14168","Totoral","141526","Sarmiento","14168090","Sarmiento","Localidad simple"
"14168100","Simbolar",-30.4744127140856,-63.984714007132,"14","Córdoba","14168","Totoral","143197","Simbolar","14168100","Simbolar","Localidad simple"
"14168110","Sinsacate",-30.9429292725557,-64.0940329405365,"14","Córdoba","14168","Totoral","141533","Sinsacate","14168110","Sinsacate","Localidad simple"
"14168120","Villa del Totoral",-30.7046218720151,-64.0681414443224,"14","Córdoba","14168","Totoral","141540","Villa del Totoral","14168120","Villa del Totoral","Localidad simple"
"14175020","Churqui Cañada",-30.1737408069739,-63.9268908868775,"14","Córdoba","14175","Tulumba","143204","Churqui Cañada","14175020","Churqui Cañada","Localidad simple"
"14175030","El Rodeo",-30.1752381164085,-63.8641311942201,"14","Córdoba","14175","Tulumba","143211","El Rodeo","14175030","El Rodeo","Localidad simple"
"14175040","El Tuscal",-29.7642651564792,-64.5254290910865,"14","Córdoba","14175","Tulumba","141554","Lucio Victorio Mansilla","14175040","El Tuscal","Localidad simple"
"14175050","Las Arrias",-30.3817457917409,-63.5969003555789,"14","Córdoba","14175","Tulumba","141547","Las Arrias","14175050","Las Arrias","Localidad simple"
"14175060","Lucio V. Mansilla",-29.8045236047925,-64.7114380532591,"14","Córdoba","14175","Tulumba","141554","Lucio Victorio Mansilla","14175060","Lucio V Mansilla","Localidad simple"
"14175070","Rosario del Saladillo",-30.4314282701955,-63.4739413675133,"14","Córdoba","14175","Tulumba","143218","Rosario del Saladillo","14175070","Rosario del Saladillo","Localidad simple"
"14175080","San José de la Dormida",-30.3562694053766,-63.9502928149166,"14","Córdoba","14175","Tulumba","141561","San José de la Dormida","14175080","San Jose de la Dormida","Localidad simple"
"14175090","San José de las Salinas",-30.0069521059533,-64.6239392677077,"14","Córdoba","14175","Tulumba","141568","San José de las Salinas","14175090","San Jose de las Salinas","Localidad simple"
"14175100","San Pedro Norte",-30.0910815199101,-64.1549271383854,"14","Córdoba","14175","Tulumba","141575","San Pedro Norte","14175100","San Pedro Norte","Localidad simple"
"14175110","Villa Tulumba",-30.395354235017,-64.1223089357636,"14","Córdoba","14175","Tulumba","141582","Villa Tulumba","14175110","Villa Tulumba","Localidad simple"
"14182010","Aldea Santa María",-33.6992194338424,-62.9146578216711,"14","Córdoba","14182","Unión","143225","Aldea Santa María","14182010","Aldea Santa María","Localidad simple"
"14182020","Alto Alegre",-32.3446887169557,-62.8849135837045,"14","Córdoba","14182","Unión","141589","Alto Alegre","14182020","Alto Alegre","Localidad simple"
"14182030","Ana Zumarán",-32.3909528477684,-63.0572324375935,"14","Córdoba","14182","Unión","143232","Ana Zumarán","14182030","Ana Zumarán","Localidad simple"
"14182040","Ballesteros",-32.5416970468857,-62.9808108669527,"14","Córdoba","14182","Unión","141596","Ballesteros","14182040","Ballesteros","Localidad simple"
"14182050","Ballesteros Sud",-32.5894780609773,-63.030218271647,"14","Córdoba","14182","Unión","141603","Ballesteros Sud","14182050","Ballesteros Sud","Localidad simple"
"14182060","Bell Ville",-32.6303142822017,-62.6887933841481,"14","Córdoba","14182","Unión","141610","Bell Ville","14182060","Bell Ville","Localidad simple"
"14182070","Benjamín Gould",-33.5874649702842,-62.7281348793285,"14","Córdoba","14182","Unión","141617","Benjamín Gould","14182070","Benjamí­n Gould","Localidad simple"
"14182080","Canals",-33.5621726336415,-62.8850856145061,"14","Córdoba","14182","Unión","141624","Canals","14182080","Canals","Localidad simple"
"14182090","Chilibroste",-32.332692033009,-62.5107956684272,"14","Córdoba","14182","Unión","141631","Chilibroste","14182090","Chilibroste","Localidad simple"
"14182100","Cintra",-32.3063318200183,-62.6516060754802,"14","Córdoba","14182","Unión","141638","Cintra","14182100","Cintra","Localidad simple"
"14182110","Colonia Bismarck",-33.3012370460281,-62.7126467829865,"14","Córdoba","14182","Unión","141645","Colonia Bismarck","14182110","Colonia Bismarck","Localidad simple"
"14182120","Colonia Bremen",-33.4642548979283,-62.7311771623398,"14","Córdoba","14182","Unión","143239","Colonia Bremen","14182120","Colonia Bremen","Localidad simple"
"14182130","Idiazabal",-32.81253601931,-63.0323971040661,"14","Córdoba","14182","Unión","141652","Idiazábal","14182130","Idiazabal","Localidad simple"
"14182140","Justiniano Posse",-32.8834497266181,-62.6796136827716,"14","Córdoba","14182","Unión","141659","Justiniano Posse","14182140","Justiniano Posse","Localidad simple"
"14182150","Laborde",-33.1548398413497,-62.8574761898126,"14","Córdoba","14182","Unión","141666","Laborde","14182150","Laborde","Localidad simple"
"14182160","Monte Leña",-32.6112829420119,-62.5897452578854,"14","Córdoba","14182","Unión","141673","Monte Leña","14182160","Monte Leña","Localidad simple"
"14182170","Monte Maíz",-33.2042451173008,-62.6004830854431,"14","Córdoba","14182","Unión","141680","Monte Maíz","14182170","Monte Maíz","Localidad simple"
"14182180","Morrison",-32.5928653914552,-62.8333406445711,"14","Córdoba","14182","Unión","141687","Morrison","14182180","Morrison","Localidad simple"
"14182190","Noetinger",-32.3660224938183,-62.3071748369674,"14","Córdoba","14182","Unión","141694","Noetinger","14182190","Noetinger","Localidad simple"
"14182200","Ordoñez",-32.8410073284041,-62.8659855543871,"14","Córdoba","14182","Unión","141701","Ordóñez","14182200","Ordoñez","Localidad simple"
"14182210","Pascanas",-33.1247004094938,-63.0401247156511,"14","Córdoba","14182","Unión","141708","Pascanas","14182210","Pascanas","Localidad simple"
"14182220","Pueblo Italiano",-33.8824106848417,-62.8405016624211,"14","Córdoba","14182","Unión","141715","Pueblo Italiano","14182220","Pueblo Italiano","Localidad simple"
"14182230","Ramón J. Cárcano",-32.4911575316971,-63.1042336348796,"14","Córdoba","14182","Unión","","","14182230","Ramon J Cárcano","Localidad simple"
"14182240","San Antonio de Litín",-32.2135807390015,-62.6313288795048,"14","Córdoba","14182","Unión","141722","San Antonio de Litín","14182240","San Antonio de Litin","Localidad simple"
"14182250","San Marcos",-32.6302358808943,-62.4842480037889,"14","Córdoba","14182","Unión","141729","San Marcos Sud","14182250","San Marcos Sud","Localidad simple"
"14182260","San Severo",-33.5386536303112,-63.0474746093608,"14","Córdoba","14182","Unión","","","14182260","San Severo","Localidad simple"
"14182270","Viamonte",-33.7460517522538,-63.0972816274547,"14","Córdoba","14182","Unión","141736","Viamonte","14182270","Viamonte","Localidad simple"
"14182280","Villa Los Patos",-32.7668376248393,-62.7271351305326,"14","Córdoba","14182","Unión","143246","Villa Los Patos","14182280","Villa Los Patos","Localidad simple"
"14182290","Wenceslao Escalante",-33.1716770019156,-62.7694161079015,"14","Córdoba","14182","Unión","141743","Wenceslao Escalante","14182290","Wenceslao Escalante","Localidad simple"
"18007010","Bella Vista",-28.5076832122621,-59.0452172890593,"18","Corrientes","18007","Bella Vista","180007","Bella Vista","18007010","Bella Vista","Localidad simple"
"18014010","Berón de Astrada",-27.5502192063956,-57.5284147514388,"18","Corrientes","18014","Berón de Astrada","180014","San Antonio de Itatí","18014010","San Antonio de Itatí","Localidad simple"
"18014020","Yahapé",-27.371446097571,-57.6550373547485,"18","Corrientes","18014","Berón de Astrada","180014","San Antonio de Itatí","18014020","Yahapé","Localidad simple"
"18021020","Corrientes",-27.4633450136008,-58.8394728460849,"18","Corrientes","18021","Capital","180021","Corrientes","18021020","Corrientes","Localidad simple"
"18021040","Riachuelo",-27.5804349376368,-58.7431168330177,"18","Corrientes","18021","Capital","180028","Riachuelo","18021040","Riachuelo","Localidad simple"
"18021050","San Cayetano",-27.5712085908961,-58.695878654331,"18","Corrientes","18021","Capital","180028","Riachuelo","18021050","San Cayetano","Localidad simple"
"18028010","Concepción",-28.3932008623293,-57.8869168616331,"18","Corrientes","18028","Concepción","180042","Concepción del Yaguareté Corá","18028010","Concepción del Yaguareté Corá","Localidad simple"
"18028020","Santa Rosa",-28.2672789123962,-58.122724375144,"18","Corrientes","18028","Concepción","180035","Colonia Santa Rosa","18028020","Santa Rosa","Localidad simple"
"18028040","Tatacua",-28.3759194197758,-58.3211361606206,"18","Corrientes","18028","Concepción","180056","Tatacuá","18028040","Tatacuá","Localidad simple"
"18035010","Cazadores Correntinos",-29.9823804820362,-58.30424028359,"18","Corrientes","18035","Curuzú Cuatiá","180059","Cazadores Correntinos","18035010","Cazadores Correntinos","Localidad simple"
"18035020","Curuzú Cuatiá",-29.7914512117216,-58.0498588056217,"18","Corrientes","18035","Curuzú Cuatiá","180063","Curuzú Cuatiá","18035020","Curuzú Cuatiá","Localidad simple"
"18035030","Perugorría",-29.3408478764481,-58.6082036530838,"18","Corrientes","18035","Curuzú Cuatiá","180070","Perugorría","18035030","Perugorría","Localidad simple"
"18042010","El Sombrero",-27.7035428215827,-58.7686059898584,"18","Corrientes","18042","Empedrado","180073","El Sombrero","18042010","El Sombrero","Localidad simple"
"18042020","Empedrado",-27.9507030287188,-58.8030952116087,"18","Corrientes","18042","Empedrado","180077","Empedrado","18042020","Empedrado","Localidad simple"
"18049010","Esquina",-30.0146070645803,-59.5295187353223,"18","Corrientes","18049","Esquina","180084","Esquina","18049010","Esquina","Localidad simple"
"18049020","Pueblo Libertador",-30.2201057337039,-59.3897582084609,"18","Corrientes","18049","Esquina","180091","Pueblo Libertador","18049020","Pueblo Libertador","Localidad simple"
"18056010","Alvear",-29.09883935098,-56.5534358403365,"18","Corrientes","18056","General Alvear","180098","Alvear","18056010","Alvear","Localidad simple"
"18056020","Estación Torrent",-28.8243613260553,-56.469217050869,"18","Corrientes","18056","General Alvear","180105","Estación Torrent","18056020","Estación Torrent","Localidad simple"
"18063010","Itá Ibaté",-27.4258760157694,-57.3381268072242,"18","Corrientes","18063","General Paz","180119","Itá Ibaté","18063010","Itá Ibaté","Localidad simple"
"18063020","Lomas de Vallejos",-27.7378846270323,-57.9198968960182,"18","Corrientes","18063","General Paz","180126","Lomas de Vallejos","18063020","Lomas de Vallejos","Localidad simple"
"18063030","Nuestra Señora del Rosario de Caá Catí",-27.7521508451429,-57.6219981561066,"18","Corrientes","18063","General Paz","180112","Caá Catí","18063030","Nuestra Señora del Rosario de Caá Catí","Localidad simple"
"18063040","Palmar Grande",-27.9412672870758,-57.9009582059555,"18","Corrientes","18063","General Paz","180133","Palmar Grande","18063040","Palmar Grande","Localidad simple"
"18070010","Carolina",-29.1502771335216,-59.1817933807415,"18","Corrientes","18070","Goya","180140","Goya","18070010","Carolina","Localidad simple"
"18070020","Goya",-29.1400763814368,-59.2598912571001,"18","Corrientes","18070","Goya","180140","Goya","18070020","Goya","Localidad simple"
"18077010","Itatí",-27.2692166599188,-58.2424212691191,"18","Corrientes","18077","Itatí","180147","Itatí","18077010","Itatí","Localidad simple"
"18077020","Ramada Paso",-27.3661839328388,-58.2996240364452,"18","Corrientes","18077","Itatí","180154","Ramada Paso","18077020","Ramada Paso","Localidad simple"
"18084010","Colonia Liebig's",-27.9133581893577,-55.8242391819435,"18","Corrientes","18084","Ituzaingó","180161","Colonia Liebig","18084010","Colonia Liebig","Componente de localidad compuesta"
"18084020","Ituzaingó",-27.5851000792357,-56.68704523972,"18","Corrientes","18084","Ituzaingó","180168","Ituzaingó","18084020","Ituzaingó","Localidad simple"
"18084030","San Antonio",-27.5082288352068,-56.7452355069039,"18","Corrientes","18084","Ituzaingó","180175","San Antonio Isla Apipé Grande","18084030","San Antonio","Localidad simple"
"18084040","San Carlos",-27.7436223924694,-55.8984316807213,"18","Corrientes","18084","Ituzaingó","180182","San Carlos","18084040","San Carlos","Localidad simple"
"18084050","Villa Olivari",-27.6331004316817,-56.9063054446071,"18","Corrientes","18084","Ituzaingó","180186","Villa Olivari","18084050","Villa Olivari","Localidad simple"
"18091010","Cruz de los Milagros",-28.8361238233681,-59.0060051399177,"18","Corrientes","18091","Lavalle","180189","Cruz de los Milagros","18091010","Cruz de los Milagros","Localidad simple"
"18091020","Gobernador Juan E. Martínez",-28.912338712049,-58.9361031061952,"18","Corrientes","18091","Lavalle","180196","Gobernador Martínez","18091020","Gobernador Martínez","Localidad simple"
"18091030","Lavalle",-29.0233312186356,-59.1791542656857,"18","Corrientes","18091","Lavalle","180203","Lavalle","18091030","Lavalle","Localidad simple"
"18091040","Santa Lucía",-28.9898522481525,-59.1007625543369,"18","Corrientes","18091","Lavalle","180210","Santa Lucía","18091040","Santa Lucí­a","Localidad simple"
"18091050","Villa Córdoba",-28.9916565448754,-59.0751889970417,"18","Corrientes","18091","Lavalle","180210","Santa Lucía","18091050","Villa Córdoba","Localidad simple"
"18091060","Yatayti Calle",-29.0283125663823,-58.912232686265,"18","Corrientes","18091","Lavalle","180217","Yatay Ti Calle","18091060","Yatay Ti Calle","Localidad simple"
"18098010","Mburucuyá",-28.0468575823017,-58.2303056698416,"18","Corrientes","18098","Mburucuyá","180224","Mburucuyá","18098010","Mburucuyá","Localidad simple"
"18105010","Felipe Yofré",-29.1068306261889,-58.339630558229,"18","Corrientes","18105","Mercedes","180231","Felipe Yofré","18105010","Felipe Yofré","Localidad simple"
"18105020","Mariano I. Loza",-29.3768720997383,-58.1922345557106,"18","Corrientes","18105","Mercedes","180238","Mariano I. Loza","18105020","Mariano I. Loza (Est. Justino Solari)","Localidad simple"
"18105030","Mercedes",-29.184692808419,-58.0735317667774,"18","Corrientes","18105","Mercedes","180245","Mercedes","18105030","Mercedes","Localidad simple"
"18112010","Colonia Libertad",-30.0433033963297,-57.8217083171902,"18","Corrientes","18112","Monte Caseros","180252","Colonia Libertad","18112010","Colonia Libertad","Localidad simple"
"18112020","Estación Libertad",-30.0132954607257,-57.859334503744,"18","Corrientes","18112","Monte Caseros","180252","Colonia Libertad","18112020","Estación Libertad","Localidad simple"
"18112030","Juan Pujol",-30.4193217435637,-57.8558925692433,"18","Corrientes","18112","Monte Caseros","180259","Juan Pujol","18112030","Juan Pujol","Localidad simple"
"18112040","Mocoretá",-30.6166771623996,-57.9753625741667,"18","Corrientes","18112","Monte Caseros","180266","Mocoretá","18112040","Mocoretá","Localidad simple"
"18112050","Monte Caseros",-30.2494229600191,-57.6294817667543,"18","Corrientes","18112","Monte Caseros","180273","Monte Caseros","18112050","Monte Caseros","Localidad simple"
"18112060","Parada Acuña",-29.9088415707249,-57.9588655544584,"18","Corrientes","18112","Monte Caseros","180252","Colonia Libertad","18112060","Parada Acuña","Localidad simple"
"18112070","Parada Labougle",-30.3190129970515,-57.7296875439557,"18","Corrientes","18112","Monte Caseros","180273","Monte Caseros","18112070","Parada Labougle","Localidad simple"
"18119010","Bonpland",-29.8174715349719,-57.4278325390256,"18","Corrientes","18119","Paso de los Libres","180280","Bonpland","18119010","Bonpland","Localidad simple"
"18119020","Parada Pucheta",-29.9060392794892,-57.5741688351701,"18","Corrientes","18119","Paso de los Libres","180287","Parada Pucheta","18119020","Parada Pucheta","Localidad simple"
"18119030","Paso de los Libres",-29.7137148107283,-57.085405398509,"18","Corrientes","18119","Paso de los Libres","180294","Paso de los Libres","18119030","Paso de los Libres","Localidad simple"
"18119040","Tapebicuá",-29.5068220837034,-56.9748504032869,"18","Corrientes","18119","Paso de los Libres","180301","Tapebicuá","18119040","Tapebicuá","Localidad simple"
"18126010","Saladas",-28.2550670289585,-58.6237267469976,"18","Corrientes","18126","Saladas","180308","Saladas","18126010","Saladas","Localidad simple"
"18126020","San Lorenzo",-28.1380987971767,-58.7681324143266,"18","Corrientes","18126","Saladas","180315","San Lorenzo","18126020","San Lorenzo","Localidad simple"
"18133010","Ingenio Primer Correntino",-27.4336449302222,-58.624308399711,"18","Corrientes","18133","San Cosme","180336","Santa Ana de los Guácaras","18133010","Ingenio Primer Correntino","Localidad simple"
"18133020","Paso de la Patria",-27.3173742609378,-58.5725641481134,"18","Corrientes","18133","San Cosme","180322","Paso de la Patria","18133020","Paso de la Patria","Localidad simple"
"18133030","San Cosme",-27.3703733639743,-58.5125134414712,"18","Corrientes","18133","San Cosme","180329","San Cosme","18133030","San Cosme","Localidad simple"
"18133040","Santa Ana",-27.4553549984351,-58.6547603461789,"18","Corrientes","18133","San Cosme","180336","Santa Ana de los Guácaras","18133040","Santa Ana de los Guácaras","Localidad simple"
"18140010","San Luis del Palmar",-27.5076986550343,-58.5561477152531,"18","Corrientes","18140","San Luis del Palmar","180350","San Luis del Palmar","18140010","San Luis del Palmar","Localidad simple"
"18147010","Colonia Carlos Pellegrini",-28.5372356876725,-57.1713500894698,"18","Corrientes","18147","San Martín","180357","Colonia Carlos Pellegrini","18147010","Colonia Carlos Pellegrini","Localidad simple"
"18147020","Guaviraví",-29.367257277234,-56.829729487149,"18","Corrientes","18147","San Martín","180364","Guaviraví","18147020","Guaviraví","Localidad simple"
"18147030","La Cruz",-29.1786291267576,-56.6382949898464,"18","Corrientes","18147","San Martín","180371","La Cruz","18147030","La Cruz","Localidad simple"
"18147040","Yapeyú",-29.4708978724135,-56.8150660492958,"18","Corrientes","18147","San Martín","180378","Yapeyú","18147040","Yapeyú","Localidad simple"
"18154010","Loreto",-27.7684268022989,-57.2752518110706,"18","Corrientes","18154","San Miguel","180385","Loreto","18154010","Loreto","Localidad simple"
"18154020","San Miguel",-27.998325926444,-57.5873113031892,"18","Corrientes","18154","San Miguel","180392","San Miguel","18154020","San Miguel","Localidad simple"
"18161010","Chavarría",-28.9552557117496,-58.5717674623871,"18","Corrientes","18161","San Roque","180413","Chavarría","18161010","Chavarrí­a","Localidad simple"
"18161020","Colonia Pando",-28.5237974395846,-58.4875853173806,"18","Corrientes","18161","San Roque","180417","Colonia Pando","18161020","Colonia Pando","Localidad simple"
"18161030","9 de Julio",-28.8407771600765,-58.8300857171651,"18","Corrientes","18161","San Roque","180399","9 de Julio","18161030","9 de Julio (Est. Pueblo 9 de Julio)","Localidad simple"
"18161040","Pedro R. Fernández",-28.7463402488208,-58.6541382203541,"18","Corrientes","18161","San Roque","180406","Pedro R. Fernández","18161040","Pedro R. Fernández (Est. Mantilla)","Localidad simple"
"18161050","San Roque",-28.5693032326122,-58.7051349847879,"18","Corrientes","18161","San Roque","180420","San Roque","18161050","San Roque","Localidad simple"
"18168010","José Rafael Gómez",-28.2303186276078,-55.7844099938525,"18","Corrientes","18168","Santo Tomé","180441","Garaví","18168010","Garaví","Localidad simple"
"18168020","Garruchos",-28.1737410217252,-55.6506443276322,"18","Corrientes","18168","Santo Tomé","180427","Garruchos","18168020","Garruchos","Localidad simple"
"18168030","Gobernador Igr. Valentín Virasoro",-28.0468079831449,-56.0096324855253,"18","Corrientes","18168","Santo Tomé","180434","Gobernador Virasoro","18168030","Gobernador Virasoro","Localidad simple"
"18168040","Santo Tomé",-28.5498158069218,-56.0348110765932,"18","Corrientes","18168","Santo Tomé","180448","Santo Tomé","18168040","Santo Tomé","Localidad simple"
"18175010","Sauce",-30.0855347172816,-58.7872807765516,"18","Corrientes","18175","Sauce","180455","Sauce","18175010","Sauce","Localidad simple"
"22007010","Concepción del Bermejo",-26.6003305862167,-60.9461769608855,"22","Chaco","22007","Almirante Brown","220007","Concepción del Bermejo","22007010","Concepción del Bermejo","Localidad simple"
"22007020","Los Frentones",-26.4070680088246,-61.412880578572,"22","Chaco","22007","Almirante Brown","220014","Los Frentones","22007020","Los Frentones","Localidad simple"
"22007030","Pampa del Infierno",-26.5035583962904,-61.1765724474723,"22","Chaco","22007","Almirante Brown","220021","Pampa del Infierno","22007030","Pampa del Infierno","Localidad simple"
"22007040","Río Muerto",-26.3071261086056,-61.6557594353689,"22","Chaco","22007","Almirante Brown","220014","Los Frentones","22007040","Río Muerto","Localidad simple"
"22007050","Taco Pozo",-25.6150351299997,-63.2648575469479,"22","Chaco","22007","Almirante Brown","220028","Taco Pozo","22007050","Taco Pozo","Localidad simple"
"22014010","General Vedia",-26.9379341575218,-58.6619702597662,"22","Chaco","22014","Bermejo","220035","General Vedia","22014010","General Vedia","Localidad simple"
"22014020","Isla del Cerrito",-27.2914991170767,-58.6194294875231,"22","Chaco","22014","Bermejo","220042","Isla del Cerrito","22014020","Isla del Cerrito","Localidad simple"
"22014030","La Leonesa",-27.0381487234311,-58.7072486236073,"22","Chaco","22014","Bermejo","220049","La Leonesa","22014030","La Leonesa","Componente de localidad compuesta"
"22014040","Las Palmas",-27.048750965144,-58.6823960236933,"22","Chaco","22014","Bermejo","220056","Las Palmas","22014040","Las Palmas","Componente de localidad compuesta"
"22014050","Puerto Bermejo Nuevo",-26.9077863528558,-58.5417008445514,"22","Chaco","22014","Bermejo","220063","Puerto Bermejo","22014050","Puerto Bermejo Nuevo","Localidad simple"
"22014060","Puerto Bermejo Viejo",-26.9269363002325,-58.5091157065524,"22","Chaco","22014","Bermejo","220063","Puerto Bermejo","22014060","Puerto Bermejo Viejo","Localidad simple"
"22014070","Puerto Eva Perón",-26.6637000135185,-58.6323972254936,"22","Chaco","22014","Bermejo","220070","Puerto Eva Perón","22014070","Puerto Eva Perón","Localidad simple"
"22021010","Presidencia Roque Sáenz Peña",-26.7909717754736,-60.4412483249411,"22","Chaco","22021","Comandante Fernández","220077","Presidencia Roque Sáenz Peña","22021010","Presidencia Roque Sáenz Peña","Localidad simple"
"22028010","Charata",-27.2179223027158,-61.1873479676585,"22","Chaco","22028","Chacabuco","220084","Charata","22028010","Charata","Localidad simple"
"22036010","Gancedo",-27.487414446204,-61.6766967146157,"22","Chaco","22036","12 de Octubre","220091","Gancedo","22036010","Gancedo","Localidad simple"
"22036020","General Capdevila",-27.422571352861,-61.4761415092562,"22","Chaco","22036","12 de Octubre","220098","General Capdevila","22036020","General Capdevila","Localidad simple"
"22036030","General Pinedo",-27.3253861556851,-61.2809982820843,"22","Chaco","22036","12 de Octubre","220105","General Pinedo","22036030","General Pinedo","Localidad simple"
"22036040","Mesón de Fierro",-27.4298125750248,-61.0170993552243,"22","Chaco","22036","12 de Octubre","220105","General Pinedo","22036040","Mesón de Fierro","Localidad simple"
"22036050","Pampa Landriel",-27.3946839706567,-61.1025627085806,"22","Chaco","22036","12 de Octubre","220105","General Pinedo","22036050","Pampa Landriel","Localidad simple"
"22039010","Hermoso Campo",-27.6100163822701,-61.3442358577896,"22","Chaco","22039","2 de Abril","220112","Hermoso Campo","22039010","Hermoso Campo","Localidad simple"
"22039020","Itín",-27.4874319308341,-61.3244820037252,"22","Chaco","22039","2 de Abril","220112","Hermoso Campo","22039020","Itín","Localidad simple"
"22043010","Chorotis",-27.9146445282621,-61.4013993128414,"22","Chaco","22043","Fray Justo Santa María de Oro","220119","Chorotis","22043010","Chorotis","Localidad simple"
"22043020","Santa Sylvina",-27.8316109768351,-61.1360003686102,"22","Chaco","22043","Fray Justo Santa María de Oro","220126","Santa Sylvina","22043020","Santa Sylvina","Localidad simple"
"22043030","Venados Grandes",-27.8163479454318,-61.3828840983219,"22","Chaco","22043","Fray Justo Santa María de Oro","220119","Chorotis","22043030","Venados Grandes","Localidad simple"
"22049010","Corzuela",-26.9513065400359,-60.9703382686613,"22","Chaco","22049","General Belgrano","220133","Corzuela","22049010","Corzuela","Localidad simple"
"22056010","La Escondida",-27.1053486152867,-59.4463769418997,"22","Chaco","22056","General Donovan","220140","La Escondida","22056010","La Escondida","Localidad simple"
"22056020","La Verde",-27.1304179902021,-59.3761983068578,"22","Chaco","22056","General Donovan","220154","La Verde","22056020","La Verde","Localidad simple"
"22056030","Lapachito",-27.1593324979119,-59.3854154416988,"22","Chaco","22056","General Donovan","220147","Lapachito","22056030","Lapachito","Localidad simple"
"22056040","Makallé",-27.2057849207571,-59.2870860955885,"22","Chaco","22056","General Donovan","220161","Makallé","22056040","Makallé","Localidad simple"
"22063010","El Espinillo",-25.40879832111,-60.4477848678074,"22","Chaco","22063","General Güemes","220203","Villa Río Bermejito","22063010","El Espinillo","Localidad simple"
"22063020","El Sauzal",-24.578514059593,-61.5349548136704,"22","Chaco","22063","General Güemes","220168","El Sauzalito","22063020","El Sauzal","Localidad simple"
"22063030","El Sauzalito",-24.4279728154751,-61.6832325195593,"22","Chaco","22063","General Güemes","220168","El Sauzalito","22063030","El Sauzalito","Localidad simple"
"22063040","Fortín Lavalle",-25.7044902435211,-60.2014855458396,"22","Chaco","22063","General Güemes","220203","Villa Río Bermejito","22063040","Fortín Lavalle","Localidad simple"
"22063050","Fuerte Esperanza",-25.1605144175101,-61.8413720671087,"22","Chaco","22063","General Güemes","220175","Fuerte Esperanza","22063050","Fuerte Esperanza","Localidad simple"
"22063060","Juan José Castelli",-25.9465789293466,-60.6200670449467,"22","Chaco","22063","General Güemes","220182","Juan José Castelli","22063060","Juan José Castelli","Localidad simple"
"22063070","Miraflores",-25.6494249777628,-60.9301874543371,"22","Chaco","22063","General Güemes","220189","Miraflores","22063070","Miraflores","Localidad simple"
"22063080","Nueva Pompeya",-24.9330746180761,-61.483145172937,"22","Chaco","22063","General Güemes","220196","Misión Nueva Pompeya","22063080","Nueva Pompeya","Localidad simple"
"22063100","Villa Río Bermejito",-25.63755492601,-60.2654367699022,"22","Chaco","22063","General Güemes","220203","Villa Río Bermejito","22063100","Villa Río Bermejito","Localidad simple"
"22063110","Wichi",-24.690329441955,-61.4261303376299,"22","Chaco","22063","General Güemes","220168","El Sauzalito","22063110","Wichi","Localidad simple"
"22063120","Zaparinqui",-26.0657920174407,-60.5619267013874,"22","Chaco","22063","General Güemes","220182","Juan José Castelli","22063120","Zaparinqui","Localidad simple"
"22070010","Avia Terai",-26.6866516745676,-60.7280308347642,"22","Chaco","22070","Independencia","220210","Avia Terai","22070010","Avia Terai","Localidad simple"
"22070020","Campo Largo",-26.800310492313,-60.8390178666289,"22","Chaco","22070","Independencia","220217","Campo Largo","22070020","Campo Largo","Localidad simple"
"22070030","Fortín Las Chuñas",-26.8843533265014,-60.9095629682866,"22","Chaco","22070","Independencia","220217","Campo Largo","22070030","Fortín Las Chuñas","Localidad simple"
"22070040","Napenay",-26.7295871127198,-60.6167760570049,"22","Chaco","22070","Independencia","220224","Napenay","22070040","Napenay","Localidad simple"
"22077010","Colonia Popular",-27.2751918731914,-59.1514756922,"22","Chaco","22077","Libertad","220231","Colonia Popular","22077010","Colonia Popular","Localidad simple"
"22077020","Estación General Obligado",-27.4116262609828,-59.4193459037811,"22","Chaco","22077","Libertad","220245","Puerto Tirol","22077020","Estación General Obligado","Localidad simple"
"22077030","Laguna Blanca",-27.2554304381034,-59.2330158035774,"22","Chaco","22077","Libertad","220238","Laguna Blanca","22077030","Laguna Blanca","Localidad simple"
"22077040","Puerto Tirol",-27.3740411914358,-59.0892761648709,"22","Chaco","22077","Libertad","220245","Puerto Tirol","22077040","Puerto Tirol","Localidad simple"
"22084010","Ciervo Petiso",-26.5801424797738,-59.6300338022635,"22","Chaco","22084","Libertador General San Martín","220252","Ciervo Petiso","22084010","Ciervo Petiso","Localidad simple"
"22084020","General José de San Martín",-26.5363023600367,-59.341321005154,"22","Chaco","22084","Libertador General San Martín","220259","General San Martín","22084020","General José de San Martín","Localidad simple"
"22084030","La Eduvigis",-26.8364618120738,-59.0623206203105,"22","Chaco","22084","Libertador General San Martín","220266","La Eduvigis","22084030","La Eduvigis","Localidad simple"
"22084040","Laguna Limpia",-26.4958399099606,-59.680356876031,"22","Chaco","22084","Libertador General San Martín","220273","Laguna Limpia","22084040","Laguna Limpia","Localidad simple"
"22084050","Pampa Almirón",-26.7011493406054,-59.12404507586,"22","Chaco","22084","Libertador General San Martín","220280","Pampa Almirón","22084050","Pampa Almirón","Localidad simple"
"22084060","Pampa del Indio",-26.0490249999348,-59.9427535812383,"22","Chaco","22084","Libertador General San Martín","220287","Pampa del Indio","22084060","Pampa del Indio","Localidad simple"
"22084070","Presidencia Roca",-26.1437153807833,-59.5950291800733,"22","Chaco","22084","Libertador General San Martín","220294","Presidencia Roca","22084070","Presidencia Roca","Localidad simple"
"22084080","Selvas del Río de Oro",-26.8023527458967,-58.9570266168189,"22","Chaco","22084","Libertador General San Martín","220266","La Eduvigis","22084080","Selvas del Río de Oro","Localidad simple"
"22091010","Tres Isletas",-26.3403245622113,-60.4312615293597,"22","Chaco","22091","Maipú","220301","Tres Isletas","22091010","Tres Isletas","Localidad simple"
"22098010","Coronel Du Graty",-27.6822134077665,-60.9043422133531,"22","Chaco","22098","Mayor Luis J. Fontana","220308","Coronel Du Graty","22098010","Coronel Du Graty","Localidad simple"
"22098020","Enrique Urien",-27.5566723947607,-60.5269673722272,"22","Chaco","22098","Mayor Luis J. Fontana","220315","Enrique Urién","22098020","Enrique Urien","Localidad simple"
"22098030","Villa Angela",-27.5768775556817,-60.7111256657117,"22","Chaco","22098","Mayor Luis J. Fontana","220322","Villa Ángela","22098030","Villa Angela","Localidad simple"
"22105010","Las Breñas",-27.0864384535522,-61.0858228220695,"22","Chaco","22105","9 de Julio","220329","Las Breñas","22105010","Las Breñas","Localidad simple"
"22112010","La Clotilde",-27.1773371114827,-60.6326696472275,"22","Chaco","22112","O'Higgins","220336","La Clotilde","22112010","La Clotilde","Localidad simple"
"22112020","La Tigra",-27.114230445782,-60.5876582048946,"22","Chaco","22112","O'Higgins","220343","La Tigra","22112020","La Tigra","Localidad simple"
"22112030","San Bernardo",-27.2867193175886,-60.7128491725155,"22","Chaco","22112","O'Higgins","220350","San Bernardo","22112030","San Bernardo","Localidad simple"
"22119010","Presidencia de la Plaza",-26.998643134952,-59.8463772779192,"22","Chaco","22119","Presidencia de la Plaza","220357","Presidencia de la Plaza","22119010","Presidencia de la Plaza","Localidad simple"
"22126010","Barrio de los Pescadores",-27.4610600630558,-58.8675740610966,"22","Chaco","22126","1° de Mayo","220364","Colonia Benítez","22126010","Barrio de los Pescadores","Localidad simple"
"22126020","Colonia Benítez",-27.3326007424094,-58.9463894200742,"22","Chaco","22126","1° de Mayo","220364","Colonia Benítez","22126020","Colonia Benítez","Localidad simple"
"22126030","Margarita Belén",-27.2590568299922,-58.9705547398788,"22","Chaco","22126","1° de Mayo","220371","Margarita Belén","22126030","Margarita Belén","Localidad simple"
"22133010","Quitilipi",-26.8707906795915,-60.215199589267,"22","Chaco","22133","Quitilipi","220378","Quitilipi","22133010","Quitilipi","Localidad simple"
"22133020","Villa El Palmar",-26.4545040227541,-60.16440487728,"22","Chaco","22133","Quitilipi","220378","Quitilipi","22133020","Villa El Palmar","Localidad simple"
"22140010","Barranqueras",-27.485106065975,-58.9307362641928,"22","Chaco","22140","San Fernando","220385","Barranqueras","22140010","Barranqueras","Componente de localidad compuesta"
"22140020","Basail",-27.887604311928,-59.2814720308718,"22","Chaco","22140","San Fernando","220392","Basail","22140020","Basail","Localidad simple"
"22140030","Colonia Baranda",-27.559706609019,-59.307924278637,"22","Chaco","22140","San Fernando","220413","Resistencia","22140030","Colonia Baranda","Localidad simple"
"22140040","Fontana",-27.4202374033126,-59.0373912551351,"22","Chaco","22140","San Fernando","220399","Fontana","22140040","Fontana","Componente de localidad compuesta"
"22140050","Puerto Vilelas",-27.5108391447737,-58.9417159117382,"22","Chaco","22140","San Fernando","220406","Puerto Vilelas","22140050","Puerto Vilelas","Componente de localidad compuesta"
"22140060","Resistencia",-27.4510757112285,-58.9864835287395,"22","Chaco","22140","San Fernando","220413","Resistencia","22140060","Resistencia","Componente de localidad compuesta"
"22147010","Samuhú",-27.5191076765673,-60.3940259705373,"22","Chaco","22147","San Lorenzo","220420","Samuhú","22147010","Samuhú","Localidad simple"
"22147020","Villa Berthet",-27.2853226966707,-60.4159744929923,"22","Chaco","22147","San Lorenzo","220427","Villa Berthet","22147020","Villa Berthet","Localidad simple"
"22154010","Capitán Solari",-26.8023878089949,-59.5570832354769,"22","Chaco","22154","Sargento Cabral","220434","Capitán Solari","22154010","Capitán Solari","Localidad simple"
"22154020","Colonia Elisa",-26.9316357889598,-59.5188114273782,"22","Chaco","22154","Sargento Cabral","220441","Colonia Elisa","22154020","Colonia Elisa","Localidad simple"
"22154030","Colonias Unidas",-26.6983483793636,-59.6322100649357,"22","Chaco","22154","Sargento Cabral","220448","Colonias Unidas","22154030","Colonias Unidas","Localidad simple"
"22154040","Ingeniero Barbet",-27.002424705928,-59.4826230875459,"22","Chaco","22154","Sargento Cabral","220441","Colonia Elisa","22154040","Ingeniero Barbet","Localidad simple"
"22154050","Las Garcitas",-26.6180677849294,-59.7990423169377,"22","Chaco","22154","Sargento Cabral","220455","Las Garcitas","22154050","Las Garcitas","Localidad simple"
"22161010","Charadai",-27.652364422085,-59.8603507318939,"22","Chaco","22161","Tapenagá","220469","Charadai","22161010","Charadai","Localidad simple"
"22161020","Cote Lai",-27.5314293676606,-59.5750500614589,"22","Chaco","22161","Tapenagá","220462","Cote Lai","22161020","Cote Lai","Localidad simple"
"22161030","Haumonia",-27.5076395814698,-60.1781987489044,"22","Chaco","22161","Tapenagá","220469","Charadai","22161030","Haumonia","Localidad simple"
"22161040","Horquilla",-27.542386472465,-59.9557830142463,"22","Chaco","22161","Tapenagá","220469","Charadai","22161040","Horquilla","Localidad simple"
"22161050","La Sabana",-27.8714507883577,-59.9368592217998,"22","Chaco","22161","Tapenagá","220469","Charadai","22161050","La Sabana","Localidad simple"
"22168010","Colonia Aborigen",-26.9558881616296,-60.2028728637073,"22","Chaco","22168","25 de Mayo","220476","Machagai","22168010","Colonia Aborigen","Localidad simple"
"22168020","Machagai",-26.9261347606326,-60.0484194117374,"22","Chaco","22168","25 de Mayo","220476","Machagai","22168020","Machagai","Localidad simple"
"22168030","Napalpí",-26.90250084563,-60.1298062022973,"22","Chaco","22168","25 de Mayo","220476","Machagai","22168030","Napalpí","Localidad simple"
"26007010","Arroyo Verde",-41.996304359528,-65.2931723873599,"26","Chubut","26007","Biedma","620238","Sierra Grande","26007010","Arroyo Verde","Localidad simple"
"26007020","Puerto Madryn",-42.7672814961937,-65.0366755877063,"26","Chubut","26007","Biedma","260007","Puerto Madryn","26007020","Puerto Madryn","Localidad simple"
"26007030","Puerto Pirámides",-42.5720910610866,-64.2841628775217,"26","Chubut","26007","Biedma","265028","Puerto Pirámides","26007030","Puerto Pirámides","Localidad simple"
"26007040","Quintas El Mirador",-42.8139694814765,-65.0395251053117,"26","Chubut","26007","Biedma","260007","Puerto Madryn","26007040","Quintas El Mirador","Localidad simple"
"26007050","Reserva Area Protegida El Doradillo",-42.6445045471263,-65.0400377129512,"26","Chubut","26007","Biedma","260007","Puerto Madryn","26007050","Reserva Area Protegida El Doradillo","Localidad simple"
"26014010","Buenos Aires Chico",-42.0669680433499,-71.2148139824942,"26","Chubut","26014","Cushamen","260028","El Maitén","26014010","Buenos Aires Chico","Localidad simple"
"26014020","Cholila",-42.5113511427512,-71.4311343839162,"26","Chubut","26014","Cushamen","260014","Cholila","26014020","Cholila","Localidad simple"
"26014025","Costa del Chubut",-42.6039350182085,-70.4570302916977,"26","Chubut","26014","Cushamen","","","26014025","Costa del Chubut","Localidad simple"
"26014030","Cushamen Centro",-42.1730176117551,-70.6613977877613,"26","Chubut","26014","Cushamen","268014","Cushamen","26014030","Cushamen Centro","Localidad simple"
"26014040","El Hoyo",-42.0640503025439,-71.5191432921128,"26","Chubut","26014","Cushamen","260021","El Hoyo","26014040","El Hoyo","Localidad simple"
"26014050","El Maitén",-42.0503208895139,-71.1677874573224,"26","Chubut","26014","Cushamen","260028","El Maitén","26014050","El Maitén","Localidad simple"
"26014060","Epuyén",-42.2292260345562,-71.3710597787051,"26","Chubut","26014","Cushamen","260035","Epuyén","26014060","Epuyén","Localidad simple"
"26014065","Fofo Cahuel",-42.4082116628287,-70.530714862221,"26","Chubut","26014","Cushamen","","","26014065","Fofo Cahuel","Localidad simple"
"26014070","Gualjaina",-42.7238322616018,-70.5377200171443,"26","Chubut","26014","Cushamen","265007","Gualjaina","26014070","Gualjaina","Localidad simple"
"26014080","Lago Epuyén",-42.2168904344569,-71.4296708918742,"26","Chubut","26014","Cushamen","260035","Epuyén","26014080","Lago Epuyén","Localidad simple"
"26014090","Lago Puelo",-42.0601321615066,-71.5971400319398,"26","Chubut","26014","Cushamen","260042","Lago Puelo","26014090","Lago Puelo","Localidad simple"
"26014100","Leleque",-42.412947255266,-71.0711517093,"26","Chubut","26014","Cushamen","","","26014100","Leleque","Localidad simple"
"26021010","Astra",-45.7320397713595,-67.4919959497296,"26","Chubut","26021","Escalante","260049","Comodoro Rivadavia","26021010","Astra","Localidad simple"
"26021020","Bahía Bustamante",-45.1283019301185,-66.5366462623791,"26","Chubut","26021","Escalante","","","26021020","Bahía Bustamante","Localidad simple"
"26021030","Comodoro Rivadavia",-45.8654181470148,-67.4821597739457,"26","Chubut","26021","Escalante","260049","Comodoro Rivadavia","26021030","Comodoro Rivadavia","Localidad simple"
"26021040","Diadema Argentina",-45.7749647846989,-67.674774138225,"26","Chubut","26021","Escalante","260049","Comodoro Rivadavia","26021040","Diadema Argentina","Localidad simple"
"26021050","Rada Tilly",-45.9249664502277,-67.5537244366415,"26","Chubut","26021","Escalante","260056","Rada Tilly","26021050","Rada Tilly","Localidad simple"
"26028010","Camarones",-44.7984548743215,-65.7103327509875,"26","Chubut","26028","Florentino Ameghino","260063","Camarones","26028010","Camarones","Localidad simple"
"26028020","Garayalde",-44.6868450088092,-66.6209399544842,"26","Chubut","26028","Florentino Ameghino","","","26028020","Garayalde","Localidad simple"
"26035010","Aldea Escolar (Los Rápidos)",-43.1330196007827,-71.5509828278272,"26","Chubut","26035","Futaleufú","260084","Trevelin","26035010","Aldea Escolar (Los Rápidos)","Localidad simple"
"26035020","Corcovado",-43.5393021853837,-71.4688553319904,"26","Chubut","26035","Futaleufú","260070","Corcovado","26035020","Corcovado","Localidad simple"
"26035030","Esquel",-42.9173207104894,-71.3215725535306,"26","Chubut","26035","Futaleufú","260077","Esquel","26035030","Esquel","Localidad simple"
"26035040","Lago Rosario",-43.2471603987484,-71.3489468113621,"26","Chubut","26035","Futaleufú","260084","Trevelin","26035040","Lago Rosario","Localidad simple"
"26035050","Los Cipreses",-43.1833583618938,-71.6416035359141,"26","Chubut","26035","Futaleufú","260084","Trevelin","26035050","Los Cipreses","Localidad simple"
"26035060","Trevelín",-43.0791613523395,-71.4640329212327,"26","Chubut","26035","Futaleufú","260084","Trevelin","26035060","Trevelín","Localidad simple"
"26035070","Villa Futalaufquen",-42.8938496103952,-71.6174894440326,"26","Chubut","26035","Futaleufú","","","26035070","Villa Futalaufquen","Localidad simple"
"26042010","Dique Florentino Ameghino",-43.6990684077202,-66.4713255559932,"26","Chubut","26042","Gaiman","268028","Dique Florentino Ameghino","26042010","Dique Florentino Ameghino","Localidad simple"
"26042020","Dolavon",-43.3079788422985,-65.7098722771955,"26","Chubut","26042","Gaiman","260091","Dolavon","26042020","Dolavon","Localidad simple"
"26042030","Gaiman",-43.2916167979349,-65.4983708667024,"26","Chubut","26042","Gaiman","260098","Gaiman","26042030","Gaiman","Localidad simple"
"26042040","28 de Julio",-43.3892221634843,-65.8404264784686,"26","Chubut","26042","Gaiman","265014","28 de Julio","26042040","28 de Julio","Localidad simple"
"26049010","Blancuntre",-42.6200606678133,-68.9043046186849,"26","Chubut","26049","Gastre","","","26049010","Blancuntre","Localidad simple"
"26049020","El Escorial",-43.08976280226,-68.5398676711389,"26","Chubut","26049","Gastre","","","26049020","El Escorial","Localidad simple"
"26049030","Gastre",-42.2631981301959,-69.2221438043766,"26","Chubut","26049","Gastre","268035","Gastre","26049030","Gastre","Localidad simple"
"26049040","Lagunita Salada",-42.742232747455,-69.1490058696414,"26","Chubut","26049","Gastre","268042","Lagunita Salada","26049040","Lagunita Salada","Localidad simple"
"26049050","Yala Laubat",-42.7591451208137,-68.8675523265047,"26","Chubut","26049","Gastre","","","26049050","Yala Laubat","Localidad simple"
"26056010","Aldea Epulef",-43.3208227444691,-69.6922931611261,"26","Chubut","26056","Languiñeo","268049","Aldea Epulef","26056010","Aldea Epulef","Localidad simple"
"26056020","Carrenleufú",-43.5878979285719,-71.702134687121,"26","Chubut","26056","Languiñeo","268056","Carrenleufú","26056020","Carrenleufú","Localidad simple"
"26056030","Colan Conhué",-43.2413702729388,-69.9303348841452,"26","Chubut","26056","Languiñeo","268063","Colan Conhue","26056030","Colan Conhué","Localidad simple"
"26056040","Paso del Sapo",-42.7351158725925,-69.6081536894308,"26","Chubut","26056","Languiñeo","268070","Paso del Sapo","26056040","Paso del Sapo","Localidad simple"
"26056050","Tecka",-43.4928649439078,-70.810780740043,"26","Chubut","26056","Languiñeo","260105","Tecka","26056050","Tecka","Localidad simple"
"26063010","El Mirasol",-43.2836552092519,-67.7614282705723,"26","Chubut","26063","Mártires","","","26063010","El Mirasol","Localidad simple"
"26063020","Las Plumas",-43.7216248834969,-67.2842377970135,"26","Chubut","26063","Mártires","268077","Las Plumas","26063020","Las Plumas","Localidad simple"
"26070010","Cerro Cóndor",-43.4197846057917,-69.1642676734883,"26","Chubut","26070","Paso de Indios","","","26070010","Cerro Cóndor","Localidad simple"
"26070020","Los Altares",-43.8861146804746,-68.4116439963048,"26","Chubut","26070","Paso de Indios","268084","Los Altares","26070020","Los Altares","Localidad simple"
"26070030","Paso de Indios",-43.8643860057353,-69.0465861742933,"26","Chubut","26070","Paso de Indios","265021","Paso de Indios","26070030","Paso de Indios","Localidad simple"
"26077010","Playa Magagna",-43.3819482673625,-65.045502263122,"26","Chubut","26077","Rawson","260112","Rawson","26077010","Playa Magagna","Localidad simple"
"26077020","Playa Unión",-43.321660695384,-65.0478800374535,"26","Chubut","26077","Rawson","260112","Rawson","26077020","Playa Unión","Localidad simple"
"26077030","Rawson",-43.3052236685054,-65.1036957322757,"26","Chubut","26077","Rawson","260112","Rawson","26077030","Rawson","Localidad simple"
"26077040","Trelew",-43.2531867505795,-65.3093805893395,"26","Chubut","26077","Rawson","260119","Trelew","26077040","Trelew","Localidad simple"
"26084010","Aldea Apeleg",-44.6876393507589,-70.8529129101379,"26","Chubut","26084","Río Senguer","260126","Alto Río Senguer","26084010","Aldea Apeleg","Localidad simple"
"26084020","Aldea Beleiro",-45.5532682101788,-71.5226366677746,"26","Chubut","26084","Río Senguer","268091","Aldea Beleiro","26084020","Aldea Beleiro","Localidad simple"
"26084030","Alto Río Senguer",-45.0418822725479,-70.8233836026475,"26","Chubut","26084","Río Senguer","260126","Alto Río Senguer","26084030","Alto Río Senguer","Localidad simple"
"26084040","Doctor Ricardo Rojas",-45.5756640605724,-71.0350530145017,"26","Chubut","26084","Río Senguer","268098","Doctor Ricardo Rojas","26084040","Doctor Ricardo Rojas","Localidad simple"
"26084050","Facundo",-45.3086428835566,-69.9748624907449,"26","Chubut","26084","Río Senguer","268105","Facundo","26084050","Facundo","Localidad simple"
"26084060","Lago Blanco",-45.9369835437361,-71.2682429484838,"26","Chubut","26084","Río Senguer","268112","Lago Blanco","26084060","Lago Blanco","Localidad simple"
"26084070","Río Mayo",-45.6861769975897,-70.2566379579333,"26","Chubut","26084","Río Senguer","260133","Río Mayo","26084070","Río Mayo","Localidad simple"
"26091010","Buen Pasto",-45.0761333499749,-69.4588985693576,"26","Chubut","26091","Sarmiento","268119","Buen Pasto","26091010","Buen Pasto","Localidad simple"
"26091020","Sarmiento",-45.5868679096809,-69.0689409610272,"26","Chubut","26091","Sarmiento","260140","Sarmiento","26091020","Sarmiento","Localidad simple"
"26098010","Doctor Oscar Atilio Viglione (Frontera de Río Pico)",-44.1913673349593,-71.6642206830995,"26","Chubut","26098","Tehuelches","268147","Dr. Atilio Oscar Viglione","26098010","Doctor Oscar Atilio Viglione (Frontera de Río Pico)","Localidad simple"
"26098020","Gobernador Costa",-44.0487066290367,-70.5990240935454,"26","Chubut","26098","Tehuelches","260147","Gobernador Costa","26098020","Gobernador Costa","Localidad simple"
"26098030","José de San Martín",-44.0514653137899,-70.4707413513195,"26","Chubut","26098","Tehuelches","260154","José de San Martín","26098030","José de San Martín","Localidad simple"
"26098040","Río Pico",-44.1793548777281,-71.3683181076623,"26","Chubut","26098","Tehuelches","260161","Río Pico","26098040","Río Pico","Localidad simple"
"26105010","Gan Gan",-42.5222032556101,-68.2841375256888,"26","Chubut","26105","Telsen","268126","Gan Gan","26105010","Gan Gan","Localidad simple"
"26105020","Telsen",-42.4355306191918,-66.9432129672812,"26","Chubut","26105","Telsen","","","26105020","Telsen","Localidad simple"
"30008010","Arroyo Barú",-31.8672898395356,-58.4483085815981,"30","Entre Ríos","30008","Colón","302007","Arroyo Barú","30008010","Arroyo Barú","Localidad simple"
"30008020","Colón",-32.2250500793422,-58.1422695022137,"30","Entre Ríos","30008","Colón","300007","Colón","30008020","Colón","Localidad simple"
"30008030","Colonia Hugues",-32.2956986917188,-58.2337080676846,"30","Entre Ríos","30008","Colón","300007","Colón","30008030","Colonia Hugues","Localidad simple"
"30008040","Hambis",-31.9636306181098,-58.5077297627347,"30","Entre Ríos","30008","Colón","309010","Hambis","30008040","Hambis","Localidad simple"
"30008050","Hocker",-32.0883131178827,-58.3394885068103,"30","Entre Ríos","30008","Colón","309015","Hocker","30008050","Hocker","Localidad simple"
"30008060","La Clarita",-31.9757522344996,-58.3924313333867,"30","Entre Ríos","30008","Colón","302035","La Clarita","30008060","La Clarita","Localidad simple"
"30008070","Pueblo Cazes",-32.0031495857066,-58.4907942685898,"30","Entre Ríos","30008","Colón","302042","Pueblo Cazes","30008070","Pueblo Cazes","Localidad simple"
"30008080","Pueblo Liebig's",-32.1541902049407,-58.1920788918591,"30","Entre Ríos","30008","Colón","309030","Pueblo Liebig","30008080","Pueblo Liebig","Localidad simple"
"30008090","San José",-32.2077188328206,-58.2187989413511,"30","Entre Ríos","30008","Colón","300014","San José","30008090","San José","Localidad simple"
"30008100","Ubajay",-31.7951778227254,-58.3150653208058,"30","Entre Ríos","30008","Colón","300021","Ubajay","30008100","Ubajay","Localidad simple"
"30008110","Villa Elisa",-32.1632187428976,-58.4005315762751,"30","Entre Ríos","30008","Colón","300028","Villa Elisa","30008110","Villa Elisa","Localidad simple"
"30015010","Calabacilla",-31.5070034244042,-58.1330469846132,"30","Entre Ríos","30015","Concordia","300049","Estancia Grande","30015010","Calabacilla","Localidad simple"
"30015020","Clodomiro Ledesma",-31.5766676930595,-58.1803339151731,"30","Entre Ríos","30015","Concordia","309035","Clodomiro Ledesma","30015020","Clodomiro Ledesma","Localidad simple"
"30015030","Colonia Ayuí",-31.2077200710886,-58.0312441498482,"30","Entre Ríos","30015","Concordia","300035","Colonia Ayuí","30015030","Colonia Ayuí","Localidad simple"
"30015040","Colonia General Roca",-31.3508509297983,-58.0850767832094,"30","Entre Ríos","30015","Concordia","302077","General Roca","30015040","Colonia General Roca","Localidad simple"
"30015060","Concordia",-31.3919648167661,-58.0170077848337,"30","Entre Ríos","30015","Concordia","300042","Concordia","30015060","Concordia","Localidad simple"
"30015080","Estación Yeruá",-31.471106728684,-58.2633298098291,"30","Entre Ríos","30015","Concordia","309050","Estación Yeruá","30015080","Estación Yeruá","Localidad simple"
"30015083","Estación Yuquerí",-31.398216856989,-58.1624358668396,"30","Entre Ríos","30015","Concordia","309055","Estación Yuquerí","30015083","Estacion Yuquerí","Localidad simple"
"30015087","Estancia Grande",-31.4391670544258,-58.1195702445376,"30","Entre Ríos","30015","Concordia","300049","Estancia Grande","30015087","Estancia Grande","Localidad simple"
"30015090","La Criolla",-31.2691133910253,-58.1088277324905,"30","Entre Ríos","30015","Concordia","300056","La Criolla","30015090","La Criolla","Localidad simple"
"30015100","Los Charrúas",-31.1694300520192,-58.1855405012526,"30","Entre Ríos","30015","Concordia","300063","Los Charrúas","30015100","Los Charrúas","Localidad simple"
"30015110","Nueva Escocia",-31.6496165324376,-58.0163356827209,"30","Entre Ríos","30015","Concordia","302084","Nueva Escocia","30015110","Nueva Escocia","Localidad simple"
"30015120","Osvaldo Magnasco",-31.3131029387782,-58.0593224688058,"30","Entre Ríos","30015","Concordia","300042","Concordia","30015120","Osvaldo Magnasco","Localidad simple"
"30015130","Pedernal",-31.6719730693954,-58.2305813565411,"30","Entre Ríos","30015","Concordia","302091","Pedernal","30015130","Pedernal","Localidad simple"
"30015140","Puerto Yeruá",-31.5313584976824,-58.0151827052007,"30","Entre Ríos","30015","Concordia","300070","Puerto Yeruá","30015140","Puerto Yeruá","Localidad simple"
"30021010","Aldea Brasilera",-31.8898331706717,-60.5907932653543,"30","Entre Ríos","30021","Diamante","309075","Aldea Brasilera","30021010","Aldea Brasilera","Localidad simple"
"30021015","Aldea Grapschental",-31.9605187678945,-60.4989837531202,"30","Entre Ríos","30021","Diamante","309080","Aldea Grapschental","30021015","Aldea Grapschental","Localidad simple"
"30021020","Aldea Protestante",-32.0293027894612,-60.5618081310949,"30","Entre Ríos","30021","Diamante","302112","Aldea Protestante","30021020","Aldea Protestante","Localidad simple"
"30021030","Aldea Salto",-31.9248332176685,-60.5473518905461,"30","Entre Ríos","30021","Diamante","309090","Aldea Salto","30021030","Aldea Salto","Localidad simple"
"30021040","Aldea San Francisco",-31.9612266672352,-60.6352599381601,"30","Entre Ríos","30021","Diamante","309120","General Alvear","30021040","Aldea San Francisco","Localidad simple"
"30021050","Aldea Spatzenkutter",-31.9461790345738,-60.5808627344469,"30","Entre Ríos","30021","Diamante","302126","Aldea Spatzenkutter","30021050","Aldea Spatzenkutter","Localidad simple"
"30021060","Aldea Valle María",-31.9900923662644,-60.5877262313482,"30","Entre Ríos","30021","Diamante","300077","Aldea Valle María","30021060","Aldea Valle María","Localidad simple"
"30021070","Colonia Ensayo",-31.8651881704182,-60.5746902491132,"30","Entre Ríos","30021","Diamante","302133","Colonia Ensayo","30021070","Colonia Ensayo","Localidad simple"
"30021080","Diamante",-32.0707572517765,-60.6382083360621,"30","Entre Ríos","30021","Diamante","300084","Diamante","30021080","Diamante","Localidad simple"
"30021090","Estación Camps",-32.1125162364785,-60.2272889217605,"30","Entre Ríos","30021","Diamante","309110","Estación Camps","30021090","Estación Camps","Localidad simple"
"30021100","General Alvear",-31.9455148849987,-60.680121897539,"30","Entre Ríos","30021","Diamante","309120","General Alvear","30021100","General Alvear","Localidad simple"
"30021110","General Racedo (El Carmen)",-31.9791490506092,-60.4056663272969,"30","Entre Ríos","30021","Diamante","302161","Gobernador Racedo","30021110","Gobernador Racedo","Localidad simple"
"30021120","General Ramírez",-32.1772681367295,-60.2016467358906,"30","Entre Ríos","30021","Diamante","300091","General Ramírez","30021120","General Ramírez","Localidad simple"
"30021123","La Juanita",-31.8750484074246,-60.6489560785938,"30","Entre Ríos","30021","Diamante","302133","Colonia Ensayo","30021123","La Juanita","Localidad simple"
"30021127","Las Jaulas",-31.8270433777202,-60.6053181395704,"30","Entre Ríos","30021","Diamante","302133","Colonia Ensayo","30021127","Las Jaulas","Localidad simple"
"30021130","Paraje La Virgen",-31.9166385582342,-60.6536092352755,"30","Entre Ríos","30021","Diamante","309075","Aldea Brasilera","30021130","Paraje La Virgen","Localidad simple"
"30021140","Puerto Las Cuevas",-32.3287076899508,-60.4865011802982,"30","Entre Ríos","30021","Diamante","302175","Las Cuevas","30021140","Puerto Las Cuevas","Localidad simple"
"30021150","Villa Libertador San Martín",-32.0734421833662,-60.4659165217568,"30","Entre Ríos","30021","Diamante","300098","Villa Libertador San Martín","30021150","Villa Libertador San Martín","Localidad simple"
"30028010","Chajarí",-30.7547242034728,-57.9817893682594,"30","Entre Ríos","30028","Federación","300105","Chajarí","30028010","Chajarí","Localidad simple"
"30028020","Colonia Alemana",-30.9035950691115,-57.9998943396245,"30","Entre Ríos","30028","Federación","309135","Colonia Alemana","30028020","Colonia Alemana","Localidad simple"
"30028040","Colonia La Argentina",-31.0740770229662,-58.0260216531353,"30","Entre Ríos","30028","Federación","309140","Colonia La Argentina","30028040","Colonia La Argentina","Localidad simple"
"30028070","Federación",-30.9902627352677,-57.9177623238373,"30","Entre Ríos","30028","Federación","300112","Federación","30028070","Federación","Localidad simple"
"30028080","Los Conquistadores",-30.5913371447286,-58.4662357090178,"30","Entre Ríos","30028","Federación","300115","Los Conquistadores","30028080","Los Conquistadores","Localidad simple"
"30028090","San Jaime de la Frontera",-30.3403401359976,-58.3069291581191,"30","Entre Ríos","30028","Federación","300119","San Jaime de la Frontera","30028090","San Jaime de la Frontera","Localidad simple"
"30028100","San Pedro",-30.7581957780129,-58.0815900082746,"30","Entre Ríos","30028","Federación","309175","San Pedro","30028100","San Pedro","Localidad simple"
"30028105","San Ramón",-30.8188156466658,-58.2497947667639,"30","Entre Ríos","30028","Federación","309180","San Ramón","30028105","San Ramón","Localidad simple"
"30028110","Santa Ana",-30.8993700235864,-57.9310782503744,"30","Entre Ríos","30028","Federación","300126","Santa Ana","30028110","Santa Ana","Localidad simple"
"30028120","Villa del Rosario",-30.7957385008307,-57.9145527100309,"30","Entre Ríos","30028","Federación","300133","Villa del Rosario","30028120","Villa del Rosario","Localidad simple"
"30035010","Conscripto Bernardi",-31.0462438153575,-59.0867226661372,"30","Entre Ríos","30035","Federal","300140","Conscripto Bernardi","30035010","Conscripto Bernardi","Localidad simple"
"30035020","Aldea San Isidro (El Cimarrón)",-30.9741023051628,-58.9964135435597,"30","Entre Ríos","30035","Federal","302287","El Cimarrón","30035020","El Cimarrón","Localidad simple"
"30035030","Federal",-30.9562142806914,-58.7795875052823,"30","Entre Ríos","30035","Federal","300147","Federal","30035030","Federal","Localidad simple"
"30035040","Nueva Vizcaya",-30.9685140319756,-58.6127493441519,"30","Entre Ríos","30035","Federal","302308","Nueva Vizcaya","30035040","Nueva Vizcaya","Localidad simple"
"30035050","Sauce de Luna",-31.2395232659228,-59.2173710836707,"30","Entre Ríos","30035","Federal","300154","Sauce de Luna","30035050","Sauce de Luna","Localidad simple"
"30042010","San José de Feliciano",-30.3854437363788,-58.7502572752322,"30","Entre Ríos","30042","Feliciano","300161","San José de Feliciano","30042010","San José de Feliciano","Localidad simple"
"30042020","San Víctor",-30.4851899621348,-59.0283413798032,"30","Entre Ríos","30042","Feliciano","302376","San Víctor","30042020","San Víctor","Localidad simple"
"30063040","Médanos",-33.4357740479997,-59.0688572962096,"30","Entre Ríos","30063","Islas del Ibicuy","309405","Médanos","30063040","Médanos","Localidad simple"
"30049010","Aldea Asunción",-32.8247091104656,-59.2391181528493,"30","Entre Ríos","30049","Gualeguay","302383","Aldea Asunción","30049010","Aldea Asunción","Localidad simple"
"30049020","Estación Lazo",-32.8708132401108,-59.4223303691248,"30","Entre Ríos","30049","Gualeguay","309295","Estación Lazo","30049020","Estación Lazo","Localidad simple"
"30049030","General Galarza",-32.7204846633082,-59.3957065604885,"30","Entre Ríos","30049","Gualeguay","300168","General Galarza","30049030","General Galarza","Localidad simple"
"30049040","Gualeguay",-33.1504300803974,-59.3105755860058,"30","Entre Ríos","30049","Gualeguay","300175","Gualeguay","30049040","Gualeguay","Localidad simple"
"30049050","Puerto Ruiz",-33.2218241731748,-59.3654648895633,"30","Entre Ríos","30049","Gualeguay","300175","Gualeguay","30049050","Puerto Ruiz","Localidad simple"
"30056010","Aldea San Antonio",-32.6251747263965,-58.7044236395354,"30","Entre Ríos","30056","Gualeguaychú","300182","Aldea San Antonio","30056010","Aldea San Antonio","Localidad simple"
"30056020","Aldea San Juan",-32.6959583134931,-58.7717519658529,"30","Entre Ríos","30056","Gualeguaychú","302453","Aldea San Juan","30056020","Aldea San Juan","Localidad simple"
"30056030","Enrique Carbó",-33.1454610724344,-59.20805582252,"30","Entre Ríos","30056","Gualeguaychú","300184","Enrique Carbó","30056030","Enrique Carbó","Localidad simple"
"30056035","Estación Escriña",-32.5921302043254,-58.9059282838468,"30","Entre Ríos","30056","Gualeguaychú","309355","Estación Escriña","30056035","Estación Escriña","Localidad simple"
"30056040","Faustino M. Parera",-32.804430236216,-58.8826336786977,"30","Entre Ríos","30056","Gualeguaychú","302512","Estación Parera","30056040","Estación Parera","Localidad simple"
"30056050","General Almada",-32.8373889903269,-58.8026489744221,"30","Entre Ríos","30056","Gualeguaychú","309365","General Almada","30056050","General Almada","Localidad simple"
"30056060","Gilbert",-32.5358321663809,-58.9340099890289,"30","Entre Ríos","30056","Gualeguaychú","300185","Gilbert","30056060","Gilbert","Localidad simple"
"30056070","Gualeguaychú",-33.0077976973495,-58.5107700863228,"30","Entre Ríos","30056","Gualeguaychú","300189","San José de Gualeguaychú","30056070","Gualeguaychú","Componente de localidad compuesta"
"30056080","Irazusta",-32.9258653202157,-58.9496485138064,"30","Entre Ríos","30056","Gualeguaychú","302526","Irazusta","30056080","Irazusta","Localidad simple"
"30056090","Larroque",-33.0365215310336,-58.9990862025396,"30","Entre Ríos","30056","Gualeguaychú","300196","Larroque","30056090","Larroque","Localidad simple"
"30056095","Pastor Britos",-32.7702371034464,-58.9062943843502,"30","Entre Ríos","30056","Gualeguaychú","302512","Estación Parera","30056095","Pastor Britos","Localidad simple"
"30056100","Pueblo General Belgrano",-33.0173732799664,-58.475033211034,"30","Entre Ríos","30056","Gualeguaychú","300199","Pueblo General Belgrano","30056100","Pueblo General Belgrano","Componente de localidad compuesta"
"30056110","Urdinarrain",-32.6910460992997,-58.8884200764691,"30","Entre Ríos","30056","Gualeguaychú","300203","Urdinarrain","30056110","Urdinarrain","Localidad simple"
"30063020","Ceibas",-33.4994143415822,-58.8003552616562,"30","Entre Ríos","30063","Islas del Ibicuy","300210","Ceibas","30063020","Ceibas","Localidad simple"
"30063030","Ibicuy",-33.742476857164,-59.157590207736,"30","Entre Ríos","30063","Islas del Ibicuy","300217","Ibicuy","30063030","Ibicuy","Localidad simple"
"30063060","Villa Paranacito",-33.7156034771624,-58.6652644995763,"30","Entre Ríos","30063","Islas del Ibicuy","300224","Villa Paranacito","30063060","Villa Paranacito","Localidad simple"
"30070005","Alcaraz",-31.4573653455777,-59.5985723120056,"30","Entre Ríos","30070","La Paz","300231","Alcaraz","30070005","Alcaraz","Localidad simple"
"30070010","Bovril",-31.343579683492,-59.4463897661907,"30","Entre Ríos","30070","La Paz","300238","Bovril","30070010","Bovril","Localidad simple"
"30070020","Colonia Avigdor",-31.183195499668,-59.4082372809929,"30","Entre Ríos","30070","La Paz","302596","Colonia Avigdor","30070020","Colonia Avigdor","Localidad simple"
"30070030","El Solar",-31.1795440846043,-59.7331340626411,"30","Entre Ríos","30070","La Paz","302638","El Solar","30070030","El Solar","Localidad simple"
"30070040","La Paz",-30.7404766242794,-59.6443012787354,"30","Entre Ríos","30070","La Paz","300245","La Paz","30070040","La Paz","Localidad simple"
"30070050","Piedras Blancas",-31.1850061480935,-59.9499577135334,"30","Entre Ríos","30070","La Paz","300252","Piedras Blancas","30070050","Piedras Blancas","Localidad simple"
"30070070","San Gustavo",-30.6902877479076,-59.3949842943142,"30","Entre Ríos","30070","La Paz","300255","San Gustavo","30070070","San Gustavo","Localidad simple"
"30070080","Santa Elena",-30.9444600016756,-59.7891212913891,"30","Entre Ríos","30070","La Paz","300259","Santa Elena","30070080","Santa Elena","Localidad simple"
"30070090","Sir Leonard",-31.3889211506789,-59.5010619355657,"30","Entre Ríos","30070","La Paz","309500","Sir Leonard","30070090","Sir Leonard","Localidad simple"
"30077010","Aranguren",-32.2457755164885,-60.1583505738708,"30","Entre Ríos","30077","Nogoyá","300266","Villa Aranguren","30077010","Villa Aranguren","Localidad simple"
"30077020","Betbeder",-32.3721797633805,-59.9284078342041,"30","Entre Ríos","30077","Nogoyá","","","30077020","Betbeder","Localidad simple"
"30077030","Don Cristóbal",-32.0713541870669,-59.9947309809541,"30","Entre Ríos","30077","Nogoyá","302780","Don Cristóbal II","30077030","Don Cristóbal II","Localidad simple"
"30077040","Febré",-32.475267674938,-59.9189010779794,"30","Entre Ríos","30077","Nogoyá","302787","Febre","30077040","Febré","Localidad simple"
"30077050","Hernández",-32.3382714166742,-60.0321261187869,"30","Entre Ríos","30077","Nogoyá","300273","Villa Sabá Z. Hernández","30077050","Villa Sabá Z. Hernández","Localidad simple"
"30077060","Lucas González",-32.3843937289654,-59.5308470434542,"30","Entre Ríos","30077","Nogoyá","300280","Lucas González","30077060","Lucas González","Localidad simple"
"30077070","Nogoyá",-32.3989615251678,-59.787695341605,"30","Entre Ríos","30077","Nogoyá","300287","Nogoyá","30077070","Nogoyá","Localidad simple"
"30077080","XX de Setiembre",-32.3859188275714,-59.662220630427,"30","Entre Ríos","30077","Nogoyá","302808","XX de Septiembre","30077080","XX de Setiembre","Localidad simple"
"30084010","Aldea María Luisa",-31.8838516983236,-60.4105063277925,"30","Entre Ríos","30084","Paraná","309580","Maria Luisa","30084010","Aldea María Luisa","Localidad simple"
"30084015","Aldea San Juan",-31.9967195611947,-60.3581603581635,"30","Entre Ríos","30084","Paraná","300301","Crespo","30084015","Aldea San Juan","Localidad simple"
"30084020","Aldea San Rafael",-31.957411232207,-60.2546306448179,"30","Entre Ríos","30084","Paraná","309590","Aldea San Rafael","30084020","Aldea San Rafael","Localidad simple"
"30084030","Aldea Santa María",-31.6113329912328,-60.0068869508086,"30","Entre Ríos","30084","Paraná","302836","Aldea Santa María","30084030","Aldea Santa María","Localidad simple"
"30084040","Aldea Santa Rosa",-32.0131601160492,-60.2392099527139,"30","Entre Ríos","30084","Paraná","302843","Aldea Santa Rosa","30084040","Aldea Santa Rosa","Localidad simple"
"30084050","Cerrito",-31.5799390266432,-60.0755467034037,"30","Entre Ríos","30084","Paraná","300294","Cerrito","30084050","Cerrito","Localidad simple"
"30084060","Colonia Avellaneda",-31.7626492941623,-60.411981206375,"30","Entre Ríos","30084","Paraná","300297","Colonia Avellaneda","30084060","Colonia Avellaneda","Componente de localidad compuesta"
"30084065","Colonia Crespo",-31.68288121994,-60.2310818879375,"30","Entre Ríos","30084","Paraná","302899","Colonia Crespo","30084065","Colonia Crespo","Localidad simple"
"30084070","Crespo",-32.0307595065229,-60.3060920490641,"30","Entre Ríos","30084","Paraná","300301","Crespo","30084070","Crespo","Localidad simple"
"30084080","El Palenque",-31.6537567407046,-60.1666164581891,"30","Entre Ríos","30084","Paraná","302927","El Palenque","30084080","El Palenque","Localidad simple"
"30084090","El Pingo",-31.5829676043156,-59.8908482978195,"30","Entre Ríos","30084","Paraná","309680","El Pingo","30084090","El Pingo","Localidad simple"
"30084095","El Ramblón",-31.8468764834646,-60.1012521230134,"30","Entre Ríos","30084","Paraná","309730","Quebracho","30084095","El Ramblón","Localidad simple"
"30084100","Hasenkamp",-31.5121688745034,-59.8352827889199,"30","Entre Ríos","30084","Paraná","300308","Hasenkamp","30084100","Hasenkamp","Localidad simple"
"30084110","Hernandarias",-31.2300082476583,-59.9882864462032,"30","Entre Ríos","30084","Paraná","300315","Hernandarias","30084110","Hernandarias","Localidad simple"
"30084120","La Picada",-31.7250045287472,-60.2975491064565,"30","Entre Ríos","30084","Paraná","302955","La Picada","30084120","La Picada","Localidad simple"
"30084130","Las Tunas",-31.8685965611317,-59.728864072529,"30","Entre Ríos","30084","Paraná","302976","Paraje Las Tunas","30084130","Paraje Las Tunas","Localidad simple"
"30084140","María Grande",-31.6628074993378,-59.9040145960044,"30","Entre Ríos","30084","Paraná","300322","María Grande","30084140","María Grande","Localidad simple"
"30084150","Oro Verde",-31.8227547000767,-60.5175334301681,"30","Entre Ríos","30084","Paraná","300329","Oro Verde","30084150","Oro Verde","Componente de localidad compuesta"
"30084160","Paraná",-31.7401601621031,-60.5274260494443,"30","Entre Ríos","30084","Paraná","300336","Paraná","30084160","Paraná","Componente de localidad compuesta"
"30084170","Pueblo Bellocq (Las Garzas)",-31.4274268735175,-59.7444932615042,"30","Entre Ríos","30084","Paraná","302962","Las Garzas","30084170","Las Garzas","Localidad simple"
"30084180","Pueblo Brugo",-31.3873290930984,-60.0918141248688,"30","Entre Ríos","30084","Paraná","309720","Pueblo Brugo","30084180","Pueblo Brugo","Localidad simple"
"30084190","Pueblo General San Martín",-31.4583608740821,-60.1690524560952,"30","Entre Ríos","30084","Paraná","302999","Puerto Curtiembre","30084190","Puerto Curtiembre","Localidad simple"
"30084200","San Benito",-31.7830223392508,-60.4414593119117,"30","Entre Ríos","30084","Paraná","300343","San Benito","30084200","San Benito","Componente de localidad compuesta"
"30084210","Sauce Montrull",-31.7448088128617,-60.3557573370731,"30","Entre Ríos","30084","Paraná","303020","Sauce Montrull","30084210","Sauce Montrull","Componente de localidad compuesta"
"30084220","Sauce Pinto",-31.8430823355075,-60.3716007205911,"30","Entre Ríos","30084","Paraná","303027","Sauce Pinto","30084220","Sauce Pinto","Localidad simple"
"30084230","Seguí",-31.9543397722153,-60.1256505518592,"30","Entre Ríos","30084","Paraná","300350","Seguí","30084230","Seguí","Localidad simple"
"30084240","Sosa",-31.7362332979389,-59.9111358895149,"30","Entre Ríos","30084","Paraná","302941","Estación Sosa","30084240","Estación Sosa","Localidad simple"
"30084250","Tabossi",-31.8016595891036,-59.935952939523,"30","Entre Ríos","30084","Paraná","300357","Tabossi","30084250","Tabossi","Localidad simple"
"30084260","Tezanos Pinto",-31.8716985985524,-60.494414737347,"30","Entre Ríos","30084","Paraná","303034","Tezanos Pinto","30084260","Tezanos Pinto","Localidad simple"
"30084270","Viale",-31.8721090330188,-60.0129512483241,"30","Entre Ríos","30084","Paraná","300364","Viale","30084270","Viale","Localidad simple"
"30084280","Villa Fontana",-31.9053433169782,-60.4736941547727,"30","Entre Ríos","30084","Paraná","303041","Villa Fontana","30084280","Villa Fontana","Localidad simple"
"30084290","Villa Gdor. Luis F. Etchevehere",-31.9350699101389,-60.4271676606855,"30","Entre Ríos","30084","Paraná","302948","Gobernador Etchevehere","30084290","Gobernador Etchevehere","Localidad simple"
"30084300","Villa Urquiza",-31.6495212087066,-60.3768959087163,"30","Entre Ríos","30084","Paraná","300371","Villa Urquiza","30084300","Villa Urquiza","Localidad simple"
"30088010","General Campos",-31.5233761986049,-58.4058045394824,"30","Entre Ríos","30088","San Salvador","300378","General Campos","30088010","General Campos","Localidad simple"
"30088020","San Salvador",-31.6249608786519,-58.5050320059527,"30","Entre Ríos","30088","San Salvador","300385","San Salvador","30088020","San Salvador","Localidad simple"
"30091010","Altamirano Sur",-32.0877800983375,-59.1747316014494,"30","Entre Ríos","30091","Tala","309790","Altamirano Sur","30091010","Altamirano Sur","Localidad simple"
"30091020","Durazno",-31.9858807820586,-59.2792940251352,"30","Entre Ríos","30091","Tala","303091","Durazno","30091020","Durazno","Localidad simple"
"30091030","Estación Arroyo Clé",-32.6350310386839,-59.4015034243036,"30","Entre Ríos","30091","Tala","309795","Arroyo Cle","30091030","Arroyo Clé","Localidad simple"
"30091040","Gobernador Echagüe",-32.3933721966686,-59.2758896426831,"30","Entre Ríos","30091","Tala","303098","Gobernador Echagüe","30091040","Gobernador Echagüe","Localidad simple"
"30091050","Gobernador Mansilla",-32.5454358721796,-59.3566188061038,"30","Entre Ríos","30091","Tala","300392","Gobernador Mansilla","30091050","Gobernador Mansilla","Localidad simple"
"30091060","Gobernador Solá",-32.336522574321,-59.3727853441384,"30","Entre Ríos","30091","Tala","303112","Gobernador Sola","30091060","Gobernador Sola","Localidad simple"
"30091070","Guardamonte",-32.0811453250374,-59.3059536407295,"30","Entre Ríos","30091","Tala","303119","Guardamonte","30091070","Guardamonte","Localidad simple"
"30091080","Las Guachas",-32.4702188089563,-59.1729259161367,"30","Entre Ríos","30091","Tala","309825","Las Guachas","30091080","Las Guachas","Localidad simple"
"30091090","Maciá",-32.1746842191822,-59.3979704528443,"30","Entre Ríos","30091","Tala","300399","Maciá","30091090","Maciá","Localidad simple"
"30091100","Rosario del Tala",-32.3006755060116,-59.1390668036666,"30","Entre Ríos","30091","Tala","300406","Rosario del Tala","30091100","Rosario del Tala","Localidad simple"
"30098010","Basavilbaso",-32.37215997874,-58.8786718167317,"30","Entre Ríos","30098","Uruguay","300413","Basavilbaso","30098010","Basavilbaso","Localidad simple"
"30098020","Caseros",-32.4621188922836,-58.4793213231488,"30","Entre Ríos","30098","Uruguay","300420","Caseros","30098020","Caseros","Localidad simple"
"30098030","Colonia Elía",-32.6704033344325,-58.3253513587223,"30","Entre Ríos","30098","Uruguay","300423","Colonia Elía","30098030","Colonia Elía","Localidad simple"
"30098040","Concepción del Uruguay",-32.4846612655344,-58.2321207793941,"30","Entre Ríos","30098","Uruguay","300427","Concepción del Uruguay","30098040","Concepción del Uruguay","Localidad simple"
"30098060","Herrera",-32.4337844748277,-58.6346532355727,"30","Entre Ríos","30098","Uruguay","300434","Herrera","30098060","Herrera","Localidad simple"
"30098070","Las Moscas",-32.0921032659486,-58.9575146484023,"30","Entre Ríos","30098","Uruguay","303161","Las Moscas","30098070","Las Moscas","Localidad simple"
"30098080","Líbaros",-32.2618954398159,-58.9069528897268,"30","Entre Ríos","30098","Uruguay","303168","Líbaros","30098080","Líbaros","Localidad simple"
"30098090","1º de Mayo",-32.2553731709224,-58.4226001926306,"30","Entre Ríos","30098","Uruguay","300437","1º de Mayo","30098090","1º de Mayo","Localidad simple"
"30098100","Pronunciamiento",-32.3460070616066,-58.4441779122741,"30","Entre Ríos","30098","Uruguay","300441","Pronunciamiento","30098100","Pronunciamiento","Localidad simple"
"30098110","Rocamora",-32.3446636290147,-58.9730096688976,"30","Entre Ríos","30098","Uruguay","303175","Rocamora","30098110","Rocamora","Localidad simple"
"30098120","Santa Anita",-32.1744166184824,-58.7859758644397,"30","Entre Ríos","30098","Uruguay","300455","Santa Anita","30098120","Santa Anita","Localidad simple"
"30098130","Villa Mantero",-32.398361829393,-58.7460186949763,"30","Entre Ríos","30098","Uruguay","300462","Villa Mantero","30098130","Villa Mantero","Localidad simple"
"30098140","Villa San Justo",-32.4456044548761,-58.4354297687235,"30","Entre Ríos","30098","Uruguay","300448","San Justo","30098140","San Justo","Localidad simple"
"30098150","Villa San Marcial (Est. Gobernador Urquiza)",-32.1800689137102,-58.9285380838471,"30","Entre Ríos","30098","Uruguay","303189","San Marcial","30098150","San Marcial","Localidad simple"
"30105010","Antelo",-32.5335417495954,-60.0354527750223,"30","Entre Ríos","30105","Victoria","303196","Antelo","30105010","Antelo","Localidad simple"
"30105040","Molino Doll",-32.3068249744527,-60.423089442856,"30","Entre Ríos","30105","Victoria","","","30105040","Molino Doll","Localidad simple"
"30105060","Victoria",-32.6216058234351,-60.1579539516715,"30","Entre Ríos","30105","Victoria","300469","Victoria","30105060","Victoria","Localidad simple"
"30113010","Estación Raíces",-31.908551726803,-59.2612327187785,"30","Entre Ríos","30113","Villaguay","309920","Estación Raíces","30113010","Estación Raíces","Localidad simple"
"30113020","Ingeniero Miguel Sajaroff",-31.9568859928899,-58.8494887790939,"30","Entre Ríos","30113","Villaguay","303273","Ingeniero Sajaroff","30113020","Ingeniero Sajaroff","Localidad simple"
"30113030","Jubileo",-31.7312076592228,-58.6357175685439,"30","Entre Ríos","30113","Villaguay","303280","Jubileo","30113030","Jubileo","Localidad simple"
"30113050","Paso de la Laguna",-31.8035204523501,-59.159807934769,"30","Entre Ríos","30113","Villaguay","303329","Paso de La Laguna","30113050","Paso de la Laguna","Localidad simple"
"30113060","Villa Clara",-31.8297990342603,-58.8216098979307,"30","Entre Ríos","30113","Villaguay","300476","Villa Clara","30113060","Villa Clara","Localidad simple"
"30113070","Villa Domínguez",-31.9862888949547,-58.9615328469183,"30","Entre Ríos","30113","Villaguay","300483","Villa Domínguez","30113070","Villa Domínguez","Localidad simple"
"30113080","Villaguay",-31.8676375710354,-59.0268852125777,"30","Entre Ríos","30113","Villaguay","300490","Villaguay","30113080","Villaguay","Localidad simple"
"34007003","Fortín Soledad",-24.1487535116917,-60.6899614061315,"34","Formosa","34007","Bermejo","","","34007003","Fortin Soledad","Localidad simple"
"34007005","Guadalcazar",-23.6729479317409,-61.1636076031556,"34","Formosa","34007","Bermejo","","","34007005","Guadalcazar","Localidad simple"
"34007007","La Rinconada",-23.4947961607208,-61.5766535653916,"34","Formosa","34007","Bermejo","","","34007007","La Rinconada","Localidad simple"
"34007010","Laguna Yema",-24.2555246294578,-61.2419851105011,"34","Formosa","34007","Bermejo","340007","Laguna Yema","34007010","Laguna Yema","Localidad simple"
"34007015","Lamadrid",-23.896946974131,-60.7545468668737,"34","Formosa","34007","Bermejo","","","34007015","Lamadrid","Localidad simple"
"34007020","Los Chiriguanos",-24.0988143488555,-61.4619742949734,"34","Formosa","34007","Bermejo","345007","Los Chiriguanos","34007020","Los Chiriguanos","Localidad simple"
"34007030","Pozo de Maza",-23.5703219147932,-61.7080600293042,"34","Formosa","34007","Bermejo","","","34007030","Pozo De Maza","Localidad simple"
"34007040","Pozo del Mortero",-24.4071675710108,-61.0262078233619,"34","Formosa","34007","Bermejo","","","34007040","Pozo Del Mortero","Localidad simple"
"34007050","Vaca Perdida",-23.4995876432198,-61.6484268281528,"34","Formosa","34007","Bermejo","","","34007050","Vaca Perdida","Localidad simple"
"34014010","Colonia Pastoril",-25.6726931913952,-58.2614948592126,"34","Formosa","34014","Formosa","345014","Colonia Pastoril","34014010","Colonia Pastoril","Localidad simple"
"34014020","Formosa",-26.185008983147,-58.1748964834654,"34","Formosa","34014","Formosa","340028","Formosa","34014020","Formosa","Localidad simple"
"34014030","Gran Guardia",-25.8627622718519,-58.8857285955134,"34","Formosa","34014","Formosa","345021","Gran Guardia","34014030","Gran Guardia","Localidad simple"
"34014040","Mariano Boedo",-26.1093248137893,-58.4877543754144,"34","Formosa","34014","Formosa","","","34014040","Mariano Boedo","Localidad simple"
"34014050","Mojón de Fierro",-26.033189506258,-58.0490510004921,"34","Formosa","34014","Formosa","","","34014050","Mojón De Fierro","Localidad simple"
"34014060","San Hilario",-26.0299921118471,-58.6522557077963,"34","Formosa","34014","Formosa","345028","San Hilario","34014060","San Hilario","Localidad simple"
"34021010","Banco Payaguá",-26.7074221967841,-58.3383398190948,"34","Formosa","34021","Laishi","","","34021010","Banco Payaguá","Localidad simple"
"34021020","General Lucio V. Mansilla",-26.6576895087904,-58.6304602621182,"34","Formosa","34021","Laishi","340049","General Lucio Victorio Mansilla","34021020","General Lucio Victorio Mansilla","Localidad simple"
"34021030","Herradura",-26.4898478096851,-58.311618190832,"34","Formosa","34021","Laishi","340056","Herradura","34021030","Herradura","Localidad simple"
"34021040","San Francisco de Laishi",-26.2438670352619,-58.6296130522458,"34","Formosa","34021","Laishi","340063","Misión San Francisco de Laishi","34021040","San Francisco De Laishi","Localidad simple"
"34021050","Tatané",-26.3981528253904,-58.3573369544818,"34","Formosa","34021","Laishi","","","34021050","Tatané","Localidad simple"
"34021060","Villa Escolar",-26.6219167917254,-58.6697066766394,"34","Formosa","34021","Laishi","340070","Villa Escolar","34021060","Villa Escolar","Localidad simple"
"34028010","Ingeniero Guillermo N. Juárez",-23.9037391500172,-61.8424292693027,"34","Formosa","34028","Matacos","340077","Ingeniero Guillermo Nicasio Juárez","34028010","Ingeniero Guillermo N Juárez","Localidad simple"
"34035010","Bartolomé de las Casas",-25.4080479237042,-59.5707595923838,"34","Formosa","34035","Patiño","","","34035010","Bartolomé De Las Casas","Localidad simple"
"34035020","Colonia Sarmiento",-24.6439212019411,-59.4340586061241,"34","Formosa","34035","Patiño","","","34035020","Colonia Sarmiento","Localidad simple"
"34035030","Comandante Fontana",-25.3306403808431,-59.6809897687992,"34","Formosa","34035","Patiño","340091","Comandante Fontana","34035030","Comandante Fontana","Localidad simple"
"34035040","El Recreo",-25.0407804838539,-59.2942416355715,"34","Formosa","34035","Patiño","","","34035040","El Recreo","Localidad simple"
"34035050","Estanislao del Campo",-25.0535462736029,-60.0906385210658,"34","Formosa","34035","Patiño","340098","Estanislao del Campo","34035050","Estanislao Del Campo","Localidad simple"
"34035060","Fortín Cabo 1º Lugones",-24.2864226294886,-59.8276785997752,"34","Formosa","34035","Patiño","345042","Fortín Lugones","34035060","Fortín Cabo 1º Lugones","Localidad simple"
"34035070","Fortín Sargento 1º Leyes",-24.5541117903083,-59.3851162050619,"34","Formosa","34035","Patiño","","","34035070","Fortín Sargento 1º Leyes","Localidad simple"
"34035080","Ibarreta",-25.2144997571403,-59.8588924367402,"34","Formosa","34035","Patiño","340126","Ibarreta","34035080","Ibarreta","Localidad simple"
"34035090","Juan G. Bazán",-24.5429992299499,-60.8329086440619,"34","Formosa","34035","Patiño","","","34035090","Juan G Bazán","Localidad simple"
"34056040","Pirané",-25.7326498192715,-59.1098080633516,"34","Formosa","34056","Pirané","340245","Pirané","34056040","Pirané","Localidad simple"
"34035100","Las Lomitas",-24.7081356055775,-60.5913768828427,"34","Formosa","34035","Patiño","340133","Las Lomitas","34035100","Las Lomitas","Localidad simple"
"34035110","Posta Cambio Zalazar",-24.2107889359044,-60.1972624278371,"34","Formosa","34035","Patiño","","","34035110","Posta Cambio Zalazar","Localidad simple"
"34035120","Pozo del Tigre",-24.8955535452057,-60.3191845154689,"34","Formosa","34035","Patiño","340140","Pozo del Tigre","34035120","Pozo Del Tigre","Localidad simple"
"34035130","San Martín I",-24.532466119921,-59.9021205923939,"34","Formosa","34035","Patiño","","","34035130","San Martín I","Localidad simple"
"34035140","San Martín II",-24.4337341031942,-59.6549047914625,"34","Formosa","34035","Patiño","340147","San Martín Dos","34035140","San Martín II","Localidad simple"
"34035150","Subteniente Perín",-25.535408824435,-60.0188243268527,"34","Formosa","34035","Patiño","345049","Subteniente Perín","34035150","Subteniente Perín","Localidad simple"
"34035160","Villa General Güemes",-24.7557833049493,-59.4885100600913,"34","Formosa","34035","Patiño","340119","Villa General Güemes","34035160","Villa General Güemes","Localidad simple"
"34035170","Villa General Manuel Belgrano",-24.938533856391,-59.0263892935379,"34","Formosa","34035","Patiño","340112","General Manuel Belgrano","34035170","Villa General Manuel Belgrano","Localidad simple"
"34042010","Buena Vista",-25.0715004091766,-58.3855286020002,"34","Formosa","34042","Pilagás","345056","Buena Vista","34042010","Buena Vista","Localidad simple"
"34042020","El Espinillo",-24.9814828527301,-58.5525615910834,"34","Formosa","34042","Pilagás","340168","El Espinillo","34042020","El Espinillo","Localidad simple"
"34042030","Laguna Gallo",-25.2690857147191,-58.7423200868337,"34","Formosa","34042","Pilagás","","","34042030","Laguna Gallo","Localidad simple"
"34042040","Misión Tacaaglé",-24.9809999913067,-58.8199343893714,"34","Formosa","34042","Pilagás","340175","Misión Tacaaglé","34042040","Misión Tacaaglé","Localidad simple"
"34042050","Portón Negro",-24.9660914654583,-58.74254618393,"34","Formosa","34042","Pilagás","349105","Portón Negro","34042050","Portón Negro","Localidad simple"
"34042060","Tres Lagunas",-25.2161240368421,-58.513078609131,"34","Formosa","34042","Pilagás","345063","Tres Lagunas","34042060","Tres Lagunas","Localidad simple"
"34049010","Clorinda",-25.2860808806453,-57.7224081997743,"34","Formosa","34049","Pilcomayo","340189","Clorinda","34049010","Clorinda","Localidad simple"
"34049020","Laguna Blanca",-25.12626429608,-58.2404572822145,"34","Formosa","34049","Pilcomayo","340196","Laguna Blanca","34049020","Laguna Blanca","Localidad simple"
"34049030","Laguna Naick-Neck",-25.2227368896608,-58.121015820204,"34","Formosa","34049","Pilcomayo","340203","Laguna Naick Neck","34049030","Laguna Naick-Neck","Localidad simple"
"34049040","Palma Sola",-25.2479727159914,-57.9762694815241,"34","Formosa","34049","Pilcomayo","","","34049040","Palma Sola","Localidad simple"
"34049050","Puerto Pilcomayo",-25.37222440699,-57.6516064848139,"34","Formosa","34049","Pilcomayo","340189","Clorinda","34049050","Puerto Pilcomayo","Localidad simple"
"34049060","Riacho He-He",-25.3606567808655,-58.2797959108852,"34","Formosa","34049","Pilcomayo","340210","Riacho He He","34049060","Riacho He-he","Localidad simple"
"34049070","Riacho Negro",-25.4239708655673,-57.793279659056,"34","Formosa","34049","Pilcomayo","340189","Clorinda","34049070","Riacho Negro","Localidad simple"
"34049080","Siete Palmas",-25.2036911425663,-58.3320032247207,"34","Formosa","34049","Pilcomayo","345070","Siete Palmas","34049080","Siete Palmas","Localidad simple"
"34056010","Colonia Campo Villafañe",-26.2046868834935,-59.0800251843289,"34","Formosa","34056","Pirané","340231","Mayor Villafañe","34056010","Mayor Villafañe","Localidad simple"
"34056020","El Colorado",-26.3090610214685,-59.3723080458399,"34","Formosa","34056","Pirané","340224","El Colorado","34056020","El Colorado","Localidad simple"
"34056030","Palo Santo",-25.5645938779503,-59.3377190950807,"34","Formosa","34056","Pirané","340238","Palo Santo","34056030","Palo Santo","Localidad simple"
"34056050","Villa Kilómetro 213",-26.1871656945378,-59.3671554792234,"34","Formosa","34056","Pirané","340252","Villa Dos Trece","34056050","Villa Kilómetro 213","Localidad simple"
"34063010","El Potrillo",-23.1624402104856,-62.0089628640968,"34","Formosa","34063","Ramón Lista","","","34063010","El Potrillo","Localidad simple"
"34063020","General Mosconi",-23.1838295308743,-62.3065720147533,"34","Formosa","34063","Ramón Lista","340259","El Chorro","34063020","General Mosconi","Localidad simple"
"34063030","El Quebracho",-23.3425178036286,-61.8715840131706,"34","Formosa","34063","Ramón Lista","","","34063030","El Quebracho","Localidad simple"
"38007020","Abra Pampa",-22.7226922709668,-65.6970391781325,"38","Jujuy","38007","Cochinoca","380014","Abra Pampa","38007020","Abra Pampa","Localidad simple"
"38007030","Abralaite",-23.1691469686509,-65.793877601201,"38","Jujuy","38007","Cochinoca","386014","Abralaite","38007030","Abralaite","Localidad simple"
"38007035","Agua de Castilla",-23.2175123011698,-65.8068654624062,"38","Jujuy","38007","Cochinoca","386014","Abralaite","38007035","Agua de Castilla","Localidad simple"
"38007040","Casabindo",-22.9868279163712,-66.0329261502004,"38","Jujuy","38007","Cochinoca","380014","Abra Pampa","38007040","Casabindo","Localidad simple"
"38007050","Cochinoca",-22.7453537739342,-65.8960773363478,"38","Jujuy","38007","Cochinoca","380014","Abra Pampa","38007050","Cochinoca","Localidad simple"
"38007055","La Redonda",-22.5288919293473,-65.5222730667181,"38","Jujuy","38007","Cochinoca","386021","Puesto del Marquez","38007055","La Redonda","Localidad simple"
"38007060","Puesto del Marquéz",-22.5369606645786,-65.6974625005544,"38","Jujuy","38007","Cochinoca","386021","Puesto del Marquez","38007060","Puesto del Marquéz","Localidad simple"
"38007063","Quebraleña",-23.2862311682465,-65.769884805452,"38","Jujuy","38007","Cochinoca","386014","Abralaite","38007063","Quebraleña","Localidad simple"
"38007067","Quera",-23.1008268800709,-65.7635759565657,"38","Jujuy","38007","Cochinoca","386014","Abralaite","38007067","Quera","Localidad simple"
"38007070","Rinconadillas",-23.3855012557895,-65.9570523421046,"38","Jujuy","38007","Cochinoca","386007","Abdón Castro Tolay","38007070","Rinconadillas","Localidad simple"
"38007080","San Francisco de Alfarcito",-23.3198429770203,-65.9739536976571,"38","Jujuy","38007","Cochinoca","386007","Abdón Castro Tolay","38007080","San Francisco de Alfarcito","Localidad simple"
"38007085","Santa Ana de la Puna",-23.1262104106815,-66.0531666553917,"38","Jujuy","38007","Cochinoca","386007","Abdón Castro Tolay","38007085","Santa Ana de la Puna","Localidad simple"
"38007090","Santuario de Tres Pozos",-23.5326668137361,-65.9626012985015,"38","Jujuy","38007","Cochinoca","386007","Abdón Castro Tolay","38007090","Santuario de Tres Pozos","Localidad simple"
"38007095","Tambillos",-22.8970968885928,-65.9628850230963,"38","Jujuy","38007","Cochinoca","380014","Abra Pampa","38007095","Tambillos","Localidad simple"
"38007100","Tusaquillas",-23.1892910063269,-65.9875140435942,"38","Jujuy","38007","Cochinoca","386007","Abdón Castro Tolay","38007100","Tusaquillas","Localidad simple"
"38014010","Aguas Calientes",-24.5844324782132,-64.9232498811675,"38","Jujuy","38014","El Carmen","380049","Aguas Calientes","38014010","Aguas Calientes","Localidad simple"
"38014020","Barrio El Milagro",-24.4634441973402,-65.1192041014291,"38","Jujuy","38014","El Carmen","380063","Monterrico","38014020","Barrio El Milagro","Localidad simple"
"38014030","Barrio La Unión",-24.4047316322635,-65.0704593431767,"38","Jujuy","38014","El Carmen","380077","Perico","38014030","Barrio Odij","Localidad simple"
"38014040","El Carmen",-24.3892859783731,-65.261542319292,"38","Jujuy","38014","El Carmen","380056","El Carmen","38014040","El Carmen","Localidad simple"
"38014050","Los Lapachos",-24.4769979787676,-65.0767204118012,"38","Jujuy","38014","El Carmen","380063","Monterrico","38014050","Los Lapachos","Localidad simple"
"38014060","Manantiales",-24.5343091599977,-64.9769025134671,"38","Jujuy","38014","El Carmen","380074","Puesto Viejo","38014060","Manantiales","Localidad simple"
"38014070","Monterrico",-24.4429604452463,-65.1660933144522,"38","Jujuy","38014","El Carmen","380063","Monterrico","38014070","Monterrico","Localidad simple"
"38014080","Pampa Blanca",-24.5351759256118,-65.0725522666854,"38","Jujuy","38014","El Carmen","380070","Pampa Blanca","38014080","Pampa Blanca","Localidad simple"
"38014090","Perico",-24.3760472614724,-65.1180857786039,"38","Jujuy","38014","El Carmen","380077","Perico","38014090","Perico","Localidad simple"
"38014100","Puesto Viejo",-24.486338543266,-64.9649043733667,"38","Jujuy","38014","El Carmen","380074","Puesto Viejo","38014100","Puesto Viejo","Localidad simple"
"38014110","San Isidro",-24.5560811977564,-64.9420666962449,"38","Jujuy","38014","El Carmen","380049","Aguas Calientes","38014110","San Isidro","Localidad simple"
"38014120","San Juancito",-24.3833120577116,-64.9951905501431,"38","Jujuy","38014","El Carmen","380077","Perico","38014120","San Juancito","Localidad simple"
"38021010","Guerrero",-24.1864512579727,-65.4489481631763,"38","Jujuy","38021","Dr. Manuel Belgrano","380035","San Salvador de Jujuy","38021010","Guerrero","Localidad simple"
"38021020","La Almona",-24.2593428790766,-65.3939570750952,"38","Jujuy","38021","Dr. Manuel Belgrano","380035","San Salvador de Jujuy","38021020","La Almona","Localidad simple"
"38021030","León",-24.0352420315057,-65.431831855935,"38","Jujuy","38021","Dr. Manuel Belgrano","380042","Yala","38021030","León","Localidad simple"
"38021040","Lozano",-24.0776055082901,-65.4087089137146,"38","Jujuy","38021","Dr. Manuel Belgrano","380042","Yala","38021040","Lozano","Localidad simple"
"38021050","Ocloyas",-23.9441100407681,-65.2317019309515,"38","Jujuy","38021","Dr. Manuel Belgrano","380042","Yala","38021050","Ocloyas","Localidad simple"
"38021060","San Salvador de Jujuy",-24.1858286711634,-65.2994830799205,"38","Jujuy","38021","Dr. Manuel Belgrano","380035","San Salvador de Jujuy","38021060","San Salvador de Jujuy","Componente de localidad compuesta"
"38021065","Tesorero",-23.9480051826533,-65.2995631246957,"38","Jujuy","38021","Dr. Manuel Belgrano","380042","Yala","38021065","Tesorero","Localidad simple"
"38021070","Yala",-24.1197099412178,-65.4020726284887,"38","Jujuy","38021","Dr. Manuel Belgrano","380042","Yala","38021070","Yala","Componente de localidad compuesta"
"38028060","Uquía",-23.303592710159,-65.3560791065859,"38","Jujuy","38028","Humahuaca","386067","Uquia","38028060","Uquía","Localidad simple"
"38028043","Palca de Aparzo",-23.1224057639894,-65.1347058885582,"38","Jujuy","38028","Humahuaca","386060","Palca de Aparzo","38028043","Palca de Aparzo","Localidad simple"
"38028003","Aparzo",-23.0995270832539,-65.1857705262709,"38","Jujuy","38028","Humahuaca","386060","Palca de Aparzo","38028003","Aparzo","Localidad simple"
"38028007","Cianzo",-23.1732048656382,-65.1584423709364,"38","Jujuy","38028","Humahuaca","386060","Palca de Aparzo","38028007","Cianzo","Localidad simple"
"38028010","Coctaca",-23.1542077277984,-65.2935039587033,"38","Jujuy","38028","Humahuaca","380105","Humahuaca","38028010","Coctaca","Localidad simple"
"38028020","El Aguilar",-23.2133391780757,-65.6789277733973,"38","Jujuy","38028","Humahuaca","380091","El Aguilar","38028020","El Aguilar","Localidad simple"
"38028030","Hipólito Yrigoyen",-22.9787325364283,-65.3526601925611,"38","Jujuy","38028","Humahuaca","386056","Hipólito Yrigoyen","38028030","Hipólito Yrigoyen","Localidad simple"
"38028040","Humahuaca",-23.2059295127592,-65.3474535770512,"38","Jujuy","38028","Humahuaca","380105","Humahuaca","38028040","Humahuaca","Localidad simple"
"38028045","Palca de Varas",-23.1003251778225,-65.1103078369976,"38","Jujuy","38028","Humahuaca","386060","Palca de Aparzo","38028045","Palca de Varas","Localidad simple"
"38028047","Rodero",-23.0623666894842,-65.3265514635211,"38","Jujuy","38028","Humahuaca","380105","Humahuaca","38028047","Rodero","Localidad simple"
"38028050","Tres Cruces",-22.918210554407,-65.5875851905061,"38","Jujuy","38028","Humahuaca","386063","Tres Cruces","38028050","Tres Cruces","Localidad simple"
"38035100","Paulina",-23.845065447003,-64.740544449243,"38","Jujuy","38035","Ledesma","380140","Libertador General San Martín","38035100","Paulina","Localidad simple"
"38035040","Calilegua",-23.7745688572598,-64.7700370415998,"38","Jujuy","38035","Ledesma","380126","Calilegua","38035040","Calilegua","Localidad simple"
"38035010","Bananal",-23.5664363390453,-64.4992128716824,"38","Jujuy","38035","Ledesma","380147","Yuto","38035010","Bananal","Localidad simple"
"38035020","Bermejito",-23.7887377119013,-64.7299316600281,"38","Jujuy","38035","Ledesma","380126","Calilegua","38035020","Bermejito","Localidad simple"
"38035030","Caimancito",-23.7399374747541,-64.5916005257069,"38","Jujuy","38035","Ledesma","380119","Caimancito","38035030","Caimancito","Localidad simple"
"38035050","Chalicán",-24.0693565239413,-64.8064033469102,"38","Jujuy","38035","Ledesma","380133","Fraile Pintado","38035050","Chalicán","Localidad simple"
"38035060","Fraile Pintado",-23.9441164853991,-64.8030353350931,"38","Jujuy","38035","Ledesma","380133","Fraile Pintado","38035060","Fraile Pintado","Localidad simple"
"38035070","Libertad",-23.7623963246001,-64.7272695088026,"38","Jujuy","38035","Ledesma","380126","Calilegua","38035070","Libertad","Localidad simple"
"38035080","Libertador General San Martín",-23.8152149528868,-64.7928556836741,"38","Jujuy","38035","Ledesma","380140","Libertador General San Martín","38035080","Libertador General San Martín","Localidad simple"
"38035090","Maíz Negro",-23.9511929344893,-64.7737309391964,"38","Jujuy","38035","Ledesma","380133","Fraile Pintado","38035090","Maíz Negro","Localidad simple"
"38035110","Yuto",-23.6428018915251,-64.471641953659,"38","Jujuy","38035","Ledesma","380147","Yuto","38035110","Yuto","Localidad simple"
"38042010","Carahunco",-24.3077483981977,-65.0821380212023,"38","Jujuy","38042","Palpalá","380154","Palpalá","38042010","Carahunco","Localidad simple"
"38042020","Centro Forestal",-24.2290271935064,-65.1784152844712,"38","Jujuy","38042","Palpalá","380154","Palpalá","38042020","Centro Forestal","Localidad simple"
"38042040","Palpalá",-24.2578938089322,-65.2134867643577,"38","Jujuy","38042","Palpalá","380154","Palpalá","38042040","Palpalá","Componente de localidad compuesta"
"38049010","Lagunillas de Farallón",-22.4621452480052,-66.6279675861741,"38","Jujuy","38049","Rinconada","386140","Cusi Cusi","38049010","Lagunillas de Farallón","Localidad simple"
"38049003","Casa Colorada",-22.3259406370226,-66.2839461506375,"38","Jujuy","38049","Rinconada","386077","Rinconada","38049003","Casa Colorada","Localidad simple"
"38049007","Coyaguaima",-22.7694173407619,-66.4409076444878,"38","Jujuy","38049","Rinconada","386070","Mina Pirquitas","38049007","Coyaguaima","Localidad simple"
"38049020","Liviara",-22.5210652304427,-66.3376830601011,"38","Jujuy","38049","Rinconada","386070","Mina Pirquitas","38049020","Liviara","Localidad simple"
"38049025","Loma Blanca",-22.4722627385754,-66.4841075547226,"38","Jujuy","38049","Rinconada","386070","Mina Pirquitas","38049025","Loma Blanca","Localidad simple"
"38049030","Nuevo Pirquitas",-22.6879554218994,-66.4563756677863,"38","Jujuy","38049","Rinconada","386070","Mina Pirquitas","38049030","Nuevo Pirquitas","Localidad simple"
"38049035","Orosmayo",-22.5568875913675,-66.3567871674677,"38","Jujuy","38049","Rinconada","386070","Mina Pirquitas","38049035","Orosmayo","Localidad simple"
"38049040","Rinconada",-22.4407001997033,-66.1671505103563,"38","Jujuy","38049","Rinconada","386077","Rinconada","38049040","Rinconada","Localidad simple"
"38056030","San Antonio",-24.3704546755472,-65.3316966194609,"38","Jujuy","38056","San Antonio","380161","San Antonio","38056030","San Antonio","Localidad simple"
"38056010","El Ceibal",-24.298920017466,-65.272248325969,"38","Jujuy","38056","San Antonio","380161","San Antonio","38056010","El Ceibal","Localidad simple"
"38056017","Los Alisos",-24.2685736314687,-65.3002956637024,"38","Jujuy","38056","San Antonio","380161","San Antonio","38056017","Los Alisos","Localidad simple"
"38056020","Loteo Navea",-24.270281626693,-65.2756022753354,"38","Jujuy","38056","San Antonio","380161","San Antonio","38056020","Loteo Navea","Localidad simple"
"38056025","Nuestra Señora del Rosario",-24.3173741271886,-65.4017422764751,"38","Jujuy","38056","San Antonio","380161","San Antonio","38056025","Nuestra Señora del Rosario","Localidad simple"
"38063080","La Manga",-24.1911799991789,-64.8476231145512,"38","Jujuy","38063","San Pedro","380224","San Pedro de Jujuy","38063080","La Manga","Localidad simple"
"38063040","El Acheral",-24.4031552236359,-64.8006341939824,"38","Jujuy","38063","San Pedro","380224","San Pedro de Jujuy","38063040","El Acheral","Localidad simple"
"38063010","Arrayanal",-24.1785670659415,-64.8402313537955,"38","Jujuy","38063","San Pedro","386091","Arrayanal","38063010","Arrayanal","Localidad simple"
"38063020","Arroyo Colorado",-24.3370113948988,-64.6630560505065,"38","Jujuy","38063","San Pedro","380224","San Pedro de Jujuy","38063020","Arroyo Colorado","Localidad simple"
"38063030","Don Emilio",-24.3172077154244,-64.9067642277904,"38","Jujuy","38063","San Pedro","386112","Rosario de Río Grande","38063030","Don Emilio","Localidad simple"
"38063050","El Puesto",-24.198110088207,-64.7896264819769,"38","Jujuy","38063","San Pedro","380196","La Esperanza","38063050","El Puesto","Localidad simple"
"38063060","El Quemado",-24.1045911212204,-64.8240247135758,"38","Jujuy","38063","San Pedro","386091","Arrayanal","38063060","El Quemado","Localidad simple"
"38063070","La Esperanza",-24.2246560829457,-64.8385395014329,"38","Jujuy","38063","San Pedro","380196","La Esperanza","38063070","La Esperanza","Componente de localidad compuesta"
"38063090","La Mendieta",-24.3144458904251,-64.9667792525391,"38","Jujuy","38063","San Pedro","380203","La Mendieta","38063090","La Mendieta","Localidad simple"
"38063110","Palos Blancos",-24.3269890492978,-64.945732637077,"38","Jujuy","38063","San Pedro","386112","Rosario de Río Grande","38063110","Palos Blancos","Localidad simple"
"38063130","Piedritas",-24.2957561488836,-64.8821771818728,"38","Jujuy","38063","San Pedro","386112","Rosario de Río Grande","38063130","Piedritas","Localidad simple"
"38063140","Rodeito",-24.2715498602449,-64.769409778743,"38","Jujuy","38063","San Pedro","386105","Rodeito","38063140","Rodeito","Localidad simple"
"38063150","Rosario de Río Grande (ex Barro Negro)",-24.3085245642853,-64.9316417260753,"38","Jujuy","38063","San Pedro","386112","Rosario de Río Grande","38063150","Rosario de Río Grande (ex Barro Negro)","Localidad simple"
"38063160","San Antonio",-24.2186828438865,-64.8067874841322,"38","Jujuy","38063","San Pedro","380196","La Esperanza","38063160","San Antonio","Localidad simple"
"38063170","San Lucas",-24.2684416483448,-64.8647535065899,"38","Jujuy","38063","San Pedro","386105","Rodeito","38063170","San Lucas","Localidad simple"
"38063180","San Pedro",-24.2317282791341,-64.8678160672237,"38","Jujuy","38063","San Pedro","380224","San Pedro de Jujuy","38063180","San Pedro","Componente de localidad compuesta"
"38070010","El Fuerte",-24.2605144353187,-64.4141251024339,"38","Jujuy","38070","Santa Bárbara","386098","El Fuerte","38070010","El Fuerte","Localidad simple"
"38070020","El Piquete",-24.1784335111713,-64.6790174406548,"38","Jujuy","38070","Santa Bárbara","386119","El Piquete","38070020","El Piquete","Localidad simple"
"38070030","El Talar",-23.556358522789,-64.3598888239635,"38","Jujuy","38070","Santa Bárbara","380238","El Talar","38070030","El Talar","Localidad simple"
"38070040","Palma Sola",-23.9777382405358,-64.3045617254473,"38","Jujuy","38070","Santa Bárbara","380245","Palma Sola","38070040","Palma Sola","Localidad simple"
"38070050","Puente Lavayén",-24.2731383461315,-64.7057888272571,"38","Jujuy","38070","Santa Bárbara","380252","Santa Clara","38070050","Puente Lavayén","Localidad simple"
"38070060","Santa Clara",-24.3093701352927,-64.661845869132,"38","Jujuy","38070","Santa Bárbara","380252","Santa Clara","38070060","Santa Clara","Localidad simple"
"38070070","Vinalito",-23.6679185621684,-64.4136601101789,"38","Jujuy","38070","Santa Bárbara","386126","Vinalito","38070070","Vinalito","Localidad simple"
"38077030","Cieneguillas",-22.1006289770766,-65.8668223103029,"38","Jujuy","38077","Santa Catalina","386133","Cieneguillas","38077030","Cieneguillas","Localidad simple"
"38077060","Misarrumi",-22.2599122435649,-66.3679871670047,"38","Jujuy","38077","Santa Catalina","386147","Santa Catalina","38077060","Misarrumi","Localidad simple"
"38077010","Casira",-21.977680937634,-65.8960595231713,"38","Jujuy","38077","Santa Catalina","386133","Cieneguillas","38077010","Casira","Localidad simple"
"38077020","Ciénega de Paicone",-22.1785618808579,-66.4125691338766,"38","Jujuy","38077","Santa Catalina","386147","Santa Catalina","38077020","Ciénega de Paicone","Localidad simple"
"38077040","Cusi Cusi",-22.3403382716588,-66.4934870925034,"38","Jujuy","38077","Santa Catalina","386140","Cusi Cusi","38077040","Cusi Cusi","Localidad simple"
"38077045","El Angosto",-21.8768015341057,-66.1885628101315,"38","Jujuy","38077","Santa Catalina","386147","Santa Catalina","38077045","El Angosto","Localidad simple"
"38077050","La Ciénega",-21.9623000121514,-66.2627416326443,"38","Jujuy","38077","Santa Catalina","386147","Santa Catalina","38077050","La Ciénega","Localidad simple"
"38077070","Oratorio",-22.0989182117325,-66.1324686554303,"38","Jujuy","38077","Santa Catalina","386147","Santa Catalina","38077070","Oratorio","Localidad simple"
"38077080","Paicone",-22.2195467772738,-66.424977403727,"38","Jujuy","38077","Santa Catalina","386140","Cusi Cusi","38077080","Paicone","Localidad simple"
"38077090","San Juan de Oros",-22.2256867005728,-66.2487453854196,"38","Jujuy","38077","Santa Catalina","386147","Santa Catalina","38077090","San Juan de Oros","Localidad simple"
"38077100","Santa Catalina",-21.9471086802261,-66.0517684309227,"38","Jujuy","38077","Santa Catalina","386147","Santa Catalina","38077100","Santa Catalina","Localidad simple"
"38077110","Yoscaba",-22.1669539633503,-66.0245780416934,"38","Jujuy","38077","Santa Catalina","386133","Cieneguillas","38077110","Yoscaba","Localidad simple"
"38084060","Olaroz Chico",-23.3936701449168,-66.8030922078707,"38","Jujuy","38084","Susques","386161","Coranzuli","38084060","Olaroz Chico","Localidad simple"
"38084100","Susques",-23.3975405828868,-66.3673506130949,"38","Jujuy","38084","Susques","386168","Susques","38084100","Susques","Localidad simple"
"38084040","Huáncar",-23.564098730782,-66.409950175363,"38","Jujuy","38084","Susques","386168","Susques","38084040","Huáncar","Localidad simple"
"38084010","Catua",-23.8701269414943,-67.0044968691321,"38","Jujuy","38084","Susques","386154","Catua","38084010","Catua","Localidad simple"
"38084020","Coranzuli",-23.0137852408843,-66.3666475724254,"38","Jujuy","38084","Susques","386161","Coranzuli","38084020","Coranzuli","Localidad simple"
"38084030","El Toro",-23.0834196666067,-66.7022169258129,"38","Jujuy","38084","Susques","386161","Coranzuli","38084030","El Toro","Localidad simple"
"38084045","Jama",-23.2398634422607,-67.0181004422145,"38","Jujuy","38084","Susques","386161","Coranzuli","38084045","Jama","Localidad simple"
"38084050","Mina Providencia",-23.2629239197221,-66.7985177888674,"38","Jujuy","38084","Susques","386161","Coranzuli","38084050","Mina Providencia","Localidad simple"
"38084055","Olacapato",-24.1141486610386,-66.7193694638104,"38","Jujuy","38084","Susques","386168","Susques","38084055","Olacapato","Localidad simple"
"38084070","Pastos Chicos",-23.7659911832814,-66.4373791211366,"38","Jujuy","38084","Susques","386168","Susques","38084070","Pastos Chicos","Localidad simple"
"38084080","Puesto Sey",-23.9455624856797,-66.4882638900509,"38","Jujuy","38084","Susques","386168","Susques","38084080","Puesto Sey","Localidad simple"
"38084090","San Juan de Quillaqués",-23.230693154198,-66.3427769201449,"38","Jujuy","38084","Susques","386161","Coranzuli","38084090","San Juan de Quillaqués","Localidad simple"
"38094010","Colonia San José",-23.3926884503663,-65.3456108217831,"38","Jujuy","38094","Tilcara","386175","Huacalera","38094010","Colonia San José","Localidad simple"
"38094030","Juella",-23.5226619916908,-65.4000137514936,"38","Jujuy","38094","Tilcara","380329","Tilcara","38094030","Juella","Localidad simple"
"38094020","Huacalera",-23.4390388970502,-65.3500113272314,"38","Jujuy","38094","Tilcara","386175","Huacalera","38094020","Huacalera","Localidad simple"
"38094040","Maimará",-23.6245410340817,-65.408815861657,"38","Jujuy","38094","Tilcara","380322","Maimará","38094040","Maimará","Localidad simple"
"38094050","Tilcara",-23.5768951588348,-65.3933729257421,"38","Jujuy","38094","Tilcara","380329","Tilcara","38094050","Tilcara","Localidad simple"
"38098010","Bárcena",-23.9822347118108,-65.4524460878126,"38","Jujuy","38098","Tumbaya","386203","Volcán","38098010","Bárcena","Localidad simple"
"38098020","El Moreno",-23.8537061175809,-65.8317966305947,"38","Jujuy","38098","Tumbaya","386179","El Moreno","38098020","El Moreno","Localidad simple"
"38098025","Puerta de Colorados",-23.5710031471094,-65.6971246616178,"38","Jujuy","38098","Tumbaya","386179","El Moreno","38098025","Puerta de Colorados","Localidad simple"
"38098030","Purmamarca",-23.7465944886986,-65.4992001420397,"38","Jujuy","38098","Tumbaya","386189","Purmamarca","38098030","Purmamarca","Localidad simple"
"38098040","Tumbaya",-23.8576990380299,-65.4675585233032,"38","Jujuy","38098","Tumbaya","386196","Tumbaya","38098040","Tumbaya","Localidad simple"
"38098050","Volcán",-23.91715334158,-65.4640476047747,"38","Jujuy","38098","Tumbaya","386203","Volcán","38098050","Volcán","Localidad simple"
"38105060","Valle Grande",-23.4758185654919,-64.9467698895773,"38","Jujuy","38105","Valle Grande","386238","Valle Grande","38105060","Valle Grande","Localidad simple"
"38105010","Caspalá",-23.363371839558,-65.0924381173466,"38","Jujuy","38105","Valle Grande","386210","Caspalá","38105010","Caspalá","Localidad simple"
"38105020","Pampichuela",-23.5545915952429,-65.0081791023336,"38","Jujuy","38105","Valle Grande","386217","Pampichuela","38105020","Pampichuela","Localidad simple"
"38105030","San Francisco",-23.6220827260116,-64.9506186804931,"38","Jujuy","38105","Valle Grande","386224","San Francisco","38105030","San Francisco","Localidad simple"
"38105040","Santa Ana",-23.3559990045057,-64.9891552627791,"38","Jujuy","38105","Valle Grande","386231","Santa Ana","38105040","Santa Ana","Localidad simple"
"38105050","Valle Colorado",-23.4137353465543,-64.9334191885008,"38","Jujuy","38105","Valle Grande","386231","Santa Ana","38105050","Valle Colorado","Localidad simple"
"38112080","Yavi",-22.1307244841681,-65.4625308099051,"38","Jujuy","38112","Yavi","386273","Yavi","38112080","Yavi","Localidad simple"
"38112010","Barrios",-22.2470721722284,-65.5292683777942,"38","Jujuy","38112","Yavi","386245","Barrios","38112010","Barrios","Localidad simple"
"38112020","Cangrejillos",-22.4242323230985,-65.580994619225,"38","Jujuy","38112","Yavi","386252","Cangrejillos","38112020","Cangrejillos","Localidad simple"
"38112030","El Cóndor",-22.3883194119765,-65.3379898484267,"38","Jujuy","38112","Yavi","386259","El Cóndor","38112030","El Cóndor","Localidad simple"
"38112040","La Intermedia",-22.4211722383705,-65.7015097533795,"38","Jujuy","38112","Yavi","386266","Pumahuasi","38112040","La Intermedia","Localidad simple"
"38112050","La Quiaca",-22.1044517820432,-65.5963734749511,"38","Jujuy","38112","Yavi","380406","La Quiaca","38112050","La Quiaca","Localidad simple"
"38112060","Llulluchayoc",-22.5487891410912,-65.387508561537,"38","Jujuy","38112","Yavi","386021","Puesto del Marquez","38112060","Llulluchayoc","Localidad simple"
"38112070","Pumahuasi",-22.2899728229498,-65.6800738577856,"38","Jujuy","38112","Yavi","386266","Pumahuasi","38112070","Pumahuasi","Localidad simple"
"38112090","Yavi Chico",-22.0989395432852,-65.4592014399552,"38","Jujuy","38112","Yavi","386273","Yavi","38112090","Yavi Chico","Localidad simple"
"42007040","Rolón",-37.1665794947261,-63.415025085628,"42","La Pampa","42007","Atreucó","420322","Rolón","42007040","Rolón","Localidad simple"
"42007010","Doblas",-37.1504702596751,-64.0115253755499,"42","La Pampa","42007","Atreucó","420112","Doblas","42007010","Doblas","Localidad simple"
"42007020","Macachín",-37.1369791302669,-63.6667388462847,"42","La Pampa","42007","Atreucó","420231","Macachín","42007020","Macachín","Localidad simple"
"42007030","Miguel Riglos",-36.8563949352294,-63.6878256059741,"42","La Pampa","42007","Atreucó","420259","Miguel Riglos","42007030","Miguel Riglos","Localidad simple"
"42007050","Tomás M. Anchorena",-36.8403408637171,-63.5248220159942,"42","La Pampa","42007","Atreucó","420364","Tomás M. Anchorena","42007050","Tomás M. Anchorena","Localidad simple"
"42014010","Anzoátegui",-38.963052676569,-63.8608882456791,"42","La Pampa","42014","Caleu Caleu","420189","La Adela","42014010","Anzoátegui","Localidad simple"
"42014020","La Adela",-38.9853302670111,-64.0905343177588,"42","La Pampa","42014","Caleu Caleu","420189","La Adela","42014020","La Adela","Componente de localidad compuesta"
"42021010","Anguil",-36.5268380400041,-64.0117028433626,"42","La Pampa","42021","Capital","420028","Anguil","42021010","Anguil","Localidad simple"
"42021020","Santa Rosa",-36.6204011947334,-64.2906300356297,"42","La Pampa","42021","Capital","420336","Santa Rosa","42021020","Santa Rosa","Componente de localidad compuesta"
"42028040","Uriburu",-36.5063202439509,-63.8601089739274,"42","La Pampa","42028","Catriló","420378","Uriburu","42028040","Uriburu","Localidad simple"
"42028010","Catriló",-36.4066777741887,-63.4233370953164,"42","La Pampa","42028","Catriló","420077","Catriló","42028010","Catriló","Localidad simple"
"42028020","La Gloria",-36.5083841391324,-63.7431085297245,"42","La Pampa","42028","Catriló","420378","Uriburu","42028020","La Gloria","Localidad simple"
"42028030","Lonquimay",-36.4664079334238,-63.6236145467141,"42","La Pampa","42028","Catriló","420217","Lonquimay","42028030","Lonquimay","Localidad simple"
"42035020","Eduardo Castex",-35.9160630841589,-64.2955757480516,"42","La Pampa","42035","Conhelo","420119","Eduardo Castex","42035020","Eduardo Castex","Localidad simple"
"42035060","Winifreda",-36.2274656752379,-64.2335073428745,"42","La Pampa","42035","Conhelo","420413","Winifreda","42035060","Winifreda","Localidad simple"
"42035010","Conhelo",-36.0005318724578,-64.5985082000058,"42","La Pampa","42035","Conhelo","420098","Conhelo","42035010","Conhelo","Localidad simple"
"42035030","Mauricio Mayer",-36.2115350135006,-64.0331358077792,"42","La Pampa","42035","Conhelo","420238","Mauricio Mayer","42035030","Mauricio Mayer","Localidad simple"
"42035040","Monte Nievas",-35.861584511751,-64.1531743254991,"42","La Pampa","42035","Conhelo","420266","Monte Nievas","42035040","Monte Nievas","Localidad simple"
"42035050","Rucanelo",-36.0417970740766,-64.8357210916463,"42","La Pampa","42035","Conhelo","425133","Rucanelo","42035050","Rucanelo","Localidad simple"
"42042010","Gobernador Duval",-38.74294207858,-66.4354280736932,"42","La Pampa","42042","Curacó","420158","Gobernador Duval","42042010","Gobernador Duval","Localidad simple"
"42042020","Puelches",-38.1463020880227,-65.9140406261922,"42","La Pampa","42042","Curacó","420280","Puelches","42042020","Puelches","Localidad simple"
"42049010","Santa Isabel",-36.2301951511864,-66.938973642145,"42","La Pampa","42049","Chalileo","420329","Santa Isabel","42049010","Santa Isabel","Localidad simple"
"42056020","Ceballos",-35.2907850630244,-63.7769872104681,"42","La Pampa","42056","Chapaleufú","420084","Ceballos","42056020","Ceballos","Localidad simple"
"42056010","Bernardo Larroude",-35.0259493098283,-63.582754454385,"42","La Pampa","42056","Chapaleufú","420049","Bernardo Larroudé","42056010","Bernardo Larroude","Localidad simple"
"42056030","Coronel Hilario Lagos",-35.0241215550401,-63.9120713203455,"42","La Pampa","42056","Chapaleufú","420105","Coronel Hilario Lagos","42056030","Coronel Hilario Lagos","Localidad simple"
"42056040","Intendente Alvear",-35.2346794397986,-63.5920874357151,"42","La Pampa","42056","Chapaleufú","420175","Intendente Alvear","42056040","Intendente Alvear","Localidad simple"
"42056050","Sarah",-35.0280789306098,-63.6859330160218,"42","La Pampa","42056","Chapaleufú","425140","Sarah","42056050","Sarah","Localidad simple"
"42056060","Vértiz",-35.4274437817854,-63.9099859200885,"42","La Pampa","42056","Chapaleufú","420392","Vértiz","42056060","Vértiz","Localidad simple"
"42063010","Algarrobo del Águila",-36.3980844050316,-67.1444914624205,"42","La Pampa","42063","Chical Co","420011","Algarrobo del Águila","42063010","Algarrobo del Águila","Localidad simple"
"42063020","La Humada",-36.3490388802789,-68.0135207257269,"42","La Pampa","42063","Chical Co","420196","La Humada","42063020","La Humada","Localidad simple"
"42070040","Perú",-37.6612081792483,-64.1392460132253,"42","La Pampa","42070","Guatraché","425105","Perú","42070040","Perú","Localidad simple"
"42070010","Alpachiri",-37.3768330319597,-63.7732330615973,"42","La Pampa","42070","Guatraché","420014","Alpachiri","42070010","Alpachiri","Localidad simple"
"42070020","General Manuel J. Campos",-37.4614543432233,-63.5857575194871,"42","La Pampa","42070","Guatraché","420140","General Campos","42070020","General Manuel J. Campos","Localidad simple"
"42070030","Guatraché",-37.6707269295659,-63.5357606533356,"42","La Pampa","42070","Guatraché","420161","Guatraché","42070030","Guatraché","Localidad simple"
"42070050","Santa Teresa",-37.5747871786212,-63.4313184018927,"42","La Pampa","42070","Guatraché","420343","Colonia Santa Teresa","42070050","Santa Teresa","Localidad simple"
"42077020","Bernasconi",-37.9022526201872,-63.742953580131,"42","La Pampa","42077","Hucal","420056","Bernasconi","42077020","Bernasconi","Localidad simple"
"42077010","Abramo",-37.8965637921854,-63.8504345021239,"42","La Pampa","42077","Hucal","420007","Abramo","42077010","Abramo","Localidad simple"
"42077030","General San Martín",-37.9788814738432,-63.6034930057397,"42","La Pampa","42077","Hucal","420154","General San Martín","42077030","General San Martín","Localidad simple"
"42077040","Hucal",-37.791142027803,-64.0252536594731,"42","La Pampa","42077","Hucal","420007","Abramo","42077040","Hucal","Localidad simple"
"42077050","Jacinto Aráuz",-38.0828745548526,-63.4294378309598,"42","La Pampa","42077","Hucal","420182","Jacinto Aráuz","42077050","Jacinto Aráuz","Localidad simple"
"42084010","Cuchillo Co",-38.3336784745407,-64.6422526958764,"42","La Pampa","42084","Lihuel Calel","425042","Cuchillo Co","42084010","Cuchillo Co","Localidad simple"
"42091010","La Reforma",-37.5511845454801,-66.2271088648992,"42","La Pampa","42091","Limay Mahuida","425077","La Reforma","42091010","La Reforma","Localidad simple"
"42091020","Limay Mahuida",-37.1598303700809,-66.6751236820745,"42","La Pampa","42091","Limay Mahuida","425084","Limay Mahuida","42091020","Limay Mahuida","Localidad simple"
"42098040","Telén",-36.2642784211513,-65.5111739287674,"42","La Pampa","42098","Loventué","420350","Telén","42098040","Telén","Localidad simple"
"42098010","Carro Quemado",-36.4749257307713,-65.3446564920527,"42","La Pampa","42098","Loventué","420070","Carro Quemado","42098010","Carro Quemado","Localidad simple"
"42098020","Loventué",-36.1888953927316,-65.289332461436,"42","La Pampa","42098","Loventué","425091","Loventué","42098020","Loventué","Localidad simple"
"42098030","Luan Toro",-36.2039526749804,-65.0996511363574,"42","La Pampa","42098","Loventué","420224","Luan Toro","42098030","Luan Toro","Localidad simple"
"42098050","Victorica",-36.2165368686585,-65.4370864153489,"42","La Pampa","42098","Loventué","420399","Victorica","42098050","Victorica","Localidad simple"
"42105020","Dorila",-35.7763229509013,-63.716840693317,"42","La Pampa","42105","Maracó","420116","Dorila","42105020","Dorila","Localidad simple"
"42105010","Agustoni",-35.7820709830868,-63.3916144304609,"42","La Pampa","42105","Maracó","425014","Agustoni","42105010","Agustoni","Localidad simple"
"42105030","General Pico",-35.6593004344736,-63.7578717289548,"42","La Pampa","42105","Maracó","420147","General Pico","42105030","General Pico","Localidad simple"
"42105040","Speluzzi",-35.5497080167874,-63.8205097114007,"42","La Pampa","42105","Maracó","425147","Speluzzi","42105040","Speluzzi","Localidad simple"
"42105050","Trebolares",-35.5844688283462,-63.5890778943806,"42","La Pampa","42105","Maracó","420147","General Pico","42105050","Trebolares","Localidad simple"
"42112010","Puelén",-37.3441736915125,-67.6195574260177,"42","La Pampa","42112","Puelén","420287","Puelén","42112010","Puelén","Localidad simple"
"42112005","Casa de Piedra",-38.1545525945666,-67.152497411086,"42","La Pampa","42112","Puelén","422007","Casa de Piedra","42112005","Casa de Piedra","Localidad simple"
"42112020","25 de Mayo",-37.774908489351,-67.7135403757323,"42","La Pampa","42112","Puelén","420385","Colonia 25 de Mayo","42112020","25 de Mayo","Localidad simple"
"42119030","Miguel Cané",-36.1571837349487,-63.5125978526535,"42","La Pampa","42119","Quemú Quemú","420252","Miguel Cané","42119030","Miguel Cané","Localidad simple"
"42119010","Colonia Barón",-36.1536100297405,-63.8552047195573,"42","La Pampa","42119","Quemú Quemú","420091","Colonia Barón","42119010","Colonia Barón","Localidad simple"
"42119020","Colonia San José",-36.1170514464671,-63.9040708614432,"42","La Pampa","42119","Quemú Quemú","420091","Colonia Barón","42119020","Colonia San José","Localidad simple"
"42119040","Quemú Quemú",-36.0548269805947,-63.5659401087111,"42","La Pampa","42119","Quemú Quemú","420301","Quemú Quemú","42119040","Quemú Quemú","Localidad simple"
"42119050","Relmo",-36.2565045123829,-63.4480892950842,"42","La Pampa","42119","Quemú Quemú","425126","Relmo","42119050","Relmo","Localidad simple"
"42119060","Villa Mirasol",-36.0763688619907,-63.8863241480268,"42","La Pampa","42119","Quemú Quemú","420406","Villa Mirasol","42119060","Villa Mirasol","Localidad simple"
"42126060","Quetrequén",-35.0570468624299,-64.5231627938074,"42","La Pampa","42126","Rancul","425119","Quetrequén","42126060","Quetrequén","Localidad simple"
"42126010","Caleufú",-35.5944912182792,-64.5586771612487,"42","La Pampa","42126","Rancul","420063","Caleufú","42126010","Caleufú","Localidad simple"
"42126020","Ingeniero Foster",-35.7034612221329,-65.1029678622192,"42","La Pampa","42126","Rancul","420210","La Maruja","42126020","Ingeniero Foster","Localidad simple"
"42126030","La Maruja",-35.673878960176,-64.942139647443,"42","La Pampa","42126","Rancul","420210","La Maruja","42126030","La Maruja","Localidad simple"
"42126040","Parera",-35.1467597216817,-64.5023084091661,"42","La Pampa","42126","Rancul","420273","Parera","42126040","Parera","Localidad simple"
"42126050","Pichi Huinca",-35.648606694329,-64.7697819492676,"42","La Pampa","42126","Rancul","425112","Pichi Huinca","42126050","Pichi Huinca","Localidad simple"
"42126070","Rancul",-35.0677697430794,-64.6842161304454,"42","La Pampa","42126","Rancul","420308","Rancul","42126070","Rancul","Localidad simple"
"42133010","Adolfo Van Praet",-35.0166726511379,-64.0353200737961,"42","La Pampa","42133","Realicó","425007","Adolfo Van Praet","42133010","Adolfo Van Praet","Localidad simple"
"42133020","Alta Italia",-35.3344236924485,-64.1171414735618,"42","La Pampa","42133","Realicó","420021","Alta Italia","42133020","Alta Italia","Localidad simple"
"42133030","Damián Maisonave",-35.0414276195447,-64.3859123352225,"42","La Pampa","42133","Realicó","425098","Maisonave","42133030","Damián Maisonave","Localidad simple"
"42133040","Embajador Martini",-35.3873484763632,-64.2827669425504,"42","La Pampa","42133","Realicó","420126","Embajador Martini","42133040","Embajador Martini","Localidad simple"
"42133050","Falucho",-35.1907264970461,-64.1070652191117,"42","La Pampa","42133","Realicó","425063","Falucho","42133050","Falucho","Localidad simple"
"42133060","Ingeniero Luiggi",-35.3884711486406,-64.4673705684362,"42","La Pampa","42133","Realicó","420168","Ingeniero Luiggi","42133060","Ingeniero Luiggi","Localidad simple"
"42133070","Ojeda",-35.3069414204845,-64.0060798931943,"42","La Pampa","42133","Realicó","420021","Alta Italia","42133070","Ojeda","Localidad simple"
"42133080","Realicó",-35.0382143738346,-64.2463075218814,"42","La Pampa","42133","Realicó","420315","Realicó","42133080","Realicó","Localidad simple"
"42140005","Cachirulo",-36.7473961516096,-64.3673907018325,"42","La Pampa","42140","Toay","420357","Toay","42140005","Cachirulo","Localidad simple"
"42140010","Naicó",-36.925725758829,-64.4050728875869,"42","La Pampa","42140","Toay","420042","Ataliva Roca","42140010","Naicó","Localidad simple"
"42140020","Toay",-36.673898048391,-64.3797897154644,"42","La Pampa","42140","Toay","420357","Toay","42140020","Toay","Componente de localidad compuesta"
"42147010","Arata",-35.6390821337794,-64.3563635138327,"42","La Pampa","42147","Trenel","420035","Arata","42147010","Arata","Localidad simple"
"42147020","Metileo",-35.7741568643325,-63.9406318565629,"42","La Pampa","42147","Trenel","420245","Metileo","42147020","Metileo","Localidad simple"
"42147030","Trenel",-35.6983285275212,-64.1332845095521,"42","La Pampa","42147","Trenel","420371","Trenel","42147030","Trenel","Localidad simple"
"42154050","Quehué",-37.1218223497211,-64.5151767302443,"42","La Pampa","42154","Utracán","420294","Quehué","42154050","Quehué","Localidad simple"
"42154010","Ataliva Roca",-37.0318092184739,-64.2853395982042,"42","La Pampa","42154","Utracán","420042","Ataliva Roca","42154010","Ataliva Roca","Localidad simple"
"42154020","Chacharramendi",-37.3320425414131,-65.6516236582345,"42","La Pampa","42154","Utracán","425049","Chacharramendi","42154020","Chacharramendi","Localidad simple"
"42154030","Colonia Santa María",-37.4947906576689,-64.2241167586505,"42","La Pampa","42154","Utracán","425028","Colonia Santa María","42154030","Colonia Santa María","Localidad simple"
"42154040","General Acha",-37.3782127768943,-64.6042187341506,"42","La Pampa","42154","Utracán","420133","General Acha","42154040","General Acha","Localidad simple"
"42154060","Unanué",-37.5441522761958,-64.3512561221003,"42","La Pampa","42154","Utracán","425154","Unanué","42154060","Unanué","Localidad simple"
"46007040","Estación Mazán",-28.6777024185527,-66.4909260590382,"46","La Rioja","46007","Arauco","460007","Arauco","46007040","Estación Mazán","Localidad simple"
"46007010","Aimogasta",-28.5537602551131,-66.8134329709874,"46","La Rioja","46007","Arauco","460007","Arauco","46007010","Aimogasta","Localidad simple"
"46007030","Bañado de los Pantanos",-28.3785558073253,-66.8305780622108,"46","La Rioja","46007","Arauco","460007","Arauco","46007030","Bañado de los Pantanos","Localidad simple"
"46007045","Termas de Santa Teresita",-28.590538439286,-66.5553904949284,"46","La Rioja","46007","Arauco","460007","Arauco","46007045","Termas de Santa Teresita","Localidad simple"
"46007050","Villa Mazán",-28.6641036370684,-66.5444740613413,"46","La Rioja","46007","Arauco","460007","Arauco","46007050","Villa Mazán","Localidad simple"
"46014010","La Rioja",-29.412884219358,-66.8558279775847,"46","La Rioja","46014","Capital","460014","La Rioja","46014010","La Rioja","Localidad simple"
"46021010","Aminga",-28.8477653028629,-66.9304965980319,"46","La Rioja","46021","Castro Barros","460021","Castro Barros","46021010","Aminga","Localidad simple"
"46021020","Anillaco",-28.8065316985094,-66.9413820123939,"46","La Rioja","46021","Castro Barros","460021","Castro Barros","46021020","Anillaco","Localidad simple"
"46021030","Anjullón",-28.7238472248338,-66.9233840560209,"46","La Rioja","46021","Castro Barros","460021","Castro Barros","46021030","Anjullón","Localidad simple"
"46021040","Chuquis",-28.8909559894415,-66.9716279577756,"46","La Rioja","46021","Castro Barros","460021","Castro Barros","46021040","Chuquis","Localidad simple"
"46021050","Los Molinos",-28.7462260751301,-66.9326433048519,"46","La Rioja","46021","Castro Barros","460021","Castro Barros","46021050","Los Molinos","Localidad simple"
"46021060","Pinchas",-28.9347867145633,-66.9611681064697,"46","La Rioja","46021","Castro Barros","460021","Castro Barros","46021060","Pinchas","Localidad simple"
"46021070","San Pedro",-28.6617233260584,-66.9230154722288,"46","La Rioja","46021","Castro Barros","460021","Castro Barros","46021070","San Pedro","Localidad simple"
"46021080","Santa Vera Cruz",-28.6757487530252,-66.9605583599112,"46","La Rioja","46021","Castro Barros","460021","Castro Barros","46021080","Santa Vera Cruz","Localidad simple"
"46028020","Guandacol",-29.5252401424327,-68.5627461544727,"46","La Rioja","46028","General Felipe Varela","460028","General Felipe Varela","46028020","Guandacol","Localidad simple"
"46028040","Pagancillo",-29.5415685884711,-68.0999373344882,"46","La Rioja","46028","General Felipe Varela","460028","General Felipe Varela","46028040","Pagancillo","Localidad simple"
"46028010","Aicuñá",-29.4727869031183,-67.7746060994257,"46","La Rioja","46028","General Felipe Varela","460028","General Felipe Varela","46028010","Aicuñá","Localidad simple"
"46028030","Los Palacios",-29.36930438632,-68.235541798421,"46","La Rioja","46028","General Felipe Varela","460028","General Felipe Varela","46028030","Los Palacios","Localidad simple"
"46028050","Villa Unión",-29.3177553372321,-68.2277483812154,"46","La Rioja","46028","General Felipe Varela","460028","General Felipe Varela","46028050","Villa Unión","Localidad simple"
"46035010","Chamical",-30.3594398835443,-66.3126582781318,"46","La Rioja","46035","Chamical","460035","Chamical","46035010","Chamical","Localidad simple"
"46035020","Polco",-30.4054215485116,-66.3679936936504,"46","La Rioja","46035","Chamical","460035","Chamical","46035020","Polco","Localidad simple"
"46042050","Colonia Vichigasta",-29.4495555812964,-67.487670433792,"46","La Rioja","46042","Chilecito","460042","Chilecito","46042050","Colonia Vichigasta","Localidad simple"
"46042090","Nonogasta",-29.3022094416507,-67.5061907656652,"46","La Rioja","46042","Chilecito","460042","Chilecito","46042090","Nonogasta","Localidad simple"
"46042010","Chilecito",-29.1651050590164,-67.4952152727143,"46","La Rioja","46042","Chilecito","460042","Chilecito","46042010","Chilecito","Localidad simple"
"46042020","Colonia Anguinán",-29.2505767387971,-67.4438295295196,"46","La Rioja","46042","Chilecito","460042","Chilecito","46042020","Colonia Anguinán","Localidad simple"
"46042040","Colonia Malligasta",-29.1980640659613,-67.3981725015383,"46","La Rioja","46042","Chilecito","460042","Chilecito","46042040","Colonia Malligasta","Localidad simple"
"46042060","Guanchín",-29.1902411689541,-67.637758227647,"46","La Rioja","46042","Chilecito","460042","Chilecito","46042060","Guanchín","Localidad simple"
"46042070","Malligasta",-29.176454436516,-67.4348904050625,"46","La Rioja","46042","Chilecito","460042","Chilecito","46042070","Malligasta","Localidad simple"
"46042080","Miranda",-29.3391904276676,-67.6624782316474,"46","La Rioja","46042","Chilecito","460042","Chilecito","46042080","Miranda","Localidad simple"
"46042100","San Nicolás",-29.1150368268577,-67.4735990523789,"46","La Rioja","46042","Chilecito","460042","Chilecito","46042100","San Nicolás","Localidad simple"
"46042110","Santa Florentina",-29.1293216721004,-67.5561365983596,"46","La Rioja","46042","Chilecito","460042","Chilecito","46042110","Santa Florentina","Localidad simple"
"46042120","Sañogasta",-29.3222094588692,-67.602829071172,"46","La Rioja","46042","Chilecito","460042","Chilecito","46042120","Sañogasta","Localidad simple"
"46042130","Tilimuqui",-29.1433689017166,-67.4253881118531,"46","La Rioja","46042","Chilecito","460042","Chilecito","46042130","Tilimuqui","Localidad simple"
"46042140","Vichigasta",-29.4852632507737,-67.5067773622498,"46","La Rioja","46042","Chilecito","460042","Chilecito","46042140","Vichigasta","Localidad simple"
"46049020","Angulos",-28.6556554748548,-67.6522496517698,"46","La Rioja","46049","Famatina","460049","Famatina","46049020","Angulos","Localidad simple"
"46049060","Chañarmuyo",-28.603193692864,-67.5831795395154,"46","La Rioja","46049","Famatina","460049","Famatina","46049060","Chañarmuyo","Localidad simple"
"46049010","Alto Carrizal",-28.866735553767,-67.5714198029277,"46","La Rioja","46049","Famatina","460049","Famatina","46049010","Alto Carrizal","Localidad simple"
"46049030","Antinaco",-28.819342176429,-67.3148550386389,"46","La Rioja","46049","Famatina","460049","Famatina","46049030","Antinaco","Localidad simple"
"46049040","Bajo Carrizal",-28.8880640961243,-67.5641329966256,"46","La Rioja","46049","Famatina","460049","Famatina","46049040","Bajo Carrizal","Localidad simple"
"46049050","Campanas",-28.5525800933789,-67.6278819820331,"46","La Rioja","46049","Famatina","460049","Famatina","46049050","Campanas","Localidad simple"
"46049070","Famatina",-28.9250493583203,-67.5195931708555,"46","La Rioja","46049","Famatina","460049","Famatina","46049070","Famatina","Localidad simple"
"46049080","La Cuadra",-28.4682454487129,-67.6923081826358,"46","La Rioja","46049","Famatina","460049","Famatina","46049080","La Cuadra","Localidad simple"
"46049090","Pituil",-28.5759782477155,-67.4490937047696,"46","La Rioja","46049","Famatina","460049","Famatina","46049090","Pituil","Localidad simple"
"46049100","Plaza Vieja",-28.965459530816,-67.5162365519924,"46","La Rioja","46049","Famatina","460049","Famatina","46049100","Plaza Vieja","Localidad simple"
"46049110","Santa Cruz",-28.4838790079487,-67.6937290475931,"46","La Rioja","46049","Famatina","460049","Famatina","46049110","Santa Cruz","Localidad simple"
"46049120","Santo Domingo",-28.5543757612356,-67.6719934135659,"46","La Rioja","46049","Famatina","460049","Famatina","46049120","Santo Domingo","Localidad simple"
"46056010","Punta de los Llanos",-30.1544114783832,-66.5467379434584,"46","La Rioja","46056","Ángel Vicente Peñaloza","460056","Ángel Vicente Peñaloza","46056010","Punta de los Llanos","Localidad simple"
"46056020","Tama",-30.506616608145,-66.5289312749874,"46","La Rioja","46056","Ángel Vicente Peñaloza","460056","Ángel Vicente Peñaloza","46056020","Tama","Localidad simple"
"46063030","Loma Blanca",-30.6410075694352,-66.2426317211089,"46","La Rioja","46063","General Belgrano","460063","General Belgrano","46063030","Loma Blanca","Localidad simple"
"46063010","Castro Barros",-30.5788937356025,-65.7271102931581,"46","La Rioja","46063","General Belgrano","460063","General Belgrano","46063010","Castro Barros","Localidad simple"
"46063020","Chañar",-30.5414407589519,-65.9560642078614,"46","La Rioja","46063","General Belgrano","460063","General Belgrano","46063020","Chañar","Localidad simple"
"46063040","Olta",-30.6306764073915,-66.2672510854986,"46","La Rioja","46063","General Belgrano","460063","General Belgrano","46063040","Olta","Localidad simple"
"46070030","Portezuelo",-30.8369063708544,-66.7018026732352,"46","La Rioja","46070","General Juan Facundo Quiroga","460070","General Juan Facundo Quiroga","46070030","Portezuelo","Localidad simple"
"46070010","Malanzán",-30.80467054749,-66.6042342522778,"46","La Rioja","46070","General Juan Facundo Quiroga","460070","General Juan Facundo Quiroga","46070010","Malanzán","Localidad simple"
"46070020","Nácate",-30.8529073499437,-66.4249512958568,"46","La Rioja","46070","General Juan Facundo Quiroga","460070","General Juan Facundo Quiroga","46070020","Nácate","Localidad simple"
"46070040","San Antonio",-31.0853456166373,-66.7315920815709,"46","La Rioja","46070","General Juan Facundo Quiroga","460070","General Juan Facundo Quiroga","46070040","San Antonio","Localidad simple"
"46084030","Milagro",-31.0058165762144,-65.992395165732,"46","La Rioja","46084","General Ortiz de Ocampo","460084","General Ortiz de Ocampo","46084030","Milagro","Localidad simple"
"46077010","Villa Castelli",-29.0201422388977,-68.2294831234224,"46","La Rioja","46077","General Lamadrid","460077","General Lamadrid","46077010","Villa Castelli","Localidad simple"
"46084010","Ambil",-31.1295791116995,-66.3439208367266,"46","La Rioja","46084","General Ortiz de Ocampo","460084","General Ortiz de Ocampo","46084010","Ambil","Localidad simple"
"46084020","Colonia Ortiz de Ocampo",-30.962785080594,-66.1766930299756,"46","La Rioja","46084","General Ortiz de Ocampo","460084","General Ortiz de Ocampo","46084020","Colonia Ortiz de Ocampo","Localidad simple"
"46084040","Olpas",-30.8061831450308,-66.2439574519494,"46","La Rioja","46084","General Ortiz de Ocampo","460084","General Ortiz de Ocampo","46084040","Olpas","Localidad simple"
"46084050","Santa Rita de Catuna",-30.9547125049789,-66.2206893248424,"46","La Rioja","46084","General Ortiz de Ocampo","460084","General Ortiz de Ocampo","46084050","Santa Rita de Catuna","Localidad simple"
"46091010","Ulapes",-31.5727465596669,-66.237533257096,"46","La Rioja","46091","General San Martín","460091","General San Martín","46091010","Ulapes","Localidad simple"
"46098010","Jagüé",-28.6637211783493,-68.3857405424316,"46","La Rioja","46098","Vinchina","460098","Vinchina","46098010","Jagüé","Localidad simple"
"46098020","Villa San José de Vinchina",-28.7536971019394,-68.2048448095049,"46","La Rioja","46098","Vinchina","460098","Vinchina","46098020","Villa San José de Vinchina","Localidad simple"
"46105010","Amaná",-30.0546374920666,-67.5044362947149,"46","La Rioja","46105","Independencia","460105","Independencia","46105010","Amaná","Localidad simple"
"46105020","Patquía",-30.0481465231574,-66.8797165622639,"46","La Rioja","46105","Independencia","460105","Independencia","46105020","Patquía","Localidad simple"
"46112010","Chepes",-31.3409735865903,-66.5919231559393,"46","La Rioja","46112","Rosario Vera Peñaloza","460112","Rosario Vera Peñaloza","46112010","Chepes","Localidad simple"
"46112020","Desiderio Tello",-31.2124968486754,-66.3144307396543,"46","La Rioja","46112","Rosario Vera Peñaloza","460112","Rosario Vera Peñaloza","46112020","Desiderio Tello","Localidad simple"
"50056140","Las Violetas",-32.8225161954956,-68.6048811641615,"50","Mendoza","50056","Lavalle","500056","Lavalle","50056140","Las Violetas","Localidad simple"
"46119010","Salicas - San Blas",-28.3738411477769,-67.0706084175183,"46","La Rioja","46119","San Blas de Los Sauces","460119","San Blas de Los Sauces","46119010","Salicas - San Blas","Localidad simple"
"46126010","Villa Sanagasta",-29.2822814686443,-67.0209471680024,"46","La Rioja","46126","Sanagasta","460126","Sanagasta","46126010","Villa Sanagasta","Localidad simple"
"50007010","Mendoza",-32.8897325533642,-68.8444442314254,"50","Mendoza","50007","Capital","500007","Mendoza","50007010","Mendoza","Componente de localidad compuesta"
"50014010","Bowen",-35.0003485990211,-67.510340476478,"50","Mendoza","50014","General Alvear","500014","General Alvear","50014010","Bowen","Localidad simple"
"50014020","Carmensa",-35.1480810298595,-67.6552749669987,"50","Mendoza","50014","General Alvear","500014","General Alvear","50014020","Carmensa","Localidad simple"
"50014030","General Alvear",-34.9774715840283,-67.6961828096237,"50","Mendoza","50014","General Alvear","500014","General Alvear","50014030","General Alvear","Localidad simple"
"50056150","3 de Mayo",-32.6804705368401,-68.6392269372777,"50","Mendoza","50056","Lavalle","500056","Lavalle","50056150","3 de Mayo","Localidad simple"
"50014040","Los Compartos",-34.97785862384,-67.6511707013737,"50","Mendoza","50014","General Alvear","500014","General Alvear","50014040","Los Compartos","Localidad simple"
"50021010","Godoy Cruz",-32.925334570321,-68.8442814633876,"50","Mendoza","50021","Godoy Cruz","500021","Godoy Cruz","50021010","Godoy Cruz","Componente de localidad compuesta"
"50028010","Colonia Segovia",-32.8476009252565,-68.714112383008,"50","Mendoza","50028","Guaymallén","500028","Guaymallén","50028010","Colonia Segovia","Localidad simple"
"50028020","Guaymallén",-32.9000520819732,-68.7876776306296,"50","Mendoza","50028","Guaymallén","500028","Guaymallén","50028020","Guaymallén","Componente de localidad compuesta"
"50028030","La Primavera",-32.9221369560573,-68.6710978782116,"50","Mendoza","50028","Guaymallén","500028","Guaymallén","50028030","La Primavera","Localidad simple"
"50028040","Los Corralitos",-32.9010683518785,-68.6975818672055,"50","Mendoza","50028","Guaymallén","500028","Guaymallén","50028040","Los Corralitos","Localidad simple"
"50028050","Puente de Hierro",-32.867475517174,-68.6758086811473,"50","Mendoza","50028","Guaymallén","500028","Guaymallén","50028050","Puente de Hierro","Localidad simple"
"50035010","Ingeniero Giagnoni",-33.1278250293367,-68.4123885264046,"50","Mendoza","50035","Junín","500035","Junín","50035010","Ingeniero Giagnoni","Localidad simple"
"50035020","Junín",-33.1465311500985,-68.4872690737808,"50","Mendoza","50035","Junín","500035","Junín","50035020","Junín","Localidad simple"
"50035030","La Colonia",-33.0989413692546,-68.4804995237419,"50","Mendoza","50035","Junín","500098","San Martín","50035030","La Colonia","Componente de localidad compuesta"
"50035050","Medrano",-33.1767732947655,-68.615165408116,"50","Mendoza","50035","Junín","500035","Junín","50035050","Medrano","Componente de localidad compuesta"
"50035060","Phillips",-33.2009807649662,-68.3774928550962,"50","Mendoza","50035","Junín","500035","Junín","50035060","Phillips","Localidad simple"
"50035070","Rodríguez Peña",-33.1204426186256,-68.5951625639971,"50","Mendoza","50035","Junín","500035","Junín","50035070","Rodríguez Peña","Localidad simple"
"50035040","Los Barriales",-33.0996793533624,-68.5688059684624,"50","Mendoza","50035","Junín","500035","Junín","50035040","Los Barriales","Localidad simple"
"50042010","Desaguadero",-33.4025386626013,-67.1554997063826,"50","Mendoza","50042","La Paz","500042","La Paz","50042010","Desaguadero","Componente de localidad compuesta"
"50042030","Villa Antigua",-33.4651404592254,-67.5938749253002,"50","Mendoza","50042","La Paz","500042","La Paz","50042030","Villa Antigua","Localidad simple"
"50042020","La Paz",-33.4616956373988,-67.5522768122258,"50","Mendoza","50042","La Paz","500042","La Paz","50042020","La Paz","Localidad simple"
"50049010","Blanco Encalada",-33.0389312957558,-69.0064392051805,"50","Mendoza","50049","Las Heras","500049","Las Heras","50049010","Blanco Encalada","Localidad simple"
"50049040","Las Cuevas",-32.813948303001,-70.0489552654573,"50","Mendoza","50049","Las Heras","500063","Luján de Cuyo","50049040","Las Cuevas","Localidad simple"
"50049050","Las Heras",-32.850341601842,-68.840520401658,"50","Mendoza","50049","Las Heras","500049","Las Heras","50049050","Las Heras","Componente de localidad compuesta"
"50049060","Los Penitentes",-32.8415268564682,-69.8422733955305,"50","Mendoza","50049","Las Heras","500049","Las Heras","50049060","Los Penitentes","Localidad simple"
"50049080","Polvaredas",-32.794879312889,-69.6535464148485,"50","Mendoza","50049","Las Heras","500049","Las Heras","50049080","Polvaredas","Localidad simple"
"50049100","Punta de Vacas",-32.8557798820603,-69.7632140912501,"50","Mendoza","50049","Las Heras","500049","Las Heras","50049100","Punta de Vacas","Localidad simple"
"50049110","Uspallata",-32.5911328492886,-69.3478325007629,"50","Mendoza","50049","Las Heras","500049","Las Heras","50049110","Uspallata","Localidad simple"
"50049090","Puente del Inca",-32.8245526492181,-69.9099697759362,"50","Mendoza","50049","Las Heras","500049","Las Heras","50049090","Puente del Inca","Localidad simple"
"50049030","Jocolí",-32.5871241971987,-68.6686789207204,"50","Mendoza","50049","Las Heras","500056","Lavalle","50049030","Jocolí","Componente de localidad compuesta"
"50056010","Barrio Alto del Olvido",-32.6696505479246,-68.5800012318464,"50","Mendoza","50056","Lavalle","500056","Lavalle","50056010","Barrio Alto del Olvido","Localidad simple"
"50056020","Barrio Jocolí II",-32.6566662345999,-68.6589491336395,"50","Mendoza","50056","Lavalle","500049","Las Heras","50056020","Barrio Jocolí II","Localidad simple"
"50056030","Barrio La Palmera",-32.7019676976416,-68.540094592933,"50","Mendoza","50056","Lavalle","500056","Lavalle","50056030","Barrio La Palmera","Localidad simple"
"50056040","Barrio La Pega",-32.8080160562424,-68.6695467913422,"50","Mendoza","50056","Lavalle","500056","Lavalle","50056040","Barrio La Pega","Localidad simple"
"50056060","Barrio Los Jarilleros",-32.7163045405058,-68.652106137092,"50","Mendoza","50056","Lavalle","500056","Lavalle","50056060","Barrio Los Jarilleros","Localidad simple"
"50056070","Barrio Los Olivos",-32.679323003314,-68.3318687823886,"50","Mendoza","50056","Lavalle","500056","Lavalle","50056070","Barrio Los Olivos","Localidad simple"
"50056075","Barrio Virgen del Rosario",-32.7018213513086,-68.3145153425924,"50","Mendoza","50056","Lavalle","500056","Lavalle","50056075","Barrio Virgen del Rosario","Localidad simple"
"50056090","El Paramillo",-32.7812221257526,-68.5338111736003,"50","Mendoza","50056","Lavalle","500056","Lavalle","50056090","El Paramillo","Localidad simple"
"50056100","El Vergel",-32.7588052875084,-68.6341118890224,"50","Mendoza","50056","Lavalle","500056","Lavalle","50056100","El Vergel","Localidad simple"
"50056110","Ingeniero Gustavo André",-32.6794596693312,-68.317058464518,"50","Mendoza","50056","Lavalle","500056","Lavalle","50056110","Ingeniero Gustavo André","Localidad simple"
"50056130","Jocolí Viejo",-32.7081594230283,-68.6734250575645,"50","Mendoza","50056","Lavalle","500049","Las Heras","50056130","Jocolí Viejo","Localidad simple"
"50056160","Villa Tulumaya",-32.7214491953041,-68.5957757244643,"50","Mendoza","50056","Lavalle","500056","Lavalle","50056160","Villa Tulumaya","Localidad simple"
"50056080","Costa de Araujo",-32.7576403090664,-68.4082718724626,"50","Mendoza","50056","Lavalle","500056","Lavalle","50056080","Costa de Araujo","Localidad simple"
"50056120","Jocolí",-32.5812141318551,-68.6651447010916,"50","Mendoza","50056","Lavalle","500056","Lavalle","50056120","Jocolí","Componente de localidad compuesta"
"50056050","Barrio Lagunas de Bartoluzzi",-32.6124479739555,-68.5622337662434,"50","Mendoza","50056","Lavalle","500056","Lavalle","50056050","Barrio Lagunas de Bartoluzzi","Localidad simple"
"50063010","Agrelo",-33.1202890008925,-68.8891201209443,"50","Mendoza","50063","Luján de Cuyo","500063","Luján de Cuyo","50063010","Agrelo","Localidad simple"
"50063020","Barrio Perdriel IV",-33.0766828971477,-68.9137985131991,"50","Mendoza","50063","Luján de Cuyo","500063","Luján de Cuyo","50063020","Barrio Perdriel IV","Localidad simple"
"50063030","Cacheuta",-33.0131455155079,-69.1189728553332,"50","Mendoza","50063","Luján de Cuyo","500049","Las Heras","50063030","Cacheuta","Localidad simple"
"50063040","Costa Flores",-33.0582266670311,-68.9318712034055,"50","Mendoza","50063","Luján de Cuyo","500063","Luján de Cuyo","50063040","Costa Flores","Localidad simple"
"50063050","El Carrizal",-33.3196113216288,-68.7565454837912,"50","Mendoza","50063","Luján de Cuyo","500063","Luján de Cuyo","50063050","El Carrizal","Localidad simple"
"50063060","El Salto",-32.959744920419,-69.2648595853864,"50","Mendoza","50063","Luján de Cuyo","500063","Luján de Cuyo","50063060","El Salto","Localidad simple"
"50063080","Las Vegas",-33.014749232083,-69.2722452606434,"50","Mendoza","50063","Luján de Cuyo","500063","Luján de Cuyo","50063080","Las Vegas","Localidad simple"
"50063090","Luján de Cuyo",-33.0391708753668,-68.8795523174873,"50","Mendoza","50063","Luján de Cuyo","500063","Luján de Cuyo","50063090","Luján de Cuyo","Componente de localidad compuesta"
"50063100","Perdriel",-33.0749031873841,-68.8883952880467,"50","Mendoza","50063","Luján de Cuyo","500063","Luján de Cuyo","50063100","Perdriel","Localidad simple"
"50063110","Potrerillos",-32.9623209970114,-69.2010471464719,"50","Mendoza","50063","Luján de Cuyo","500063","Luján de Cuyo","50063110","Potrerillos","Localidad simple"
"50063120","Ugarteche",-33.2120701525104,-68.8913508978511,"50","Mendoza","50063","Luján de Cuyo","500063","Luján de Cuyo","50063120","Ugarteche","Localidad simple"
"50063070","Las Compuertas",-33.0374290498086,-68.9832144601666,"50","Mendoza","50063","Luján de Cuyo","500049","Las Heras","50063070","Las Compuertas","Localidad simple"
"50070010","Barrancas",-33.0818328680819,-68.7276151941116,"50","Mendoza","50070","Maipú","500070","Maipú","50070010","Barrancas","Localidad simple"
"50070020","Barrio Jesús de Nazaret",-33.0095657296522,-68.716108548455,"50","Mendoza","50070","Maipú","500070","Maipú","50070020","Barrio Jesús de Nazaret","Localidad simple"
"50070040","El Pedregal",-32.8584966216671,-68.6497657300625,"50","Mendoza","50070","Maipú","500070","Maipú","50070040","El Pedregal","Localidad simple"
"50070050","Fray Luis Beltrán",-33.0039959793783,-68.6644514558642,"50","Mendoza","50070","Maipú","500070","Maipú","50070050","Fray Luis Beltrán","Localidad simple"
"50070060","Maipú",-32.9846197818192,-68.7882090175496,"50","Mendoza","50070","Maipú","500070","Maipú","50070060","Maipú","Componente de localidad compuesta"
"50070070","Rodeo del Medio",-32.9948684303252,-68.6859659559504,"50","Mendoza","50070","Maipú","500070","Maipú","50070070","Rodeo del Medio","Localidad simple"
"50070090","San Roque",-33.0332407917078,-68.5861231445318,"50","Mendoza","50070","Maipú","500070","Maipú","50070090","San Roque","Localidad simple"
"50070100","Villa Teresa",-33.0183172820918,-68.6288161908741,"50","Mendoza","50070","Maipú","500070","Maipú","50070100","Villa Teresa","Localidad simple"
"50070030","Cruz de Piedra",-33.0302445136191,-68.7804170386384,"50","Mendoza","50070","Maipú","500070","Maipú","50070030","Cruz de Piedra","Localidad simple"
"50077010","Agua Escondida",-36.1549253655662,-68.3008488180603,"50","Mendoza","50077","Malargüe","500077","Malargüe","50077010","Agua Escondida","Localidad simple"
"50077040","Malargüe",-35.4683739980962,-69.5847075525399,"50","Mendoza","50077","Malargüe","500077","Malargüe","50077040","Malargüe","Localidad simple"
"50077030","Las Leñas",-35.1476106139429,-70.0821307486407,"50","Mendoza","50077","Malargüe","500077","Malargüe","50077030","Las Leñas","Localidad simple"
"50084010","Andrade",-33.1726767497489,-68.5023465092664,"50","Mendoza","50084","Rivadavia","500084","Rivadavia","50084010","Andrade","Localidad simple"
"50084020","Barrio Cooperativa Los Campamentos",-33.2729925952333,-68.4134600936754,"50","Mendoza","50084","Rivadavia","500084","Rivadavia","50084020","Barrio Cooperativa Los Campamentos","Localidad simple"
"50084030","Barrio Rivadavia",-33.2316065668468,-68.476835911636,"50","Mendoza","50084","Rivadavia","500084","Rivadavia","50084030","Barrio Rivadavia","Localidad simple"
"50084040","El Mirador",-33.2903010233035,-68.3393143822803,"50","Mendoza","50084","Rivadavia","500084","Rivadavia","50084040","El Mirador","Localidad simple"
"50084060","La Esperanza",-33.3200346810559,-68.3297953561512,"50","Mendoza","50084","Rivadavia","500084","Rivadavia","50084060","La Esperanza","Localidad simple"
"50084070","La Florida",-33.2655873367595,-68.4565150984884,"50","Mendoza","50084","Rivadavia","500084","Rivadavia","50084070","La Florida","Localidad simple"
"50084080","La Libertad",-33.2122668767542,-68.5078422669978,"50","Mendoza","50084","Rivadavia","500084","Rivadavia","50084080","La Libertad","Localidad simple"
"50084090","Los Árboles",-33.183249564969,-68.5665366776074,"50","Mendoza","50084","Rivadavia","500084","Rivadavia","50084090","Los Árboles","Localidad simple"
"50084100","Los Campamentos",-33.2754932315601,-68.3925795256069,"50","Mendoza","50084","Rivadavia","500084","Rivadavia","50084100","Los Campamentos","Localidad simple"
"50084120","Mundo Nuevo",-33.1751777143033,-68.4276082525836,"50","Mendoza","50084","Rivadavia","500035","Junín","50084120","Mundo Nuevo","Localidad simple"
"50084130","Reducción de Abajo",-33.2216139210305,-68.5574841362076,"50","Mendoza","50084","Rivadavia","500084","Rivadavia","50084130","Reducción de Abajo","Localidad simple"
"50084140","Rivadavia",-33.1957654719345,-68.4659228773191,"50","Mendoza","50084","Rivadavia","500084","Rivadavia","50084140","Rivadavia","Localidad simple"
"50084150","Santa María de Oro",-33.2058931193938,-68.428880477268,"50","Mendoza","50084","Rivadavia","500084","Rivadavia","50084150","Santa María de Oro","Localidad simple"
"50084110","Medrano",-33.1810465186863,-68.6149832122588,"50","Mendoza","50084","Rivadavia","500084","Rivadavia","50084110","Medrano","Componente de localidad compuesta"
"50084050","La Central",-33.2731667432222,-68.3153119980095,"50","Mendoza","50084","Rivadavia","500084","Rivadavia","50084050","La Central","Localidad simple"
"50098020","Alto Verde",-33.1195708553263,-68.406751269802,"50","Mendoza","50098","San Martín","500035","Junín","50098020","Alto Verde","Localidad simple"
"50091005","Barrio Carrasco",-33.8311067353464,-69.0488590844836,"50","Mendoza","50091","San Carlos","500091","San Carlos","50091005","Barrio Carrasco","Localidad simple"
"50091010","Barrio El Cepillo",-33.8352691923547,-69.1236485326506,"50","Mendoza","50091","San Carlos","500091","San Carlos","50091010","Barrio El Cepillo","Localidad simple"
"50091030","Eugenio Bustos",-33.778885312025,-69.0652750271063,"50","Mendoza","50091","San Carlos","500091","San Carlos","50091030","Eugenio Bustos","Localidad simple"
"50091040","La Consulta",-33.733847173131,-69.1198852597666,"50","Mendoza","50091","San Carlos","500091","San Carlos","50091040","La Consulta","Localidad simple"
"50091050","Pareditas",-33.9425497239841,-69.0785450510926,"50","Mendoza","50091","San Carlos","500091","San Carlos","50091050","Pareditas","Localidad simple"
"50091020","Chilecito",-33.8914727579035,-69.0711929644874,"50","Mendoza","50091","San Carlos","500091","San Carlos","50091020","Chilecito","Localidad simple"
"50091060","San Carlos",-33.7720666172097,-69.0403915279667,"50","Mendoza","50091","San Carlos","500091","San Carlos","50091060","San Carlos","Localidad simple"
"50098030","Barrio Chivilcoy",-33.0419589980266,-68.3527068774072,"50","Mendoza","50098","San Martín","500098","San Martín","50098030","Barrio Chivilcoy","Localidad simple"
"50098045","Barrio La Estación",-33.1548859827217,-68.3555391557339,"50","Mendoza","50098","San Martín","500035","Junín","50098045","Alto Verde","Localidad simple"
"50098050","Barrio Los Charabones",-32.9961930922983,-68.278228450411,"50","Mendoza","50098","San Martín","500098","San Martín","50098050","Barrio Los Charabones","Localidad simple"
"50098055","Barrio Ntra. Sra. De Fátima",-33.125358284827,-68.347895174128,"50","Mendoza","50098","San Martín","500098","San Martín","50098055","Barrio Nuestra Señora de Fátima","Localidad simple"
"50098070","Chivilcoy",-33.0426645917974,-68.447913373425,"50","Mendoza","50098","San Martín","500098","San Martín","50098070","Chivilcoy","Localidad simple"
"50098073","El Espino",-33.0748874189334,-68.3968319496423,"50","Mendoza","50098","San Martín","500098","San Martín","50098073","El Espino","Localidad simple"
"50098077","El Ramblón",-33.1573516150859,-68.2955439092712,"50","Mendoza","50098","San Martín","500098","San Martín","50098077","El Ramblón","Localidad simple"
"50098090","Nueva California",-32.7495188169017,-68.3241242048459,"50","Mendoza","50098","San Martín","500098","San Martín","50098090","Nueva California","Localidad simple"
"50098100","San Martín",-33.0877142385908,-68.475807203147,"50","Mendoza","50098","San Martín","500098","San Martín","50098100","San Martín - La Colonia","Componente de localidad compuesta"
"50098110","Tres Porteñas",-32.8993664648913,-68.3885547871148,"50","Mendoza","50098","San Martín","500098","San Martín","50098110","Tres Porteñas","Localidad simple"
"50098060","Chapanay",-32.9847146742597,-68.46439165692,"50","Mendoza","50098","San Martín","500098","San Martín","50098060","Chapanay","Localidad simple"
"50098080","Montecaseros",-33.0137304905292,-68.3898241736059,"50","Mendoza","50098","San Martín","500098","San Martín","50098080","Montecaseros","Localidad simple"
"50098040","Barrio Emanuel",-32.8429941272586,-68.3932568879513,"50","Mendoza","50098","San Martín","500098","San Martín","50098040","Barrio Emanuel","Localidad simple"
"50105020","Barrio El Nevado",-34.7881368521339,-67.9799976205166,"50","Mendoza","50105","San Rafael","500105","San Rafael","50105020","Barrio El Nevado","Localidad simple"
"50105030","Barrio Empleados de Comercio",-34.5557448506522,-68.3018330458584,"50","Mendoza","50105","San Rafael","500105","San Rafael","50105030","Barrio Empleados de Comercio","Localidad simple"
"50105040","Barrio Intendencia",-34.6468691024787,-68.2649912036625,"50","Mendoza","50105","San Rafael","500105","San Rafael","50105040","Barrio Intendencia","Localidad simple"
"50105050","Capitán Montoya",-34.5823082025568,-68.4576001438883,"50","Mendoza","50105","San Rafael","500105","San Rafael","50105050","Capitán Montoya","Localidad simple"
"50105070","El Nihuil",-35.0272928802229,-68.6728123125633,"50","Mendoza","50105","San Rafael","500105","San Rafael","50105070","El Nihuil","Localidad simple"
"50105080","El Sosneado",-35.0809852761248,-69.582519436686,"50","Mendoza","50105","San Rafael","500105","San Rafael","50105080","El Sosneado","Localidad simple"
"50105090","El Tropezón",-34.6839084352162,-68.2778978002988,"50","Mendoza","50105","San Rafael","500105","San Rafael","50105090","El Tropezón","Localidad simple"
"50105110","Jaime Prats",-34.9102915791426,-67.8204773210877,"50","Mendoza","50105","San Rafael","500105","San Rafael","50105110","Jaime Prats","Localidad simple"
"50105120","La Llave Nueva",-34.6391381138348,-68.0099058579305,"50","Mendoza","50105","San Rafael","500105","San Rafael","50105120","La Llave Nueva","Localidad simple"
"50105130","Las Malvinas",-34.8350977625906,-68.24863223266,"50","Mendoza","50105","San Rafael","500105","San Rafael","50105130","Las Malvinas","Localidad simple"
"50105150","Monte Comán",-34.5923701490499,-67.8689534934664,"50","Mendoza","50105","San Rafael","500105","San Rafael","50105150","Monte Comán","Localidad simple"
"50105160","Pobre Diablo",-34.664646219529,-68.3569367991089,"50","Mendoza","50105","San Rafael","500105","San Rafael","50105160","Pobre Diablo","Localidad simple"
"50105170","Punta del Agua",-35.5276360005613,-68.0785597313436,"50","Mendoza","50105","San Rafael","500105","San Rafael","50105170","Punta del Agua","Localidad simple"
"50105180","Rama Caída",-34.7013995499398,-68.3686831650759,"50","Mendoza","50105","San Rafael","500105","San Rafael","50105180","Rama Caida","Localidad simple"
"50105190","Real del Padre",-34.8425320666885,-67.7689248662427,"50","Mendoza","50105","San Rafael","500105","San Rafael","50105190","Real del Padre","Localidad simple"
"50105200","Salto de las Rosas",-34.7254615800356,-68.2312539818003,"50","Mendoza","50105","San Rafael","500105","San Rafael","50105200","Salto de las Rosas","Localidad simple"
"50105210","San Rafael",-34.612861378454,-68.330416983816,"50","Mendoza","50105","San Rafael","500105","San Rafael","50105210","San Rafael","Localidad simple"
"50105220","25 de Mayo",-34.5825581463526,-68.5368759134333,"50","Mendoza","50105","San Rafael","500105","San Rafael","50105220","25 de Mayo","Localidad simple"
"50105230","Villa Atuel",-34.8320601467904,-67.9235093489971,"50","Mendoza","50105","San Rafael","500105","San Rafael","50105230","Villa Atuel","Localidad simple"
"50105240","Villa Atuel Norte",-34.7547567855555,-68.0310173821961,"50","Mendoza","50105","San Rafael","500105","San Rafael","50105240","Villa Atuel Norte","Localidad simple"
"50105100","Goudge",-34.6800298339323,-68.1317373135165,"50","Mendoza","50105","San Rafael","500105","San Rafael","50105100","Goudge","Localidad simple"
"50105140","Los Reyunos",-34.5755805851605,-68.706102447629,"50","Mendoza","50105","San Rafael","500105","San Rafael","50105140","Los Reyunos","Localidad simple"
"50105060","Cuadro Benegas",-34.6385610052972,-68.4666300426389,"50","Mendoza","50105","San Rafael","500105","San Rafael","50105060","Cuadro Benegas","Localidad simple"
"50112020","Barrio María Auxiliadora",-33.2439453276399,-68.1735579571758,"50","Mendoza","50112","Santa Rosa","500112","Santa Rosa","50112020","Barrio María Auxiliadora","Localidad simple"
"50112030","Barrio Molina Cabrera",-33.1090475452996,-68.1875184997736,"50","Mendoza","50112","Santa Rosa","500112","Santa Rosa","50112030","Barrio Molina Cabrera","Localidad simple"
"50112040","La Dormida",-33.3467169029102,-67.9171317609661,"50","Mendoza","50112","Santa Rosa","500112","Santa Rosa","50112040","La Dormida","Localidad simple"
"50112050","Las Catitas",-33.2938425582224,-68.0485181749545,"50","Mendoza","50112","Santa Rosa","500112","Santa Rosa","50112050","Las Catitas","Localidad simple"
"50112060","Santa Rosa",-33.2540738388994,-68.1506620411735,"50","Mendoza","50112","Santa Rosa","500112","Santa Rosa","50112060","Santa Rosa","Localidad simple"
"50112010","Barrio 12 de Octubre",-33.1970420438086,-68.255138753812,"50","Mendoza","50112","Santa Rosa","500112","Santa Rosa","50112010","Barrio 12 de Octubre","Localidad simple"
"50119010","Barrio San Cayetano",-33.6334742863703,-69.1797078737756,"50","Mendoza","50119","Tunuyán","500119","Tunuyán","50119010","Barrio San Cayetano","Localidad simple"
"50119020","Campo Los Andes",-33.7003219358023,-69.1764950169006,"50","Mendoza","50119","Tunuyán","500119","Tunuyán","50119020","Campo Los Andes","Localidad simple"
"50119030","Colonia Las Rosas",-33.6056386398876,-69.1044262295027,"50","Mendoza","50119","Tunuyán","500119","Tunuyán","50119030","Colonia Las Rosas","Localidad simple"
"50119040","El Manzano",-33.5861411847394,-69.3271065826152,"50","Mendoza","50119","Tunuyán","500119","Tunuyán","50119040","El Manzano","Localidad simple"
"50119060","Tunuyán",-33.5812531556326,-69.0153685595424,"50","Mendoza","50119","Tunuyán","500119","Tunuyán","50119060","Tunuyán","Localidad simple"
"50119070","Vista Flores",-33.6508757520733,-69.1557603957753,"50","Mendoza","50119","Tunuyán","500119","Tunuyán","50119070","Vista Flores","Localidad simple"
"50119050","Los Sauces",-33.5944641922174,-69.1754980493632,"50","Mendoza","50119","Tunuyán","500119","Tunuyán","50119050","Los Sauces","Localidad simple"
"50126010","Barrio Belgrano Norte",-33.3307856688247,-69.1261640831275,"50","Mendoza","50126","Tupungato","500126","Tupungato","50126010","Barrio Belgrano Norte","Localidad simple"
"50126020","Cordón del Plata",-33.4624304577156,-69.143259066239,"50","Mendoza","50126","Tupungato","500126","Tupungato","50126020","Cordón del Plata","Localidad simple"
"50126035","El Zampal",-33.3990666467458,-69.1057397865026,"50","Mendoza","50126","Tupungato","500126","Tupungato","50126035","El Zampal","Localidad simple"
"50126040","La Arboleda",-33.3614609687859,-69.1196031138833,"50","Mendoza","50126","Tupungato","500126","Tupungato","50126040","La Arboleda","Localidad simple"
"50126050","San José",-33.3082825254093,-69.1528988847786,"50","Mendoza","50126","Tupungato","500126","Tupungato","50126050","San José","Localidad simple"
"50126030","El Peral",-33.3671344564996,-69.184087743799,"50","Mendoza","50126","Tupungato","500126","Tupungato","50126030","El Peral","Localidad simple"
"50126060","Tupungato",-33.3728409074166,-69.1475742860632,"50","Mendoza","50126","Tupungato","500126","Tupungato","50126060","Tupungato","Localidad simple"
"54007020","Azara",-28.0607079301754,-55.6770709044893,"54","Misiones","54007","Apóstoles","540014","Azara","54007020","Azara","Localidad simple"
"54007025","Barrio Rural",-27.8811249994632,-55.7872757699423,"54","Misiones","54007","Apóstoles","540007","Apóstoles","54007025","Barrio Rural","Localidad simple"
"54007030","Estación Apóstoles",-27.911529115791,-55.8092186405509,"54","Misiones","54007","Apóstoles","540007","Apóstoles","54007030","Estación Apóstoles","Componente de localidad compuesta"
"54007040","Pindapoy",-27.749423151438,-55.7947789586155,"54","Misiones","54007","Apóstoles","540021","San José","54007040","Pindapoy","Localidad simple"
"54007050","Rincón de Azara",-28.1136188920138,-55.6295324099074,"54","Misiones","54007","Apóstoles","540014","Azara","54007050","Rincón de Azara","Localidad simple"
"54007060","San José",-27.7699944020142,-55.7803037098363,"54","Misiones","54007","Apóstoles","540021","San José","54007060","San José","Localidad simple"
"54007070","Tres Capones",-28.0042531114421,-55.6094041493467,"54","Misiones","54007","Apóstoles","540028","Tres Capones","54007070","Tres Capones","Localidad simple"
"54007010","Apóstoles",-27.9141359337054,-55.7548578406666,"54","Misiones","54007","Apóstoles","540007","Apóstoles","54007010","Apóstoles","Localidad simple"
"54014010","Aristóbulo del Valle",-27.095675650663,-54.8934176144238,"54","Misiones","54014","Cainguás","540035","Aristóbulo del Valle","54014010","Aristóbulo del Valle","Localidad simple"
"54014020","Campo Grande",-27.2079594757129,-54.9797023999934,"54","Misiones","54014","Cainguás","540042","Campo Grande","54014020","Campo Grande","Localidad simple"
"54014050","Dos de Mayo Nucleo III (Bº Bernardino Rivadavia)",-27.013338352247,-54.6081561343144,"54","Misiones","54014","Cainguás","540049","Dos de Mayo","54014050","Bº Bernardino Rivadavia","Localidad simple"
"54014060","1º de Mayo",-27.1679908455962,-55.0290627050208,"54","Misiones","54014","Cainguás","540042","Campo Grande","54014060","1º de Mayo","Localidad simple"
"54014070","Pueblo Illia",-27.1525774961752,-54.5607361918512,"54","Misiones","54014","Cainguás","540049","Dos de Mayo","54014070","Pueblo Illia","Localidad simple"
"54021020","Candelaria",-27.4612179179034,-55.7439632349916,"54","Misiones","54021","Candelaria","540063","Candelaria","54021020","Candelaria","Localidad simple"
"54014080","Salto Encantado",-27.0873225759686,-54.8333673267174,"54","Misiones","54014","Cainguás","540035","Aristóbulo del Valle","54014080","Salto Encantado","Localidad simple"
"54014055","Kilómetro 17",-27.3157401414387,-54.9027258895434,"54","Misiones","54014","Cainguás","540042","Campo Grande","54014055","Kilómetro 17","Localidad simple"
"54014030","Dos de Mayo",-27.0199367725495,-54.6845309683247,"54","Misiones","54014","Cainguás","540049","Dos de Mayo","54014030","Dos de Mayo","Localidad simple"
"54021010","Bonpland",-27.4854037770063,-55.4800946081688,"54","Misiones","54021","Candelaria","540056","Bonpland","54021010","Bonpland","Localidad simple"
"54021030","Cerro Corá",-27.5119171907114,-55.6096055001528,"54","Misiones","54021","Candelaria","540070","Cerro Corá","54021030","Cerro Corá","Localidad simple"
"54021050","Mártires",-27.4231319468937,-55.3772951438647,"54","Misiones","54021","Candelaria","540084","Mártires","54021050","Mártires","Localidad simple"
"54021060","Profundidad",-27.5617193816031,-55.7045653968785,"54","Misiones","54021","Candelaria","540091","Profundidad","54021060","Profundidad","Localidad simple"
"54021070","Puerto Santa Ana",-27.3356474494144,-55.5831271516349,"54","Misiones","54021","Candelaria","540098","Santa Ana","54021070","Puerto Santa Ana","Localidad simple"
"54021040","Loreto",-27.3329451758117,-55.5222494577568,"54","Misiones","54021","Candelaria","540077","Loreto","54021040","Loreto","Localidad simple"
"54021080","Santa Ana",-27.3692137837182,-55.5817097004515,"54","Misiones","54021","Candelaria","540098","Santa Ana","54021080","Santa Ana","Localidad simple"
"54021005","Barrio del Lago",-27.4665218225907,-55.7989929706314,"54","Misiones","54021","Candelaria","540063","Candelaria","54021005","Barrio del Lago","Localidad simple"
"54028010","Garupá",-27.4837771073615,-55.8297016552887,"54","Misiones","54028","Capital","540112","Garupá","54028010","Garupá","Componente de localidad compuesta"
"54028020","Nemesio Parma",-27.3564760995956,-56.0172226758984,"54","Misiones","54028","Capital","540119","Posadas","54028020","Nemesio Parma","Localidad simple"
"54028040","Posadas (Extensión)",-27.4524336750218,-55.8527114869609,"54","Misiones","54028","Capital","540112","Garupá","54028040","Posadas (Expansión)","Componente de localidad compuesta"
"54028030","Posadas",-27.3664259799962,-55.8939802751923,"54","Misiones","54028","Capital","540119","Posadas","54028030","Posadas","Componente de localidad compuesta"
"54035010","Barra Concepción",-28.1166982283608,-55.5815159939001,"54","Misiones","54035","Concepción","540126","Concepción de la Sierra","54035010","Barra Concepción","Localidad simple"
"54035020","Concepción de la Sierra",-27.9805783904721,-55.5215882217731,"54","Misiones","54035","Concepción","540126","Concepción de la Sierra","54035020","Concepción de la Sierra","Localidad simple"
"54035030","La Corita",-27.8925337769167,-55.3555548841936,"54","Misiones","54035","Concepción","540133","Santa María","54035030","La Corita","Localidad simple"
"54035040","Santa María",-27.9345141293085,-55.407334404252,"54","Misiones","54035","Concepción","540133","Santa María","54035040","Santa María","Localidad simple"
"54042010","Colonia Victoria",-26.3336870242994,-54.6246096255617,"54","Misiones","54042","Eldorado","540147","Colonia Victoria","54042010","Colonia Victoria","Localidad simple"
"54042030","María Magdalena",-26.2372829535012,-54.6028964192686,"54","Misiones","54042","Eldorado","540140","Colonia Delicia","54042030","María Magdalena","Localidad simple"
"54042035","Nueva Delicia",-26.1817287082965,-54.5912164492971,"54","Misiones","54042","Eldorado","540140","Colonia Delicia","54042035","Nueva Delicia","Localidad simple"
"54042040","9 de Julio Kilómetro 28",-26.4302805288504,-54.4664724264768,"54","Misiones","54042","Eldorado","540161","9 de Julio","54042040","9 de Julio Kilómetro 28","Localidad simple"
"54042050","9 de Julio Kilómetro 20",-26.4147164146002,-54.495858793798,"54","Misiones","54042","Eldorado","540161","9 de Julio","54042050","9 de Julio Kilómetro 20","Localidad simple"
"54042055","Pueblo Nuevo",-26.2434147442071,-54.5912229687966,"54","Misiones","54042","Eldorado","540140","Colonia Delicia","54042055","Pueblo Nuevo","Localidad simple"
"54042060","Puerto Mado",-26.2297441722291,-54.623547911127,"54","Misiones","54042","Eldorado","540140","Colonia Delicia","54042060","Puerto Mado","Localidad simple"
"54042070","Puerto Pinares",-26.4273389693379,-54.6829642579317,"54","Misiones","54042","Eldorado","540154","Eldorado","54042070","Puerto Pinares","Localidad simple"
"54042090","Valle Hermoso",-26.3844224331976,-54.4634621731852,"54","Misiones","54042","Eldorado","540161","9 de Julio","54042090","Valle Hermoso","Localidad simple"
"54042100","Villa Roulet",-26.4423688186645,-54.6404687715455,"54","Misiones","54042","Eldorado","540154","Eldorado","54042100","Villa Roulet","Localidad simple"
"54042080","Santiago de Liniers",-26.4011899197027,-54.415647354223,"54","Misiones","54042","Eldorado","540168","Santiago de Liniers","54042080","Santiago de Liniers","Localidad simple"
"54042020","Eldorado",-26.4088769640649,-54.6070530398259,"54","Misiones","54042","Eldorado","540154","Eldorado","54042020","Eldorado","Localidad simple"
"54049010","Comandante Andresito",-25.6671648439804,-54.0498617471609,"54","Misiones","54049","General Manuel Belgrano","540182","Comandante Andresito","54049010","Comandante Andresito","Localidad simple"
"54049025","Caburei",-25.6821342595151,-54.1413600614806,"54","Misiones","54049","General Manuel Belgrano","540182","Comandante Andresito","54049025","Caburei","Localidad simple"
"54049030","Dos Hermanas",-26.2930794265319,-53.7569299362558,"54","Misiones","54049","General Manuel Belgrano","540175","Bernardo de Irigoyen","54049030","Dos Hermanas","Localidad simple"
"54049040","Integración",-25.7709613454189,-53.8551809061342,"54","Misiones","54049","General Manuel Belgrano","540182","Comandante Andresito","54049040","Integración","Localidad simple"
"54049045","Puerto Andresito",-25.5962144012714,-54.0024142431872,"54","Misiones","54049","General Manuel Belgrano","540182","Comandante Andresito","54049045","Puerto Andresito","Localidad simple"
"54049047","Puerto Deseado",-25.7858361976721,-54.0389539830062,"54","Misiones","54049","General Manuel Belgrano","540182","Comandante Andresito","54049047","Puerto Deseado","Localidad simple"
"54049050","San Antonio",-26.0573709006984,-53.7341195284472,"54","Misiones","54049","General Manuel Belgrano","540189","San Antonio","54049050","San Antonio","Localidad simple"
"54049043","Piñalito Norte",-25.9331145756288,-53.9329622012243,"54","Misiones","54049","General Manuel Belgrano","540189","San Antonio","54049043","Piñalito Norte","Localidad simple"
"54049020","Bernardo de Irigoyen",-26.255330197167,-53.6467345738917,"54","Misiones","54049","General Manuel Belgrano","540175","Bernardo de Irigoyen","54049020","Bernardo de Irigoyen","Localidad simple"
"54056010","El Soberbio",-27.2975110360397,-54.1975456175872,"54","Misiones","54056","Guaraní","540196","El Soberbio","54056010","El Soberbio","Localidad simple"
"54056020","Fracrán",-26.7434318690681,-54.2974537158681,"54","Misiones","54056","Guaraní","540203","San Vicente","54056020","Fracrán","Localidad simple"
"54056030","San Vicente",-26.9932973869327,-54.4866189716912,"54","Misiones","54056","Guaraní","540203","San Vicente","54056030","San Vicente","Localidad simple"
"54063020","Puerto Libertad",-25.9214681520576,-54.5843176057696,"54","Misiones","54063","Iguazú","540224","Libertad","54063020","Puerto Libertad","Localidad simple"
"54063030","Puerto Iguazú",-25.5972100979327,-54.5772230013845,"54","Misiones","54063","Iguazú","540217","Puerto Iguazú","54063030","Puerto Iguazú","Localidad simple"
"54063035","Villa Cooperativa",-25.9441957737229,-54.5449410673016,"54","Misiones","54063","Iguazú","540224","Libertad","54063035","Villa Cooperativa","Localidad simple"
"54063010","Puerto Esperanza",-26.0206123976287,-54.6152011709047,"54","Misiones","54063","Iguazú","540210","Puerto Esperanza","54063010","Puerto Esperanza","Localidad simple"
"54063040","Colonia Wanda",-25.9733663759994,-54.5630397012731,"54","Misiones","54063","Iguazú","540231","Colonia Wanda","54063040","Colonia Wanda","Localidad simple"
"54070010","Almafuerte",-27.5081178906152,-55.4035236654766,"54","Misiones","54070","Leandro N. Alem","540238","Almafuerte","54070010","Almafuerte","Localidad simple"
"54070030","Caá - Yarí",-27.4848753058028,-55.2989609617802,"54","Misiones","54070","Leandro N. Alem","540252","Caá Yarí","54070030","Caá - Yarí","Localidad simple"
"54070040","Cerro Azul",-27.6335752411436,-55.4974159907849,"54","Misiones","54070","Leandro N. Alem","540259","Cerro Azul","54070040","Cerro Azul","Localidad simple"
"54070050","Dos Arroyos",-27.6990752244098,-55.251821768321,"54","Misiones","54070","Leandro N. Alem","540266","Dos Arroyos","54070050","Dos Arroyos","Localidad simple"
"54070060","Gobernador López",-27.6663565740309,-55.2134709752043,"54","Misiones","54070","Leandro N. Alem","540273","Gobernador López","54070060","Gobernador López","Localidad simple"
"54070070","Leandro N. Alem",-27.6037316512863,-55.3236193379634,"54","Misiones","54070","Leandro N. Alem","540280","Leandro N. Alem","54070070","Leandro N. Alem","Localidad simple"
"54070080","Olegario V. Andrade",-27.5675867451281,-55.5022799674985,"54","Misiones","54070","Leandro N. Alem","540287","Olegario V. Andrade","54070080","Olegario V. Andrade","Localidad simple"
"54070090","Villa Libertad",-27.5654351670216,-55.3201980962383,"54","Misiones","54070","Leandro N. Alem","540280","Leandro N. Alem","54070090","Villa Libertad","Componente de localidad compuesta"
"54070020","Arroyo del Medio",-27.6982566288122,-55.4048641020127,"54","Misiones","54070","Leandro N. Alem","540245","Arroyo del Medio","54070020","Arroyo del Medio","Localidad simple"
"54077010","Capioví",-26.9283151085215,-55.0572981188178,"54","Misiones","54077","Libertador General San Martín","540294","Capioví","54077010","Capioví","Localidad simple"
"54077020","El Alcázar",-26.7136471487898,-54.8140478333356,"54","Misiones","54077","Libertador General San Martín","540301","El Alcázar","54077020","El Alcázar","Localidad simple"
"54077030","Garuhapé",-26.8211256600335,-54.9577454257086,"54","Misiones","54077","Libertador General San Martín","540308","Garuhapé","54077030","Garuhapé","Localidad simple"
"54077040","Mbopicuá",-26.8638507233861,-55.0451619807519,"54","Misiones","54077","Libertador General San Martín","540322","Puerto Rico","54077040","Mbopicuá","Localidad simple"
"54077060","Puerto Rico",-26.8085916829121,-55.0221268413538,"54","Misiones","54077","Libertador General San Martín","540322","Puerto Rico","54077060","Puerto Rico","Localidad simple"
"54077070","Ruiz de Montoya",-26.9704326336471,-55.0522224925892,"54","Misiones","54077","Libertador General San Martín","540329","Ruiz de Montoya","54077070","Ruiz de Montoya","Localidad simple"
"54077080","San Alberto",-26.8082370998635,-54.9894731619228,"54","Misiones","54077","Libertador General San Martín","540322","Puerto Rico","54077080","San Alberto","Localidad simple"
"54077100","San Miguel",-26.8536577633327,-54.8887924064813,"54","Misiones","54077","Libertador General San Martín","540308","Garuhapé","54077100","San Miguel","Localidad simple"
"54077110","Villa Akerman",-26.9433284445605,-55.0955190135295,"54","Misiones","54077","Libertador General San Martín","540294","Capioví","54077110","Villa Akerman","Localidad simple"
"54077120","Villa Urrutia",-26.83689267867,-54.7530630524833,"54","Misiones","54077","Libertador General San Martín","540301","El Alcázar","54077120","Villa Urrutia","Localidad simple"
"54077050","Puerto Leoni",-26.9898467972313,-55.1658809660847,"54","Misiones","54077","Libertador General San Martín","540315","Puerto Leoni","54077050","Puerto Leoni","Localidad simple"
"54077090","San Gotardo",-26.9237317461793,-55.1237542874982,"54","Misiones","54077","Libertador General San Martín","540294","Capioví","54077090","San Gotardo","Localidad simple"
"54077015","Capioviciño",-26.891713188139,-55.07223995857,"54","Misiones","54077","Libertador General San Martín","540294","Capioví","54077015","Capioviciño","Localidad simple"
"54084003","Barrio Cuatro Bocas",-26.5502969535792,-54.6805451702411,"54","Misiones","54084","Montecarlo","540343","Montecarlo","54084003","Barrio Cuatro Bocas","Localidad simple"
"54084005","Barrio Guatambu",-26.6055240102251,-54.6987074403571,"54","Misiones","54084","Montecarlo","540343","Montecarlo","54084005","Barrio Guatambu","Localidad simple"
"54084007","Bario Ita",-26.5295241003043,-54.7068049181182,"54","Misiones","54084","Montecarlo","540343","Montecarlo","54084007","Bario Ita","Localidad simple"
"54084020","Laharrague",-26.535391180415,-54.6497388775023,"54","Misiones","54084","Montecarlo","540343","Montecarlo","54084020","Laharrague","Localidad simple"
"54084030","Montecarlo",-26.5666537204477,-54.7661267981311,"54","Misiones","54084","Montecarlo","540343","Montecarlo","54084030","Montecarlo","Localidad simple"
"54084040","Piray Kilómetro 18",-26.5160511065749,-54.591418605974,"54","Misiones","54084","Montecarlo","540350","Puerto Piray","54084040","Piray Kilómetro 18","Localidad simple"
"54084060","Tarumá",-26.7174357097755,-54.7200614261087,"54","Misiones","54084","Montecarlo","540336","Caraguatay","54084060","Tarumá","Localidad simple"
"54084070","Villa Parodi",-26.498904586753,-54.6783012691844,"54","Misiones","54084","Montecarlo","540343","Montecarlo","54084070","Villa Parodi","Localidad simple"
"54084050","Puerto Piray",-26.4673386069983,-54.7180267487723,"54","Misiones","54084","Montecarlo","540350","Puerto Piray","54084050","Puerto Piray","Localidad simple"
"54084010","Caraguatay",-26.6572810012338,-54.7391795233471,"54","Misiones","54084","Montecarlo","540336","Caraguatay","54084010","Caraguatay","Localidad simple"
"54091010","Colonia Alberdi",-27.3600310986771,-55.2313265030991,"54","Misiones","54091","Oberá","540371","Colonia Alberdi","54091010","Colonia Alberdi","Localidad simple"
"54091017","Barrio Escuela 633",-27.4703554822804,-55.080588446021,"54","Misiones","54091","Oberá","540399","Oberá","54091017","Barrio Escuela 633","Componente de localidad compuesta"
"54091020","Campo Ramón",-27.4542687586517,-55.022947769629,"54","Misiones","54091","Oberá","540357","Campo Ramón","54091020","Campo Ramón","Localidad simple"
"54091030","Campo Viera",-27.3309716091006,-55.054252029246,"54","Misiones","54091","Oberá","540364","Campo Viera","54091030","Campo Viera","Localidad simple"
"54091050","General Alvear",-27.4263468328633,-55.1696034483008,"54","Misiones","54091","Oberá","540378","General Alvear","54091050","General Alvear","Localidad simple"
"54091060","Guaraní",-27.5231765026164,-55.1576461294309,"54","Misiones","54091","Oberá","540385","Guaraní","54091060","Guaraní","Localidad simple"
"54091070","Los Helechos",-27.5576633248325,-55.0762633853702,"54","Misiones","54091","Oberá","540392","Los Helechos","54091070","Los Helechos","Localidad simple"
"54091080","Oberá",-27.4867909555976,-55.1200569831231,"54","Misiones","54091","Oberá","540399","Oberá","54091080","Oberá","Componente de localidad compuesta"
"54091090","Panambí",-27.7220280431487,-54.914825780103,"54","Misiones","54091","Oberá","540406","Panambí","54091090","Panambí","Localidad simple"
"54091100","Panambí Kilómetro 8",-27.668501220684,-54.9826786595937,"54","Misiones","54091","Oberá","540406","Panambí","54091100","Panambí Kilómetro 8","Localidad simple"
"54091105","Panambi Kilómetro 15",-27.7091503252118,-54.9674495140254,"54","Misiones","54091","Oberá","540406","Panambí","54091105","Panambi Kilómetro 15","Localidad simple"
"54091120","Villa Bonita",-27.4829003439968,-54.9648326532294,"54","Misiones","54091","Oberá","540357","Campo Ramón","54091120","Villa Bonita","Localidad simple"
"54091110","San Martín",-27.4660441598294,-55.275544957396,"54","Misiones","54091","Oberá","540413","San Martín","54091110","San Martín","Localidad simple"
"54091013","Barrio Escuela 461",-27.6244592236857,-55.0394679958911,"54","Misiones","54091","Oberá","540406","Panambí","54091013","Barrio Escuela 461","Localidad simple"
"54091040","El Salto",-27.4951949137245,-55.1987279548598,"54","Misiones","54091","Oberá","540399","Oberá","54091040","El Salto","Localidad simple"
"54098010","Colonia Polana",-26.98199339199,-55.3182255547661,"54","Misiones","54098","San Ignacio","540420","Colonia Polana","54098010","Colonia Polana","Localidad simple"
"54098020","Corpus",-27.1294685196132,-55.5108314506366,"54","Misiones","54098","San Ignacio","540427","Corpus Christi","54098020","Corpus","Localidad simple"
"54098030","Domingo Savio",-27.3554312415588,-55.3384703486921,"54","Misiones","54098","San Ignacio","540462","San Ignacio","54098030","Domingo Savio","Localidad simple"
"54098040","General Urquiza",-27.1078663191089,-55.3766161319568,"54","Misiones","54098","San Ignacio","540434","General Urquiza","54098040","General Urquiza","Localidad simple"
"54098050","Gobernador Roca",-27.1900611618491,-55.4693193128167,"54","Misiones","54098","San Ignacio","540441","Gobernador Roca","54098050","Gobernador Roca","Localidad simple"
"54098060","Helvecia",-27.1097342966114,-55.3444584490473,"54","Misiones","54098","San Ignacio","540448","Hipólito Yrigoyen","54098060","Helvecia","Localidad simple"
"54098070","Hipólito Yrigoyen",-27.0857111252786,-55.287419647088,"54","Misiones","54098","San Ignacio","540448","Hipólito Yrigoyen","54098070","Hipólito Yrigoyen","Localidad simple"
"54098090","Oasis",-26.9717258466938,-55.2497234913103,"54","Misiones","54098","San Ignacio","540455","Jardín América","54098090","Oasis","Localidad simple"
"54098100","Roca Chica",-27.2142458424807,-55.4200172653031,"54","Misiones","54098","San Ignacio","540441","Gobernador Roca","54098100","Roca Chica","Localidad simple"
"54098110","San Ignacio",-27.2586133303264,-55.5389747941103,"54","Misiones","54098","San Ignacio","540462","San Ignacio","54098110","San Ignacio","Localidad simple"
"54098080","Jardín América",-27.0431587896035,-55.2270180224147,"54","Misiones","54098","San Ignacio","540455","Jardín América","54098080","Jardín América","Localidad simple"
"54098120","Santo Pipó",-27.1401239915784,-55.4085092855596,"54","Misiones","54098","San Ignacio","540469","Santo Pipó","54098120","Santo Pipó","Localidad simple"
"54098005","Barrio Tungoil",-27.1148151629571,-55.3838706211331,"54","Misiones","54098","San Ignacio","540469","Santo Pipó","54098005","Barrio Tungoil","Localidad simple"
"54105010","Florentino Ameghino",-27.6336169442892,-55.0855260883891,"54","Misiones","54105","San Javier","540476","Florentino Ameghino","54105010","Florentino Ameghino","Localidad simple"
"54105020","Itacaruaré",-27.8714005672072,-55.262214014731,"54","Misiones","54105","San Javier","540483","Itacaruaré","54105020","Itacaruaré","Localidad simple"
"54105030","Mojón Grande",-27.7120413813374,-55.1574339761207,"54","Misiones","54105","San Javier","540490","Mojón Grande","54105030","Mojón Grande","Localidad simple"
"54105040","San Javier",-27.8694801169929,-55.1387152363081,"54","Misiones","54105","San Javier","540497","San Javier","54105040","San Javier","Localidad simple"
"54112020","Paraíso",-26.6870728866734,-54.20307320559,"54","Misiones","54112","San Pedro","540504","San Pedro","54112020","Paraíso","Localidad simple"
"54112030","Piñalito Sur",-26.4261022476787,-53.8414300402392,"54","Misiones","54112","San Pedro","540504","San Pedro","54112030","Piñalito Sur","Localidad simple"
"54112040","San Pedro",-26.6255314047977,-54.1163019079878,"54","Misiones","54112","San Pedro","540504","San Pedro","54112040","San Pedro","Localidad simple"
"54112050","Tobuna",-26.4699728950091,-53.8911261704341,"54","Misiones","54112","San Pedro","540504","San Pedro","54112050","Tobuna","Localidad simple"
"54112010","Cruce Caballero",-26.5420991404552,-53.9418790885698,"54","Misiones","54112","San Pedro","540504","San Pedro","54112010","Cruce Caballero","Localidad simple"
"54119010","Alba Posse",-27.5689511294388,-54.6830406275671,"54","Misiones","54119","25 de Mayo","540511","Alba Posse","54119010","Alba Posse","Localidad simple"
"54119025","Alicia Baja",-27.4394008738681,-54.3537093089714,"54","Misiones","54119","25 de Mayo","540518","Colonia Aurora","54119025","Alicia Baja","Localidad simple"
"54119030","Colonia Aurora",-27.4737245940895,-54.5241087843641,"54","Misiones","54119","25 de Mayo","540518","Colonia Aurora","54119030","Colonia Aurora","Localidad simple"
"54119040","San Francisco de Asís",-27.4626545241134,-54.7453180693087,"54","Misiones","54119","25 de Mayo","540511","Alba Posse","54119040","San Francisco de Asís","Localidad simple"
"54119050","Santa Rita",-27.5203237893029,-54.7279076953011,"54","Misiones","54119","25 de Mayo","540511","Alba Posse","54119050","Santa Rita","Localidad simple"
"54119060","25 de Mayo",-27.3781787041061,-54.7448775164087,"54","Misiones","54119","25 de Mayo","540525","25 de Mayo","54119060","25 de Mayo","Localidad simple"
"54119020","Alicia Alta",-27.3778182174267,-54.3520980104308,"54","Misiones","54119","25 de Mayo","540518","Colonia Aurora","54119020","Alicia Alta","Localidad simple"
"58007010","Aluminé",-39.2384698023024,-70.9159526192148,"58","Neuquén","58007","Aluminé","580007","Aluminé","58007010","Aluminé","Localidad simple"
"58007015","Moquehue",-38.9421192321447,-71.3290119506701,"58","Neuquén","58007","Aluminé","580252","Villa Pehuenia","58007015","Moquehue","Localidad simple"
"58007020","Villa Pehuenia",-38.8820630274553,-71.173153212253,"58","Neuquén","58007","Aluminé","580252","Villa Pehuenia","58007020","Villa Pehuenia","Localidad simple"
"58014005","Aguada San Roque",-37.9986747837372,-68.9229085970042,"58","Neuquén","58014","Añelo","585014","Aguada San Roque","58014005","Aguada San Roque","Localidad simple"
"58014010","Añelo",-38.3542558992197,-68.7875430769173,"58","Neuquén","58014","Añelo","580014","Añelo","58014010","Añelo","Localidad simple"
"58014020","San Patricio del Chañar",-38.6258755330047,-68.2998950009414,"58","Neuquén","58014","Añelo","580021","San Patricio del Chañar","58014020","San Patricio del Chañar","Localidad simple"
"58021010","Las Coloradas",-39.5564068485178,-70.5941526618992,"58","Neuquén","58021","Catán Lil","580028","Las Coloradas","58021010","Las Coloradas","Localidad simple"
"58028010","Piedra del Águila",-40.0484794749522,-70.0750160264635,"58","Neuquén","58028","Collón Curá","580035","Piedra del Águila","58028010","Piedra del Águila","Localidad simple"
"58028020","Santo Tomás",-39.8207438462323,-70.1005173149527,"58","Neuquén","58028","Collón Curá","585035","Santo Tomás","58028020","Santo Tomás","Localidad simple"
"58035010","Arroyito",-39.0744377413596,-68.57260717998,"58","Neuquén","58035","Confluencia","580077","Senillosa","58035010","Arroyito","Localidad simple"
"58035030","Centenario",-38.8301565362765,-68.121477474246,"58","Neuquén","58035","Confluencia","","","58035030","Centenario","Localidad simple"
"58035040","Cutral Có",-38.9379112835808,-69.2293658118618,"58","Neuquén","58035","Confluencia","580049","Cutral Co","58035040","Cutral Có","Componente de localidad compuesta"
"58035060","Mari Menuco",-38.5413583095589,-68.5451697178405,"58","Neuquén","58035","Confluencia","","","58035060","Mari Menuco","Localidad simple"
"58035070","Neuquén",-38.9518288206176,-68.0591813073308,"58","Neuquén","58035","Confluencia","580056","Neuquén","58035070","Neuquén","Componente de localidad compuesta"
"58035100","Plottier",-38.9523548715081,-68.2271473892684,"58","Neuquén","58035","Confluencia","580070","Plottier","58035100","Plottier","Componente de localidad compuesta"
"58035110","Senillosa",-39.0100929190721,-68.4259759343097,"58","Neuquén","58035","Confluencia","580077","Senillosa","58035110","Senillosa","Localidad simple"
"58035120","Villa El Chocón",-39.2615472701827,-68.7789277377405,"58","Neuquén","58035","Confluencia","580084","Villa El Chocón","58035120","Villa El Chocón","Localidad simple"
"58035140","Vista Alegre Sur",-38.7730298028857,-68.135492123563,"58","Neuquén","58035","Confluencia","580091","Vista Alegre","58035140","Vista Alegre Sur","Localidad simple"
"58035090","Plaza Huincul",-38.9301238913808,-69.2077778906463,"58","Neuquén","58035","Confluencia","580063","Plaza Huincul","58035090","Plaza Huincul","Componente de localidad compuesta"
"58035130","Vista Alegre Norte",-38.7341830659577,-68.1728230299109,"58","Neuquén","58035","Confluencia","580091","Vista Alegre","58035130","Vista Alegre Norte","Localidad simple"
"58042010","Chos Malal",-37.3748278814013,-70.2763310746376,"58","Neuquén","58042","Chos Malal","580098","Chos Malal","58042010","Chos Malal","Localidad simple"
"58042020","Tricao Malal",-37.0447367305766,-70.3248202602473,"58","Neuquén","58042","Chos Malal","580105","Tricao Malal","58042020","Tricao Malal","Localidad simple"
"58042030","Villa del Curi Leuvú",-37.1311433834686,-70.3977338224825,"58","Neuquén","58042","Chos Malal","585056","Villa Curi Leuvú","58042030","Los Menucos","Localidad simple"
"58049010","Junín de los Andes",-39.9508849432704,-71.0708635804128,"58","Neuquén","58049","Huiliches","580112","Junín de los Andes","58049010","Junín de los Andes","Localidad simple"
"58056010","San Martín de los Andes",-40.1569379390652,-71.352714325536,"58","Neuquén","58056","Lácar","580119","San Martín de los Andes","58056010","San Martín de los Andes","Localidad simple"
"58056020","Villa Lago Meliquina",-40.3832509265768,-71.2533978159202,"58","Neuquén","58056","Lácar","","","58056020","Villa Lago Meliquina","Localidad simple"
"58063010","Chorriaca",-37.9368409561466,-70.1003671239064,"58","Neuquén","58063","Loncopué","585063","Chorriaca","58063010","Chorriaca","Localidad simple"
"58063020","Loncopué",-38.0730896222648,-70.6144465904644,"58","Neuquén","58063","Loncopué","580126","Loncopué","58063020","Loncopué","Localidad simple"
"58070010","Villa La Angostura",-40.7629958391558,-71.6410019215706,"58","Neuquén","58070","Los Lagos","580133","Villa La Angostura","58070010","Villa La Angostura","Localidad simple"
"58070020","Villa Traful",-40.6543581089371,-71.4000391676733,"58","Neuquén","58070","Los Lagos","585070","Villa Traful","58070020","Villa Traful","Localidad simple"
"58077010","Andacollo",-37.1797450451293,-70.6699597964992,"58","Neuquén","58077","Minas","580140","Andacollo","58077010","Andacollo","Localidad simple"
"58077030","Las Ovejas",-36.9889729158681,-70.7495207912724,"58","Neuquén","58077","Minas","580154","Las Ovejas","58077030","Las Ovejas","Localidad simple"
"58077040","Los Miches",-37.2054440051563,-70.8192231954535,"58","Neuquén","58077","Minas","580161","Los Miches","58077040","Los Miches","Localidad simple"
"58077050","Manzano Amargo",-36.7530915276015,-70.7632138580449,"58","Neuquén","58077","Minas","585084","Manzano Amargo","58077050","Manzano Amargo","Localidad simple"
"58077070","Villa del Nahueve",-37.1202804965414,-70.7700196350578,"58","Neuquén","58077","Minas","585098","Villa del Nahueve","58077070","Los Carrizos","Localidad simple"
"58077020","Huinganco",-37.1607374099253,-70.6240915033899,"58","Neuquén","58077","Minas","580147","Huinganco","58077020","Huinganco","Localidad simple"
"58077060","Varvarco",-36.8547881517533,-70.6781519736701,"58","Neuquén","58077","Minas","585091","Varvarco - Invernada Vieja","58077060","Varvarco","Localidad simple"
"58084010","Caviahue",-37.8710797021714,-71.0550582533005,"58","Neuquén","58084","Ñorquín","580168","Caviahue - Copahue","58084010","Caviahue","Localidad simple"
"58084020","Copahue",-37.8188587997186,-71.0987785990263,"58","Neuquén","58084","Ñorquín","580168","Caviahue - Copahue","58084020","Copahue","Localidad simple"
"58084030","El Cholar",-37.4414810363417,-70.6454455897046,"58","Neuquén","58084","Ñorquín","580175","El Cholar","58084030","El Cholar","Localidad simple"
"58084040","El Huecú",-37.6449076961031,-70.5810247987594,"58","Neuquén","58084","Ñorquín","580182","El Huecú","58084040","El Huecú","Localidad simple"
"58084050","Taquimilán",-37.517446617969,-70.2487572746331,"58","Neuquén","58084","Ñorquín","","","58084050","Taquimilán","Localidad simple"
"58091010","Barrancas",-36.821283998305,-69.9152842865671,"58","Neuquén","58091","Pehuenches","580196","Barrancas","58091010","Barrancas","Localidad simple"
"58091020","Buta Ranquil",-37.0516079001953,-69.8777949183135,"58","Neuquén","58091","Pehuenches","580203","Buta Ranquil","58091020","Buta Ranquil","Localidad simple"
"58091040","Rincón de los Sauces",-37.3901794870084,-68.9251875598311,"58","Neuquén","58091","Pehuenches","580210","Rincón de los Sauces","58091040","Rincón de los Sauces","Localidad simple"
"58091030","Octavio Pico",-37.5896262003336,-68.258276272983,"58","Neuquén","58091","Pehuenches","585105","Octavio Pico","58091030","Octavio Pico","Localidad simple"
"58098005","El Sauce",-39.4798147468487,-69.5311486475001,"58","Neuquén","58098","Picún Leufú","585112","El Sauce","58098005","El Sauce","Localidad simple"
"58098010","Paso Aguerre",-39.338783703078,-69.8435966962213,"58","Neuquén","58098","Picún Leufú","585119","Paso Aguerre","58098010","Paso Aguerre","Localidad simple"
"58098020","Picún Leufú",-39.5186278649278,-69.2910611349608,"58","Neuquén","58098","Picún Leufú","580217","Picún Leufú","58098020","Picún Leufú","Localidad simple"
"58105010","Bajada del Agrio",-38.4074381401439,-70.0331055913877,"58","Neuquén","58105","Picunches","580224","Bajada del Agrio","58105010","Bajada del Agrio","Localidad simple"
"58105020","La Buitrera",-38.5522303881069,-70.3694309610101,"58","Neuquén","58105","Picunches","580231","Las Lajas","58105020","La Buitrera","Localidad simple"
"58105030","Las Lajas",-38.5234149456937,-70.361640644378,"58","Neuquén","58105","Picunches","580231","Las Lajas","58105030","Las Lajas","Localidad simple"
"58105040","Quili Malal",-38.3261499357308,-69.8135410990433,"58","Neuquén","58105","Picunches","585126","Quili Malal","58105040","Quili Malal","Localidad simple"
"58112010","Los Catutos",-38.8373560898983,-70.1984176324513,"58","Neuquén","58112","Zapala","585140","Los Catutos","58112010","Los Catutos","Localidad simple"
"58112020","Mariano Moreno",-38.7613362550646,-70.0363596617265,"58","Neuquén","58112","Zapala","580238","Mariano Moreno","58112020","Mariano Moreno","Localidad simple"
"58112030","Ramón M. Castro",-38.8643297107263,-69.7446960918835,"58","Neuquén","58112","Zapala","585147","Ramón M. Castro","58112030","Ramón M. Castro","Localidad simple"
"62007010","Bahía Creek",-41.0831999241352,-63.9326015992993,"62","Río Negro","62007","Adolfo Alsina","620014","Viedma","62007010","Bahía Creek","Localidad simple"
"62007020","El Cóndor",-41.0412857501304,-62.829010313718,"62","Río Negro","62007","Adolfo Alsina","620014","Viedma","62007020","El Cóndor","Localidad simple"
"62007040","Guardia Mitre",-40.4257188413796,-63.6722545155244,"62","Río Negro","62007","Adolfo Alsina","620007","Guardia Mitre","62007040","Guardia Mitre","Localidad simple"
"62007050","La Lobería",-41.1527268091278,-63.1254161554067,"62","Río Negro","62007","Adolfo Alsina","620014","Viedma","62007050","La Lobería","Localidad simple"
"62007060","Loteo Costa de Río",-40.8698040115554,-62.920389148668,"62","Río Negro","62007","Adolfo Alsina","620014","Viedma","62007060","Loteo Costa de Río","Localidad simple"
"62007080","San Javier",-40.7497987732917,-63.2671141099008,"62","Río Negro","62007","Adolfo Alsina","","","62007080","San Javier","Localidad simple"
"62014090","Pomona",-39.4870461345692,-65.6107963481982,"62","Río Negro","62014","Avellaneda","620063","Pomona","62014090","Pomona","Localidad simple"
"62007090","Viedma",-40.8083677299022,-62.9949287297467,"62","Río Negro","62007","Adolfo Alsina","620014","Viedma","62007090","Viedma","Componente de localidad compuesta"
"62007030","El Juncal",-40.8074060552697,-63.1232809499307,"62","Río Negro","62007","Adolfo Alsina","620014","Viedma","62007030","El Juncal","Localidad simple"
"62007070","Pozo Salado",-41.0127515398258,-64.162498025301,"62","Río Negro","62007","Adolfo Alsina","","","62007070","Pozo Salado","Localidad simple"
"62014010","Barrio Unión",-39.1654073093272,-66.1464170355283,"62","Río Negro","62014","Avellaneda","620021","Chimpay","62014010","Barrio Unión","Localidad simple"
"62014020","Chelforó",-39.0877181475492,-66.5207520123842,"62","Río Negro","62014","Avellaneda","","","62014020","Chelforó","Localidad simple"
"62014030","Chimpay",-39.1653983018603,-66.1464170168538,"62","Río Negro","62014","Avellaneda","620021","Chimpay","62014030","Chimpay","Localidad simple"
"62014050","Coronel Belisle",-39.1867661859205,-65.9547936228308,"62","Río Negro","62014","Avellaneda","620035","Coronel Belisle","62014050","Coronel Belisle","Localidad simple"
"62014060","Darwin",-39.2029544202193,-65.7397556742309,"62","Río Negro","62014","Avellaneda","620042","Darwin","62014060","Darwin","Localidad simple"
"62014070","Lamarque",-39.4251540539646,-65.7021450626275,"62","Río Negro","62014","Avellaneda","620049","Lamarque","62014070","Lamarque","Localidad simple"
"62014080","Luis Beltrán",-39.3107059233852,-65.7635638055831,"62","Río Negro","62014","Avellaneda","620056","Luis Beltrán","62014080","Luis Beltrán","Localidad simple"
"62014040","Choele Choel",-39.2963553874707,-65.6576786757775,"62","Río Negro","62014","Avellaneda","620028","Choele Choel","62014040","Choele Choel","Localidad simple"
"62021020","Colonia Suiza",-41.09453426104,-71.5086139742413,"62","Río Negro","62021","Bariloche","620077","San Carlos de Bariloche","62021020","Colonia Suiza","Localidad simple"
"62021040","El Foyel",-41.6539003705609,-71.4600848199919,"62","Río Negro","62021","Bariloche","","","62021040","El Foyel","Localidad simple"
"62021047","Mallín Ahogado",-41.8396332751023,-71.504412388147,"62","Río Negro","62021","Bariloche","620070","El Bolsón","62021047","Mallín Ahogado","Localidad simple"
"62021050","Río Villegas",-41.5778559460433,-71.5025131748524,"62","Río Negro","62021","Bariloche","","","62021050","Río Villegas","Localidad simple"
"62021060","San Carlos de Bariloche",-41.1341966851001,-71.3109583115248,"62","Río Negro","62021","Bariloche","620077","San Carlos de Bariloche","62021060","San Carlos de Bariloche","Localidad simple"
"62021110","Villa Mascardi",-41.349553642129,-71.5090416296635,"62","Río Negro","62021","Bariloche","","","62021110","Villa Mascardi","Localidad simple"
"62021080","Villa Catedral",-41.1676214987138,-71.4402137272645,"62","Río Negro","62021","Bariloche","620077","San Carlos de Bariloche","62021080","Villa Catedral","Localidad simple"
"62021030","El Bolsón",-41.9650216282198,-71.5343635899288,"62","Río Negro","62021","Bariloche","620070","El Bolsón","62021030","El Bolsón","Localidad simple"
"62028020","General Conesa",-40.1061860032175,-64.4530141062483,"62","Río Negro","62028","Conesa","620084","General Conesa","62028020","General Conesa","Localidad simple"
"62028030","Barrio Planta Compresora de Gas",-40.0619299273077,-64.4748544269681,"62","Río Negro","62028","Conesa","","","62028030","Barrio Planta Compresora de Gas","Localidad simple"
"62028010","Barrio Colonia Conesa",-40.1510359482702,-64.348591808395,"62","Río Negro","62028","Conesa","620084","General Conesa","62028010","Barrio Colonia Conesa","Localidad simple"
"62035020","Cerro Policía",-39.7262745016586,-68.4915046626026,"62","Río Negro","62035","El Cuy","","","62035020","Cerro Policía","Localidad simple"
"62035050","Mencué",-40.4236413174781,-69.6145274110286,"62","Río Negro","62035","El Cuy","","","62035050","Mencué","Localidad simple"
"62035060","Naupa Huen",-39.8302247442401,-69.5091240710262,"62","Río Negro","62035","El Cuy","","","62035060","Naupa Huen","Localidad simple"
"62035040","Las Perlas",-38.9822524329298,-68.1497547494469,"62","Río Negro","62035","El Cuy","620133","Cipolletti","62035040","Las Perlas","Localidad simple"
"62035080","Valle Azul",-39.15631230322,-66.7875534586849,"62","Río Negro","62035","El Cuy","","","62035080","Valle Azul","Localidad simple"
"62035010","Aguada Guzmán",-39.9818557602581,-68.8738678875398,"62","Río Negro","62035","El Cuy","","","62035010","Aguada Guzmán","Localidad simple"
"62035070","Paso Córdova",-39.1138585167736,-67.6266340989681,"62","Río Negro","62035","El Cuy","620161","General Roca","62035070","Paso Córdova","Componente de localidad compuesta"
"62035030","El Cuy",-39.9260942582871,-68.3427538524034,"62","Río Negro","62035","El Cuy","","","62035030","El Cuy","Localidad simple"
"62042570","Villa San Isidro",-38.7066953758787,-68.173093820289,"62","Río Negro","62042","General Roca","620098","Campo Grande","62042570","Villa San Isidro","Localidad simple"
"62042490","Paso Córdova",-39.106782381166,-67.6273702123931,"62","Río Negro","62042","General Roca","620161","General Roca","62042490","Paso Córdova","Componente de localidad compuesta"
"62042430","General Enrique Godoy",-39.0784477162384,-67.15745191765,"62","Río Negro","62042","General Roca","620147","General Enrique Godoy","62042430","General Enrique Godoy","Localidad simple"
"62042160","Barrio Guerrico",-39.0173211191915,-67.7184353319822,"62","Río Negro","62042","General Roca","620091","Allen","62042160","Barrio Guerrico","Localidad simple"
"62042350","Barrio Unión",-38.9684284506723,-67.9476443682529,"62","Río Negro","62042","General Roca","620154","General Fernández Oro","62042350","Barrio Unión","Localidad simple"
"62042390","Cinco Saltos",-38.8275607470769,-68.0661681331473,"62","Río Negro","62042","General Roca","620126","Cinco Saltos","62042390","Cinco Saltos","Localidad simple"
"62042250","Barrio Mar del Plata",-39.089348457068,-67.6729446575252,"62","Río Negro","62042","General Roca","620161","General Roca","62042250","Barrio Mar del Plata","Localidad simple"
"62042280","Barrio Norte",-38.8673950930107,-68.0186862161727,"62","Río Negro","62042","General Roca","620133","Cipolletti","62042280","Barrio Norte","Localidad simple"
"62042215","Barrio La Herradura",-39.0418057948641,-67.7814824165227,"62","Río Negro","62042","General Roca","620091","Allen","62042215","Barrio La Herradura","Localidad simple"
"62042120","Barrio El Labrador",-38.666885675111,-68.2429385491456,"62","Río Negro","62042","General Roca","620098","Campo Grande","62042120","Barrio El Labrador","Localidad simple"
"62042147","Barrio Fátima",-39.057331691434,-67.4727795799436,"62","Río Negro","62042","General Roca","620112","Cervantes","62042147","Barrio Fátima","Localidad simple"
"62042090","Barrio Costa Este",-39.0291854030259,-67.8108422422004,"62","Río Negro","62042","General Roca","620091","Allen","62042090","Barrio Costa Este","Localidad simple"
"62042010","Allen",-38.9795106570665,-67.8280213981642,"62","Río Negro","62042","General Roca","620091","Allen","62042010","Allen","Localidad simple"
"62042480","Mainqué",-39.0642453397001,-67.3056448500527,"62","Río Negro","62042","General Roca","620175","Mainqué","62042480","Mainqué","Localidad simple"
"62042340","Barrio Santa Rita",-39.126374176646,-67.1027376582618,"62","Río Negro","62042","General Roca","620182","Villa Regina","62042340","Barrio Santa Rita","Localidad simple"
"62042265","Barrio Moño Azul",-39.1358482496252,-66.8947969646409,"62","Río Negro","62042","General Roca","620119","Chichinales","62042265","Barrio Moño Azul","Localidad simple"
"62042115","Barrio Destacamento",-37.693024347548,-67.8702811060823,"62","Río Negro","62042","General Roca","","","62042115","Barrio Destacamento","Localidad simple"
"62042245","Barrio Luisillo",-39.0561994631057,-67.3450893502782,"62","Río Negro","62042","General Roca","620175","Mainqué","62042245","Barrio Luisillo","Localidad simple"
"62042020","Paraje Arroyón (Bajo San Cayetano)",-38.7264589248251,-68.0411666177684,"62","Río Negro","62042","General Roca","","","62042020","Paraje Arroyón (Bajo San Cayetano)","Localidad simple"
"62042040","Barrio Blanco",-39.0352780689805,-67.7930920348891,"62","Río Negro","62042","General Roca","620091","Allen","62042040","Barrio Blanco","Localidad simple"
"62042060","Barrio Calle Ciega Nº 6",-39.0498564176731,-67.7368040693745,"62","Río Negro","62042","General Roca","620091","Allen","62042060","Barrio Calle Ciega Nº 6","Localidad simple"
"62042110","Barrio Costa Oeste",-39.0280740237134,-67.8406950461602,"62","Río Negro","62042","General Roca","620091","Allen","62042110","Barrio Costa Oeste","Localidad simple"
"62042130","Barrio El Maruchito",-38.9962824951285,-67.761806412236,"62","Río Negro","62042","General Roca","620091","Allen","62042130","Barrio El Maruchito","Localidad simple"
"62042150","Barrio Frontera",-39.0742722730058,-67.7058001231834,"62","Río Negro","62042","General Roca","620091","Allen","62042150","Barrio Frontera","Localidad simple"
"62042240","Puente Cero",-39.0291165560448,-67.4996773695915,"62","Río Negro","62042","General Roca","620112","Cervantes","62042240","Puente Cero","Localidad simple"
"62042260","Barrio María Elvira",-38.9916083100859,-67.9647603580476,"62","Río Negro","62042","General Roca","620133","Cipolletti","62042260","Barrio María Elvira","Localidad simple"
"62042297","Barrio Pinar",-37.67953385597,-67.8736968529445,"62","Río Negro","62042","General Roca","","","62042297","Barrio Pinar","Localidad simple"
"62042170","Barrio Isla 10",-38.9954760120136,-67.9179936315822,"62","Río Negro","62042","General Roca","620154","General Fernández Oro","62042170","Barrio Isla 10","Localidad simple"
"62042335","Barrio Santa Lucia",-39.0335183413618,-67.2986956548361,"62","Río Negro","62042","General Roca","620175","Mainqué","62042335","Barrio Santa Lucia","Localidad simple"
"62042360","Catriel",-37.8755209776688,-67.7945106064883,"62","Río Negro","62042","General Roca","620105","Catriel","62042360","Catriel","Localidad simple"
"62042400","Cipolletti",-38.9387847712843,-67.9955026798985,"62","Río Negro","62042","General Roca","620133","Cipolletti","62042400","Cipolletti","Componente de localidad compuesta"
"62042440","General Fernández Oro",-38.9541210674842,-67.9292262677881,"62","Río Negro","62042","General Roca","620154","General Fernández Oro","62042440","General Fernández Oro","Localidad simple"
"62042450","General Roca",-39.0268198469087,-67.5748364925931,"62","Río Negro","62042","General Roca","620161","General Roca","62042450","General Roca","Localidad simple"
"62042460","Ingeniero Luis A. Huergo",-39.0732400150114,-67.2386838192488,"62","Río Negro","62042","General Roca","620168","Ingeniero Huergo","62042460","Ingeniero Luis A. Huergo","Localidad simple"
"62042500","Península Ruca Co",-38.7017015723766,-68.0282330316556,"62","Río Negro","62042","General Roca","","","62042500","Península Ruca Co","Localidad simple"
"62042530","Villa Alberdi",-39.1286196204352,-67.0467722039266,"62","Río Negro","62042","General Roca","620182","Villa Regina","62042530","Villa Alberdi","Localidad simple"
"62042550","Villa Manzano",-38.6806163888128,-68.2160229591889,"62","Río Negro","62042","General Roca","620098","Campo Grande","62042550","Villa Manzano","Localidad simple"
"62042030","Barda del Medio",-38.7256354253736,-68.1558950224181,"62","Río Negro","62042","General Roca","620140","Contralmirante Cordero","62042030","Barda del Medio","Localidad simple"
"62042070","Barrio Canale",-39.0688510130191,-67.6385494606629,"62","Río Negro","62042","General Roca","620161","General Roca","62042070","Barrio Canale","Localidad simple"
"62042080","Barrio Chacra Monte",-39.051502733983,-67.6357342041005,"62","Río Negro","62042","General Roca","620161","General Roca","62042080","Barrio Chacra Monte","Localidad simple"
"62042050","Barrio Calle Ciega Nº 10",-39.0222796733538,-67.8034178503475,"62","Río Negro","62042","General Roca","620091","Allen","62042050","Barrio Calle Ciega Nº 10","Localidad simple"
"62042140","Barrio El Petróleo",-39.0623790184,-67.5115760033591,"62","Río Negro","62042","General Roca","620161","General Roca","62042140","Barrio El Petróleo","Localidad simple"
"62042143","Barrio Emergente",-39.0012855325161,-67.8488191682658,"62","Río Negro","62042","General Roca","620091","Allen","62042143","Barrio Emergente","Localidad simple"
"62042200","Barrio La Costa",-39.0922864206975,-67.2033567124145,"62","Río Negro","62042","General Roca","620168","Ingeniero Huergo","62042200","Barrio La Costa","Localidad simple"
"62042210","Barrio La Defensa",-39.0311244914853,-67.3872959884555,"62","Río Negro","62042","General Roca","620112","Cervantes","62042210","Barrio La Defensa","Localidad simple"
"62042180","Barrio La Barda",-39.0508013447524,-67.2174614049349,"62","Río Negro","62042","General Roca","620168","Ingeniero Huergo","62042180","Barrio La Barda","Localidad simple"
"62042310","Barrio Porvenir",-39.0445559112221,-67.4569473106559,"62","Río Negro","62042","General Roca","620112","Cervantes","62042310","Barrio Porvenir","Localidad simple"
"62042370","Cervantes",-39.0539613200444,-67.3941569689867,"62","Río Negro","62042","General Roca","620112","Cervantes","62042370","Cervantes","Localidad simple"
"62042380","Chichinales",-39.1147484657102,-66.9422501914151,"62","Río Negro","62042","General Roca","620119","Chichinales","62042380","Chichinales","Localidad simple"
"62042410","Contralmirante Cordero",-38.7577417447038,-68.0996683068466,"62","Río Negro","62042","General Roca","620140","Contralmirante Cordero","62042410","Contralmirante Cordero","Localidad simple"
"62042420","Ferri",-38.887942831715,-68.0075247555099,"62","Río Negro","62042","General Roca","620133","Cipolletti","62042420","Ferri","Localidad simple"
"62042470","Ingeniero Otto Krause",-39.1072352864144,-66.9981167180275,"62","Río Negro","62042","General Roca","620119","Chichinales","62042470","Ingeniero Otto Krause","Localidad simple"
"62042520","Sargento Vidal",-38.6863741230316,-68.1586143038437,"62","Río Negro","62042","General Roca","620098","Campo Grande","62042520","Sargento Vidal","Localidad simple"
"62042560","Villa Regina",-39.0945575983673,-67.0823954434488,"62","Río Negro","62042","General Roca","620182","Villa Regina","62042560","Villa Regina","Localidad simple"
"62042540","Villa del Parque",-39.1261382167373,-66.9974583487052,"62","Río Negro","62042","General Roca","620119","Chichinales","62042540","Villa del Parque","Localidad simple"
"62049040","Prahuaniyeu",-41.3380827367485,-67.9050859572782,"62","Río Negro","62049","9 de Julio","","","62049040","Prahuaniyeu","Localidad simple"
"62049070","Yaminué",-40.9774919517648,-67.1923486036181,"62","Río Negro","62049","9 de Julio","","","62049070","Yaminué","Localidad simple"
"62049010","Comicó",-41.0706957526207,-67.4780683827772,"62","Río Negro","62049","9 de Julio","","","62049010","Comicó","Localidad simple"
"62049050","Sierra Colorada",-40.5873766177123,-67.7556041505321,"62","Río Negro","62049","9 de Julio","620196","Sierra Colorada","62049050","Sierra Colorada","Localidad simple"
"62049060","Treneta",-41.1743562364152,-66.994598340417,"62","Río Negro","62049","9 de Julio","","","62049060","Treneta","Localidad simple"
"62049030","Ministro Ramos Mexía",-40.5070369086998,-67.2606154349799,"62","Río Negro","62049","9 de Julio","620189","Ministro Ramos Mexía","62049030","Ministro Ramos Mexía","Localidad simple"
"62049020","Cona Niyeu",-41.8655897632696,-66.9386596766742,"62","Río Negro","62049","9 de Julio","","","62049020","Cona Niyeu","Localidad simple"
"62056020","Mamuel Choique",-41.772465114111,-70.1380708730154,"62","Río Negro","62056","Ñorquinco","","","62056020","Mamuel Choique","Localidad simple"
"62056050","Río Chico",-41.7102925061921,-70.4767241368606,"62","Río Negro","62056","Ñorquinco","","","62056050","Río Chico","Localidad simple"
"62056030","Ñorquincó",-41.8489280851284,-70.8982152354122,"62","Río Negro","62056","Ñorquinco","620203","Ñorquinco","62056030","Ñorquincó","Localidad simple"
"62056040","Ojos de Agua",-41.5563512021293,-69.8693683306033,"62","Río Negro","62056","Ñorquinco","","","62056040","Ojos de Agua","Localidad simple"
"62056010","Las Bayas",-41.4560796050807,-70.6693326642513,"62","Río Negro","62056","Ñorquinco","620224","Pilcaniyeu","62056010","Las Bayas","Localidad simple"
"62063020","Río Colorado",-38.990834299905,-64.095825075091,"62","Río Negro","62063","Pichi Mahuida","620210","Río Colorado","62063020","Río Colorado","Componente de localidad compuesta"
"62063005","Barrio Esperanza",-39.0453834557247,-63.9971952923328,"62","Río Negro","62063","Pichi Mahuida","620210","Río Colorado","62063005","Barrio Esperanza","Localidad simple"
"62063010","Colonia Juliá y Echarren",-39.0345591542259,-64.0284669321478,"62","Río Negro","62063","Pichi Mahuida","620210","Río Colorado","62063010","Colonia Juliá y Echarren","Localidad simple"
"62063013","Juventud Unida",-39.0177205754275,-64.0658018261817,"62","Río Negro","62063","Pichi Mahuida","620210","Río Colorado","62063013","Juventud Unida","Localidad simple"
"62063017","Pichi Mahuida",-38.8319697473405,-64.934027800074,"62","Río Negro","62063","Pichi Mahuida","","","62063017","Pichi Mahuida","Localidad simple"
"62063060","Salto Andersen",-38.8239990547776,-64.8207309356755,"62","Río Negro","62063","Pichi Mahuida","620210","Río Colorado","62063060","Salto Andersen","Localidad simple"
"62070030","Laguna Blanca",-40.722024053459,-69.8416958969356,"62","Río Negro","62070","Pilcaniyeu","","","62070030","Laguna Blanca","Localidad simple"
"62070080","Villa Llanquín",-40.8945603208293,-71.036667452285,"62","Río Negro","62070","Pilcaniyeu","","","62070080","Villa Llanquín","Localidad simple"
"62070020","Dina Huapi",-41.0737198121699,-71.157491154477,"62","Río Negro","62070","Pilcaniyeu","620273","Dina Huapi","62070020","Dina Huapi","Localidad simple"
"62070005","Cañadón Chileno",-40.8889541326296,-70.0237673238993,"62","Río Negro","62070","Pilcaniyeu","","","62070005","Cañadón Chileno","Localidad simple"
"62070010","Comallo",-41.0300475922462,-70.2693232296497,"62","Río Negro","62070","Pilcaniyeu","620217","Comallo","62070010","Comallo","Localidad simple"
"62070040","Ñirihuau",-41.0873874578734,-71.1417849860309,"62","Río Negro","62070","Pilcaniyeu","620273","Dina Huapi","62070040","Ñirihuau","Localidad simple"
"62070060","Pilcaniyeu",-41.12263949403,-70.7215872840412,"62","Río Negro","62070","Pilcaniyeu","620224","Pilcaniyeu","62070060","Pilcaniyeu","Localidad simple"
"62070070","Pilquiniyeu del Limay",-40.5162311763236,-70.0258499771369,"62","Río Negro","62070","Pilcaniyeu","","","62070070","Pilquiniyeu del Limay","Localidad simple"
"62077060","Sierra Grande",-41.6054599449508,-65.3570237719529,"62","Río Negro","62077","San Antonio","620238","Sierra Grande","62077060","Sierra Grande","Localidad simple"
"62077020","Playas Doradas",-41.6311379036925,-65.0265965722596,"62","Río Negro","62077","San Antonio","620238","Sierra Grande","62077020","Playas Doradas","Localidad simple"
"62077005","El Empalme",-40.7115608505761,-65.0037252454271,"62","Río Negro","62077","San Antonio","620231","San Antonio Oeste","62077005","El Empalme","Localidad simple"
"62077010","Las Grutas",-40.8090870932712,-65.0880740060036,"62","Río Negro","62077","San Antonio","620231","San Antonio Oeste","62077010","Las Grutas","Localidad simple"
"62077040","Punta Colorada",-41.6944311700901,-65.0291474129519,"62","Río Negro","62077","San Antonio","620238","Sierra Grande","62077040","Punta Colorada","Localidad simple"
"62077045","Saco Viejo",-40.8152519077614,-64.7574203785112,"62","Río Negro","62077","San Antonio","620231","San Antonio Oeste","62077045","Saco Viejo","Localidad simple"
"62077050","San Antonio Oeste",-40.7301325794789,-64.9389710745023,"62","Río Negro","62077","San Antonio","620231","San Antonio Oeste","62077050","San Antonio Oeste","Localidad simple"
"62077030","Puerto San Antonio Este",-40.8043457603265,-64.8804105856761,"62","Río Negro","62077","San Antonio","620231","San Antonio Oeste","62077030","Puerto San Antonio Este","Localidad simple"
"62084050","Sierra Pailemán",-41.1905679142385,-65.9761003352289,"62","Río Negro","62084","Valcheta","","","62084050","Sierra Pailemán","Localidad simple"
"62084020","Arroyo Los Berros",-41.4347362882526,-66.1012324164542,"62","Río Negro","62084","Valcheta","","","62084020","Arroyo Los Berros","Localidad simple"
"62084060","Valcheta",-40.6763517072528,-66.1665170291686,"62","Río Negro","62084","Valcheta","620245","Valcheta","62084060","Valcheta","Localidad simple"
"62084030","Arroyo Ventana",-41.6654413470312,-66.0942475588998,"62","Río Negro","62084","Valcheta","","","62084030","Arroyo Ventana","Localidad simple"
"62084040","Nahuel Niyeu",-40.5041134790307,-66.564687553536,"62","Río Negro","62084","Valcheta","","","62084040","Nahuel Niyeu","Localidad simple"
"62084010","Aguada Cecilio",-40.8489407181873,-65.8424911267838,"62","Río Negro","62084","Valcheta","","","62084010","Aguada Cecilio","Localidad simple"
"62091040","El Caín",-41.6673609820627,-68.1613128686252,"62","Río Negro","62091","25 de Mayo","","","62091040","El Caín","Localidad simple"
"62091030","Colan Conhue",-40.6685480374546,-69.1066951692355,"62","Río Negro","62091","25 de Mayo","","","62091030","Colan Conhue","Localidad simple"
"62091010","Aguada de Guerra",-41.0678866442303,-68.3817264310118,"62","Río Negro","62091","25 de Mayo","","","62091010","Aguada de Guerra","Localidad simple"
"62091020","Clemente Onelli",-41.246399603798,-70.0327101551176,"62","Río Negro","62091","25 de Mayo","","","62091020","Clemente Onelli","Localidad simple"
"62091050","Ingeniero Jacobacci",-41.3305981447636,-69.5470636210157,"62","Río Negro","62091","25 de Mayo","620252","Ingeniero Jacobacci","62091050","Ingeniero Jacobacci","Localidad simple"
"62091090","Pilquiniyeu",-41.8317492600181,-68.3512581772267,"62","Río Negro","62091","25 de Mayo","","","62091090","Pilquiniyeu","Localidad simple"
"62091060","Los Menucos",-40.8428099773832,-68.0859200877061,"62","Río Negro","62091","25 de Mayo","620259","Los Menucos","62091060","Los Menucos","Localidad simple"
"62091070","Maquinchao",-41.2502258739988,-68.6982547651825,"62","Río Negro","62091","25 de Mayo","620266","Maquinchao","62091070","Maquinchao","Localidad simple"
"66007100","Las Lajitas",-24.7274016897704,-64.1954659803225,"66","Salta","66007","Anta","660035","Las Lajitas","66007100","Las Lajitas","Localidad simple"
"66007110","Luis Burela",-24.3886517618513,-63.9878609304749,"66","Salta","66007","Anta","660021","General Pizarro","66007110","Luis Burela","Localidad simple"
"66007140","Piquete Cabado",-24.8208499637771,-64.1776669022563,"66","Salta","66007","Anta","660028","Joaquín V. González","66007140","Piquete Cabado","Localidad simple"
"66007080","General Pizarro",-24.2275086114635,-63.9885590458909,"66","Salta","66007","Anta","660021","General Pizarro","66007080","General Pizarro","Localidad simple"
"66007040","Coronel Mollinedo",-24.5400088547596,-64.1008393435622,"66","Salta","66007","Anta","660007","Apolinario Saravia","66007040","Coronel Mollinedo","Localidad simple"
"66007010","Apolinario Saravia",-24.4307774508554,-63.9949453612836,"66","Salta","66007","Anta","660007","Apolinario Saravia","66007010","Apolinario Saravia","Localidad simple"
"66007050","Coronel Olleros",-25.100544491003,-64.2215706081892,"66","Salta","66007","Anta","660028","Joaquín V. González","66007050","Coronel Olleros","Localidad simple"
"66007060","El Quebrachal",-25.331998582486,-64.0176493740719,"66","Salta","66007","Anta","660014","El Quebrachal","66007060","El Quebrachal","Localidad simple"
"66007070","Gaona",-25.2414908191714,-64.0372176659907,"66","Salta","66007","Anta","660014","El Quebrachal","66007070","Gaona","Localidad simple"
"66007090","Joaquín V. González",-25.1173913945956,-64.1247732363283,"66","Salta","66007","Anta","660028","Joaquín V. González","66007090","Joaquín V. Gonzalez","Localidad simple"
"66007130","Nuestra Señora de Talavera",-25.4589914825356,-63.7797579155682,"66","Salta","66007","Anta","660014","El Quebrachal","66007130","Nuestra Señora de Talavera","Localidad simple"
"66007150","Río del Valle",-24.6747984174126,-64.201349993083,"66","Salta","66007","Anta","660035","Las Lajitas","66007150","Rí­o del Valle","Localidad simple"
"66007020","Ceibalito",-25.1102342981988,-64.2751997462448,"66","Salta","66007","Anta","660028","Joaquín V. González","66007020","Ceibalito","Localidad simple"
"66007030","Centro 25 de Junio",-24.9572985161978,-63.8546440512315,"66","Salta","66007","Anta","660028","Joaquín V. González","66007030","Centro 25 de Junio","Localidad simple"
"66007160","Tolloche",-25.5257008337302,-63.5243197183811,"66","Salta","66007","Anta","660014","El Quebrachal","66007160","Tolloche","Localidad simple"
"66007120","Macapillo",-25.4028263091188,-63.9809716001953,"66","Salta","66007","Anta","660014","El Quebrachal","66007120","Macapillo","Localidad simple"
"66014020","Payogasta",-25.051434869104,-66.1029451969879,"66","Salta","66014","Cachi","660049","Payogasta","66014020","Payogasta","Localidad simple"
"66014010","Cachi",-25.1199676490935,-66.1618759239973,"66","Salta","66014","Cachi","660042","Cachi","66014010","Cachi","Localidad simple"
"66021010","Cafayate",-26.0730439668796,-65.9759833821153,"66","Salta","66021","Cafayate","660056","Cafayate","66021010","Cafayate","Localidad simple"
"66021020","Tolombón",-26.1827139010479,-65.9398143353876,"66","Salta","66021","Cafayate","660056","Cafayate","66021020","Tolombón","Localidad simple"
"66028060","Villa San Lorenzo",-24.7312298797803,-65.4863144091632,"66","Salta","66028","Capital","660070","San Lorenzo","66028060","San Lorenzo","Localidad simple"
"66028050","Salta",-24.7892720320797,-65.4102860355135,"66","Salta","66028","Capital","660063","Salta","66028050","Salta","Componente de localidad compuesta"
"66035020","La Merced",-24.9669452664983,-65.4890141819133,"66","Salta","66035","Cerrillos","660084","La Merced","66035020","La Merced","Localidad simple"
"66035010","Cerrillos",-24.8958125202419,-65.4871448167518,"66","Salta","66035","Cerrillos","660077","San José de los Cerrillos","66035010","San José de los Cerrillos","Componente de localidad compuesta"
"66035030","San Agustín",-24.9959615891767,-65.4408140237448,"66","Salta","66035","Cerrillos","660084","La Merced","66035030","San Agustín","Localidad simple"
"66042010","Chicoana",-25.1026672894015,-65.5350470071057,"66","Salta","66042","Chicoana","660091","Chicoana","66042010","Chicoana","Localidad simple"
"66042003","Barrio Finca La Maroma",-25.1533211909504,-65.4393530869449,"66","Salta","66042","Chicoana","660091","Chicoana","66042003","Barrio Finca La Maroma","Localidad simple"
"66042020","El Carril",-25.0766719059947,-65.4892366816723,"66","Salta","66042","Chicoana","660098","El Carril","66042020","El Carril","Localidad simple"
"66042005","Barrio La Rotonda",-25.0826350404702,-65.5376334974606,"66","Salta","66042","Chicoana","660091","Chicoana","66042005","Barrio La Rotonda","Localidad simple"
"66042007","Barrio Santa Teresita",-25.0371194213985,-65.5721625852223,"66","Salta","66042","Chicoana","660091","Chicoana","66042007","El Mollar","Localidad simple"
"66049030","El Bordo",-24.6598844220434,-65.1064706284169,"66","Salta","66049","General Güemes","660112","El Bordo","66049030","El Bordo","Localidad simple"
"66049020","Cobos",-24.7360098822115,-65.0847261347695,"66","Salta","66049","General Güemes","660105","Campo Santo","66049020","Cobos","Localidad simple"
"66049010","Campo Santo",-24.6829667998746,-65.1049447152193,"66","Salta","66049","General Güemes","660105","Campo Santo","66049010","Campo Santo","Localidad simple"
"66049040","General Güemes",-24.6744472071112,-65.0465979199562,"66","Salta","66049","General Güemes","660119","General Güemes","66049040","General Güemes","Localidad simple"
"66056110","General Mosconi",-22.5961686078928,-63.8109993827198,"66","Salta","66056","General José de San Martín","660147","General Mosconi","66056110","General Mosconi","Localidad simple"
"66056180","Padre Lozano",-23.2184391133373,-63.844126508787,"66","Salta","66056","General José de San Martín","660133","Embarcación","66056180","Padre Lozano","Localidad simple"
"66056230","Tobantirenda",-22.1480802777509,-63.712941162492,"66","Salta","66056","General José de San Martín","660126","Aguaray","66056230","Tobantirenda","Localidad simple"
"66056070","Coronel Cornejo",-22.7369036928268,-63.8188965074591,"66","Salta","66056","General José de San Martín","660147","General Mosconi","66056070","Coronel Cornejo","Localidad simple"
"66056030","Campichuelo",-23.1108543212477,-63.9996510539197,"66","Salta","66056","General José de San Martín","660133","Embarcación","66056030","Campichuelo","Localidad simple"
"66056220","Tartagal",-22.5168183262948,-63.8056049178567,"66","Salta","66056","General José de San Martín","660161","Tartagal","66056220","Tartagal","Componente de localidad compuesta"
"66056060","Carboncito",-23.2360962246582,-63.7691129130285,"66","Salta","66056","General José de San Martín","660133","Embarcación","66056060","Carboncito","Localidad simple"
"66056010","Aguaray",-22.2448726575794,-63.7353344088724,"66","Salta","66056","General José de San Martín","660126","Aguaray","66056010","Aguaray","Localidad simple"
"66056040","Campo Durán",-22.2007319883787,-63.6757413854735,"66","Salta","66056","General José de San Martín","660126","Aguaray","66056040","Campo Durán","Localidad simple"
"66056050","Capiazuti",-22.2034290865416,-63.7196537191495,"66","Salta","66056","General José de San Martín","660126","Aguaray","66056050","Capiazuti","Localidad simple"
"66056080","Dragones",-23.2487552042526,-63.3410248586497,"66","Salta","66056","General José de San Martín","660133","Embarcación","66056080","Dragones","Localidad simple"
"66056100","General Ballivián",-22.9358906204634,-63.8612569355762,"66","Salta","66056","General José de San Martín","660140","General Ballivián","66056100","General Ballivián","Localidad simple"
"66056120","Hickman",-23.2124518011529,-63.5666066249713,"66","Salta","66056","General José de San Martín","660133","Embarcación","66056120","Hickman","Localidad simple"
"66056150","Misión Kilómetro 6",-22.5134605927105,-63.7532494365026,"66","Salta","66056","General José de San Martín","660161","Tartagal","66056150","Misión Kilómetro 6","Localidad simple"
"66056170","Pacará",-22.4500782261047,-63.4420054155019,"66","Salta","66056","General José de San Martín","660161","Tartagal","66056170","Pacará","Localidad simple"
"66056190","Piquirenda",-22.3250443530024,-63.7533063343865,"66","Salta","66056","General José de San Martín","660126","Aguaray","66056190","Piquirenda","Localidad simple"
"66056240","Tranquitas",-22.4062232772026,-63.7753621938176,"66","Salta","66056","General José de San Martín","660161","Tartagal","66056240","Tranquitas","Localidad simple"
"66056090","Embarcación",-23.2104200995716,-64.097246324042,"66","Salta","66056","General José de San Martín","660133","Embarcación","66056090","Embarcación","Localidad simple"
"66056130","Misión Chaqueña",-23.2622474523113,-63.7392865616573,"66","Salta","66056","General José de San Martín","660133","Embarcación","66056130","Misión Chaqueña","Localidad simple"
"66056200","Profesor Salvador Mazza",-22.0516570030053,-63.6918927739648,"66","Salta","66056","General José de San Martín","660154","Profesor Salvador Mazza","66056200","Profesor Salvador Mazza","Localidad simple"
"66056250","Yacuy",-22.369317329143,-63.7684790179383,"66","Salta","66056","General José de San Martín","660161","Tartagal","66056250","Yacuy","Localidad simple"
"66063010","Guachipas",-25.5226529664273,-65.5100280697885,"66","Salta","66063","Guachipas","660168","Guachipas","66063010","Guachipas","Localidad simple"
"66070030","Pueblo Viejo",-22.8362080127934,-65.2155381304384,"66","Salta","66070","Iruya","660175","Iruya","66070030","Pueblo Viejo","Localidad simple"
"66070010","Iruya",-22.7921073376729,-65.216284390102,"66","Salta","66070","Iruya","660175","Iruya","66070010","Iruya","Localidad simple"
"66070020","Isla de Cañas",-22.8991389794964,-64.665199431842,"66","Salta","66070","Iruya","660182","Isla de Cañas","66070020","Isla de Cañas","Localidad simple"
"66077020","Vaqueros",-24.6964753845552,-65.4106198661674,"66","Salta","66077","La Caldera","660196","Vaqueros","66077020","Vaqueros","Componente de localidad compuesta"
"66077010","La Caldera",-24.602693751737,-65.3806351689508,"66","Salta","66077","La Caldera","660189","La Caldera","66077010","La Caldera","Localidad simple"
"66084010","El Jardín",-26.0795683976378,-65.3930915193853,"66","Salta","66084","La Candelaria","660203","El Jardín","66084010","El Jardí­n","Localidad simple"
"66084020","El Tala",-26.1122115954183,-65.277838620521,"66","Salta","66084","La Candelaria","660210","El Tala","66084020","El Tala","Localidad simple"
"66084030","La Candelaria",-26.1273433014677,-65.0513221032961,"66","Salta","66084","La Candelaria","660217","La Candelaria","66084030","La Candelaria","Localidad simple"
"66091010","Cobres",-23.6505040789231,-66.288571501695,"66","Salta","66091","La Poma","660224","La Poma","66091010","Cobres","Localidad simple"
"66091020","La Poma",-24.7225641679454,-66.2005817047642,"66","Salta","66091","La Poma","660224","La Poma","66091020","La Poma","Localidad simple"
"66098020","Cabra Corral",-25.2706433183492,-65.332758126793,"66","Salta","66098","La Viña","660231","Coronel Moldes","66098020","Cabra Corral","Localidad simple"
"66098030","Coronel Moldes",-25.2800358172228,-65.4784601397725,"66","Salta","66098","La Viña","660231","Coronel Moldes","66098030","Coronel Moldes","Localidad simple"
"66098040","La Viña",-25.4681172244716,-65.5655609668891,"66","Salta","66098","La Viña","660238","La Viña","66098040","La Viña","Localidad simple"
"66098050","Talapampa",-25.5455605722538,-65.5561331281547,"66","Salta","66098","La Viña","660238","La Viña","66098050","Talapampa","Localidad simple"
"66098010","Ampascachi",-25.3526532165204,-65.5282293039128,"66","Salta","66098","La Viña","660238","La Viña","66098010","Ampascachi","Localidad simple"
"66105030","Santa Rosa de los Pastos Grandes",-24.4676152734848,-66.6735664588287,"66","Salta","66105","Los Andes","660245","San Antonio de los Cobres","66105030","Santa Rosa de los Pastos Grandes","Localidad simple"
"66105010","Olacapato",-24.1374864316847,-66.7188264152385,"66","Salta","66105","Los Andes","660245","San Antonio de los Cobres","66105010","Olacapato","Localidad simple"
"66105020","San Antonio de los Cobres",-24.2161442771278,-66.3210644859191,"66","Salta","66105","Los Andes","660245","San Antonio de los Cobres","66105020","San Antonio de los Cobres","Localidad simple"
"66105040","Tolar Grande",-24.5894007712769,-67.3952047436907,"66","Salta","66105","Los Andes","660252","Tolar Grande","66105040","Tolar Grande","Localidad simple"
"66112030","Lumbreras",-25.2102719965409,-64.9270459009988,"66","Salta","66112","Metán","660280","Río Piedras","66112030","Lumbreras","Localidad simple"
"66112080","San José de Orquera",-25.26615673023,-64.0758857979017,"66","Salta","66112","Metán","660259","El Galpón","66112080","San José de Orquera","Localidad simple"
"66112020","El Tunal",-25.253500783235,-64.3977848116487,"66","Salta","66112","Metán","660259","El Galpón","66112020","El Tunal","Localidad simple"
"66112010","El Galpón",-25.3806251856124,-64.6516192543826,"66","Salta","66112","Metán","660259","El Galpón","66112010","El Galpón","Localidad simple"
"66112040","San José de Metán (Est. Metán)",-25.497105506489,-64.9710598936614,"66","Salta","66112","Metán","660266","San José de Metán","66112040","San José de Metán","Localidad simple"
"66112070","Río Piedras",-25.3143250298143,-64.9103816832585,"66","Salta","66112","Metán","660280","Río Piedras","66112070","Rí­o Piedras","Localidad simple"
"66119020","Molinos",-25.4372272755286,-66.2945118021659,"66","Salta","66119","Molinos","660273","Molinos","66119020","Molinos","Localidad simple"
"66119010","La Puerta",-25.2800549545131,-66.449909388902,"66","Salta","66119","Molinos","660287","Seclantás","66119010","La Puerta","Localidad simple"
"66119030","Seclantás",-25.3317582680715,-66.2442024607425,"66","Salta","66119","Molinos","660287","Seclantás","66119030","Seclantás","Localidad simple"
"66126010","Aguas Blancas",-22.7371177944486,-64.3532509266978,"66","Salta","66126","Orán","660290","Aguas Blancas","66126010","Aguas Blancas","Localidad simple"
"66126030","El Tabacal",-23.253484702818,-64.2457599100457,"66","Salta","66126","Orán","660301","Hipólito Yrigoyen","66126030","El Tabacal","Localidad simple"
"66126020","Colonia Santa Rosa",-23.3942953452733,-64.4255785834237,"66","Salta","66126","Orán","660294","Colonia Santa Rosa","66126020","Colonia Santa Rosa","Localidad simple"
"66126040","Hipólito Yrigoyen",-23.2443431479711,-64.2765526310543,"66","Salta","66126","Orán","660301","Hipólito Yrigoyen","66126040","Hipólito Yrigoyen","Localidad simple"
"66126070","San Ramón de la Nueva Orán",-23.1360887190851,-64.3229270120273,"66","Salta","66126","Orán","660315","San Ramón de la Nueva Orán","66126070","San Ramón de la Nueva Orán","Localidad simple"
"66126060","Pichanal",-23.3245912929234,-64.2253034273741,"66","Salta","66126","Orán","660308","Pichanal","66126060","Pichanal","Localidad simple"
"66126080","Urundel",-23.5578641799717,-64.3969298334448,"66","Salta","66126","Orán","660322","Urundel","66126080","Urundel","Localidad simple"
"66133080","Santa María",-22.1536004116142,-62.8086450385732,"66","Salta","66133","Rivadavia","660343","Santa Victoria Este","66133080","Santa Marí­a","Localidad simple"
"66133010","Alto de la Sierra",-22.7399526150004,-62.4980213163215,"66","Salta","66133","Rivadavia","660343","Santa Victoria Este","66133010","Alto de la Sierra","Localidad simple"
"66133030","Coronel Juan Solá",-23.4704779613872,-62.8879058681011,"66","Salta","66133","Rivadavia","660329","Rivadavia Banda Norte","66133030","Coronel Juan Solá","Localidad simple"
"66133060","Pluma de Pato",-23.3712416497348,-63.0967227644216,"66","Salta","66133","Rivadavia","660329","Rivadavia Banda Norte","66133060","Pluma de Pato","Localidad simple"
"66133100","Santa Victoria Este",-22.2727303661931,-62.7125778795907,"66","Salta","66133","Rivadavia","660343","Santa Victoria Este","66133100","Santa Victoria Este","Localidad simple"
"66133020","Capitán Juan Pagé",-23.6883089923013,-62.3762471272295,"66","Salta","66133","Rivadavia","660329","Rivadavia Banda Norte","66133020","Capitán Juan Pagé","Localidad simple"
"66133050","Los Blancos",-23.6094152230202,-62.594788379122,"66","Salta","66133","Rivadavia","660329","Rivadavia Banda Norte","66133050","Los Blancos","Localidad simple"
"66133090","Santa Rosa",-24.0251788626155,-63.0822483282419,"66","Salta","66133","Rivadavia","660336","Rivadavia Banda Sur","66133090","Santa Rosa","Localidad simple"
"66133070","Rivadavia",-24.1849708502559,-62.8883049139516,"66","Salta","66133","Rivadavia","660336","Rivadavia Banda Sur","66133070","Rivadavia","Localidad simple"
"66133040","La Unión",-23.8968918075922,-63.197034765919,"66","Salta","66133","Rivadavia","660336","Rivadavia Banda Sur","66133040","La Unión","Localidad simple"
"66133035","Hito 1",-21.9997109682252,-62.8237382799812,"66","Salta","66133","Rivadavia","660343","Santa Victoria Este","66133035","Hito 1","Localidad simple"
"66140020","Copo Quile",-26.0112648593911,-64.6711512524288,"66","Salta","66140","Rosario de la Frontera","660350","El Potrero","66140020","Copo Quile","Localidad simple"
"66140040","El Potrero",-26.0471728158573,-64.6447831904946,"66","Salta","66140","Rosario de la Frontera","660350","El Potrero","66140040","El Potrero","Localidad simple"
"66140050","Rosario de la Frontera",-25.7985634224576,-64.973858090961,"66","Salta","66140","Rosario de la Frontera","660357","Rosario de la Frontera","66140050","Rosario de la Frontera","Localidad simple"
"66140010","Antillá",-26.1195766068482,-64.5933991690153,"66","Salta","66140","Rosario de la Frontera","660350","El Potrero","66140010","Antilla","Localidad simple"
"66140030","El Naranjo",-25.7222027140064,-65.0138320951143,"66","Salta","66140","Rosario de la Frontera","660357","Rosario de la Frontera","66140030","El Naranjo","Localidad simple"
"66140060","San Felipe",-25.7175218465835,-64.8368275276886,"66","Salta","66140","Rosario de la Frontera","660357","Rosario de la Frontera","66140060","San Felipe","Localidad simple"
"66147015","La Merced del Encón",-24.8728089227878,-65.5632223954963,"66","Salta","66147","Rosario de Lerma","660364","Campo Quijano","66147015","La Merced del Encón","Localidad simple"
"66147030","Rosario de Lerma",-24.9858260222697,-65.5783969114127,"66","Salta","66147","Rosario de Lerma","660371","Rosario de Lerma","66147030","Rosario de Lerma","Localidad simple"
"66147020","La Silleta",-24.8749760307874,-65.5904804532058,"66","Salta","66147","Rosario de Lerma","660364","Campo Quijano","66147020","La Silleta","Localidad simple"
"66147010","Campo Quijano",-24.9081333868159,-65.6429830198209,"66","Salta","66147","Rosario de Lerma","660364","Campo Quijano","66147010","Campo Quijano","Localidad simple"
"66154040","San Carlos",-25.8931666483173,-65.9290576404045,"66","Salta","66154","San Carlos","660392","San Carlos","66154040","San Carlos","Localidad simple"
"66154020","Animaná",-25.9694836427137,-65.9489952304346,"66","Salta","66154","San Carlos","660385","Animaná","66154020","Animaná","Localidad simple"
"66154010","Angastaco",-25.6909487628881,-66.1670201407088,"66","Salta","66154","San Carlos","660378","Angastaco","66154010","Angastaco","Localidad simple"
"66161010","Acoyte",-22.2838302400171,-65.0176745792452,"66","Salta","66161","Santa Victoria","660413","Santa Victoria Oeste","66161010","Acoyte","Localidad simple"
"66161030","Los Toldos",-22.2803696174661,-64.6989208869293,"66","Salta","66161","Santa Victoria","660399","Los Toldos","66161030","Los Toldos","Localidad simple"
"66161070","Santa Victoria",-22.2504442194025,-64.9647848032761,"66","Salta","66161","Santa Victoria","660413","Santa Victoria Oeste","66161070","Santa Victoria","Localidad simple"
"66161050","Poscaya",-22.454405758897,-65.0832217655474,"66","Salta","66161","Santa Victoria","660406","Nazareno","66161050","Poscaya","Localidad simple"
"66161040","Nazareno",-22.5094767962962,-65.1023763829106,"66","Salta","66161","Santa Victoria","660406","Nazareno","66161040","Nazareno","Localidad simple"
"66161060","San Marcos",-22.5154418096975,-65.1123239010026,"66","Salta","66161","Santa Victoria","660406","Nazareno","66161060","San Marcos","Localidad simple"
"66161020","Campo La Cruz",-22.4988923351335,-65.0980183274628,"66","Salta","66161","Santa Victoria","660406","Nazareno","66161020","Campo La Cruz","Localidad simple"
"70007010","El Rincón",-31.4482124626697,-68.5412030086576,"70","San Juan","70007","Albardón","700007","Albardón","70007010","El Rincón","Localidad simple"
"70007020","Villa General San Martín - Campo Afuera",-31.4397847616832,-68.5203866787607,"70","San Juan","70007","Albardón","700007","Albardón","70007020","Villa General San Martín - Campo Afuera","Localidad simple"
"70014020","Villa El Salvador - Villa Sefair",-31.4532696508238,-68.4037600798682,"70","San Juan","70014","Angaco","700014","Angaco","70014020","Villa El Salvador - Villa Sefair","Componente de localidad compuesta"
"70014010","Las Tapias",-31.4103870955492,-68.3993098452715,"70","San Juan","70014","Angaco","700014","Angaco","70014010","Las Tapias","Localidad simple"
"70021020","Calingasta",-31.3345240273629,-69.4207034984075,"70","San Juan","70021","Calingasta","700021","Calingasta","70021020","Calingasta","Localidad simple"
"70021030","Tamberías",-31.4580988587428,-69.4215526945527,"70","San Juan","70021","Calingasta","700021","Calingasta","70021030","Tamberías","Localidad simple"
"70021010","Barreal - Villa Pituil",-31.6447359774509,-69.4720779467626,"70","San Juan","70021","Calingasta","700021","Calingasta","70021010","Barreal - Villa Pituil","Localidad simple"
"70028010","San Juan",-31.5372590360945,-68.5250172058885,"70","San Juan","70028","Capital","700028","San Juan","70028010","San Juan","Componente de localidad compuesta"
"70035010","Bermejo",-31.5885052091725,-67.6569924992168,"70","San Juan","70035","Caucete","700035","Caucete","70035010","Bermejo","Localidad simple"
"70035020","Caucete",-31.6514806112797,-68.2819785105591,"70","San Juan","70035","Caucete","700035","Caucete","70035020","Caucete","Localidad simple"
"70035040","Las Talas - Los Médanos",-31.5967860975466,-68.2751787875338,"70","San Juan","70035","Caucete","700035","Caucete","70035040","Las Talas - Los Médanos","Localidad simple"
"70035060","Pie de Palo",-31.6612651782065,-68.2197001783797,"70","San Juan","70035","Caucete","700035","Caucete","70035060","Pie de Palo","Localidad simple"
"70035070","Vallecito",-31.7346405190887,-67.9828706705004,"70","San Juan","70035","Caucete","700035","Caucete","70035070","Vallecito","Localidad simple"
"70035080","Villa Independencia",-31.6245830193381,-68.3139254690866,"70","San Juan","70035","Caucete","700035","Caucete","70035080","Villa Independencia","Localidad simple"
"70035050","Marayes",-31.4634402549446,-67.3515068309781,"70","San Juan","70035","Caucete","700035","Caucete","70035050","Marayes","Localidad simple"
"70035030","El Rincón",-31.6701306073377,-68.3173058058923,"70","San Juan","70035","Caucete","700035","Caucete","70035030","El Rincón","Localidad simple"
"70042010","Chimbas",-31.4932663022506,-68.5325651897321,"70","San Juan","70042","Chimbas","700042","Chimbas","70042010","Chimbas","Componente de localidad compuesta"
"70049010","Angualasto",-30.0572474935076,-69.1741246352112,"70","San Juan","70049","Iglesia","700049","Iglesia","70049010","Angualasto","Localidad simple"
"70049050","Pismanta",-30.2802254035094,-69.2279466704071,"70","San Juan","70049","Iglesia","700049","Iglesia","70049050","Pismanta","Localidad simple"
"70049060","Rodeo",-30.2101589904976,-69.1315941819034,"70","San Juan","70049","Iglesia","700049","Iglesia","70049060","Rodeo","Localidad simple"
"70049070","Tudcum",-30.1881560407353,-69.2707387133114,"70","San Juan","70049","Iglesia","700049","Iglesia","70049070","Tudcum","Localidad simple"
"70049030","Iglesia",-30.411056912084,-69.2237020815051,"70","San Juan","70049","Iglesia","700049","Iglesia","70049030","Iglesia","Localidad simple"
"70049040","Las Flores",-30.3224851594708,-69.2043008133451,"70","San Juan","70049","Iglesia","700049","Iglesia","70049040","Las Flores","Localidad simple"
"70056060","Pampa Vieja",-30.2181396339054,-68.6881634525189,"70","San Juan","70056","Jáchal","700056","Jáchal","70056060","Pampa Vieja","Localidad simple"
"70056040","Mogna",-30.6953846370268,-68.3603076169169,"70","San Juan","70056","Jáchal","700056","Jáchal","70056040","Mogna","Localidad simple"
"70056050","Niquivil",-30.4089037874511,-68.6913470184304,"70","San Juan","70056","Jáchal","700056","Jáchal","70056050","Niquivil","Localidad simple"
"70056100","Villa Malvinas Argentinas",-30.2220742538966,-68.73390920848,"70","San Juan","70056","Jáchal","700056","Jáchal","70056100","Villa Malvinas Argentinas","Localidad simple"
"70056080","San José de Jáchal",-30.2417460758843,-68.7464564792971,"70","San Juan","70056","Jáchal","700056","Jáchal","70056080","San José de Jáchal","Localidad simple"
"70056020","Gran China",-30.1203584601818,-68.7281877169244,"70","San Juan","70056","Jáchal","700056","Jáchal","70056020","Gran China","Localidad simple"
"70056010","El Médano",-30.1270144537509,-68.6814403274428,"70","San Juan","70056","Jáchal","700056","Jáchal","70056010","El Médano","Localidad simple"
"70056070","San Isidro",-30.1412160266656,-68.7058856208801,"70","San Juan","70056","Jáchal","700056","Jáchal","70056070","San Isidro","Localidad simple"
"70056090","Tamberías",-30.183024024405,-68.7260125009239,"70","San Juan","70056","Jáchal","700056","Jáchal","70056090","Tamberías","Localidad simple"
"70056110","Villa Mercedes",-30.1083743833509,-68.7032002577732,"70","San Juan","70056","Jáchal","700056","Jáchal","70056110","Villa Mercedes","Localidad simple"
"70056030","Huaco",-30.1577546005147,-68.4824275958738,"70","San Juan","70056","Jáchal","700056","Jáchal","70056030","Huaco","Localidad simple"
"70063010","Alto de Sierra",-31.5389329666832,-68.4139211008057,"70","San Juan","70063","9 de Julio","700063","9 de Julio","70063010","Alto de Sierra","Componente de localidad compuesta"
"70063030","Las Chacritas",-31.5941935190241,-68.4005125289112,"70","San Juan","70063","9 de Julio","700063","9 de Julio","70063030","Las Chacritas","Localidad simple"
"70063040","9 de Julio",-31.6697505180199,-68.3900417098157,"70","San Juan","70063","9 de Julio","700063","9 de Julio","70063040","9 de Julio","Localidad simple"
"70070060","Villa Centenario",-31.6950552630901,-68.5732539734051,"70","San Juan","70070","Pocito","700070","Pocito","70070060","Villa Centenario","Localidad simple"
"70070010","Barrio Ruta 40",-31.8590422981302,-68.5369454492431,"70","San Juan","70070","Pocito","700070","Pocito","70070010","Barrio Ruta 40","Localidad simple"
"70070040","Villa Aberastain - La Rinconada",-31.6580425701643,-68.5794134313953,"70","San Juan","70070","Pocito","700070","Pocito","70070040","Villa Aberastain - La Rinconada","Localidad simple"
"70070020","Carpintería",-31.8192198785918,-68.5413447853139,"70","San Juan","70070","Pocito","700070","Pocito","70070020","Carpintería","Localidad simple"
"70070050","Villa Barboza - Villa Nacusi",-31.5964362379647,-68.5426327578732,"70","San Juan","70070","Pocito","700070","Pocito","70070050","Villa Barboza - Villa Nacusi","Componente de localidad compuesta"
"70070030","Quinto Cuartel",-31.6133215264759,-68.6012031059672,"70","San Juan","70070","Pocito","700070","Pocito","70070030","Quinto Cuartel","Localidad simple"
"70070005","Barrio Municipal",-31.7528007987565,-68.5531272620265,"70","San Juan","70070","Pocito","700070","Pocito","70070005","Barrio Municipal","Localidad simple"
"70077010","Rawson",-31.581887285788,-68.5421138590753,"70","San Juan","70077","Rawson","700077","Rawson","70077010","Rawson","Componente de localidad compuesta"
"70077020","Villa Bolaños (Médano de Oro)",-31.6289356743606,-68.4803773058198,"70","San Juan","70077","Rawson","700077","Rawson","70077020","Villa Bolaños (Médano de Oro)","Localidad simple"
"70084010","Rivadavia",-31.532442520036,-68.597140608392,"70","San Juan","70084","Rivadavia","700084","Rivadavia","70084010","Rivadavia","Componente de localidad compuesta"
"70091020","Dos Acequias",-31.4948565471569,-68.4168192057974,"70","San Juan","70091","San Martín","700091","San Martín","70091020","Dos Acequias","Localidad simple"
"70091060","Villa Don Bosco",-31.5538160953949,-68.3389754932514,"70","San Juan","70091","San Martín","700091","San Martín","70091060","Villa Don Bosco","Localidad simple"
"70091050","Villa Dominguito",-31.5591622983829,-68.3005020600145,"70","San Juan","70091","San Martín","700091","San Martín","70091050","Villa Dominguito","Localidad simple"
"70091070","Villa San Martín",-31.5166850316001,-68.3501194431075,"70","San Juan","70091","San Martín","700091","San Martín","70091070","Villa San Martín","Localidad simple"
"70091010","Barrio Sadop - Bella Vista",-31.5342147802431,-68.3984742648401,"70","San Juan","70091","San Martín","700091","San Martín","70091010","Barrio Sadop - Bella Vista","Localidad simple"
"70091040","Villa del Salvador",-31.4652807772362,-68.4111576880256,"70","San Juan","70091","San Martín","700091","San Martín","70091040","Villa del Salvador","Componente de localidad compuesta"
"70091030","San Isidro",-31.4871486162169,-68.3247865269356,"70","San Juan","70091","San Martín","700091","San Martín","70091030","San Isidro","Localidad simple"
"70098010","Santa Lucía",-31.5405418521848,-68.4978689301454,"70","San Juan","70098","Santa Lucía","700098","Santa Lucía","70098010","Santa Lucía","Componente de localidad compuesta"
"70105070","Los Berros",-31.952830718093,-68.6541474693073,"70","San Juan","70105","Sarmiento","700105","Sarmiento","70105070","Los Berros","Localidad simple"
"70105010","Cañada Honda",-31.9851271771981,-68.5486633086048,"70","San Juan","70105","Sarmiento","700105","Sarmiento","70105010","Cañada Honda","Localidad simple"
"70105020","Cienaguita",-32.0771610846943,-68.693531008472,"70","San Juan","70105","Sarmiento","700105","Sarmiento","70105020","Cienaguita","Localidad simple"
"70105030","Colonia Fiscal",-31.9022065585762,-68.4707132112403,"70","San Juan","70105","Sarmiento","700105","Sarmiento","70105030","Colonia Fiscal","Localidad simple"
"70105090","Punta del Médano",-31.8941833863956,-68.4187610317866,"70","San Juan","70105","Sarmiento","700105","Sarmiento","70105090","Punta del Médano","Localidad simple"
"70105100","Villa Media Agua",-31.9814468268365,-68.4266727442729,"70","San Juan","70105","Sarmiento","700105","Sarmiento","70105100","Villa Media Agua","Localidad simple"
"70105080","Pedernal",-31.9964102872788,-68.7639500317177,"70","San Juan","70105","Sarmiento","700105","Sarmiento","70105080","Pedernal","Localidad simple"
"70105040","Divisadero",-32.0072717233991,-68.6938717254481,"70","San Juan","70105","Sarmiento","700105","Sarmiento","70105040","Divisadero","Localidad simple"
"70105060","Las Lagunas",-32.0441493468729,-68.3679604563378,"70","San Juan","70105","Sarmiento","700105","Sarmiento","70105060","Las Lagunas","Localidad simple"
"70112010","Villa Ibáñez",-31.4656924248956,-68.7347142665786,"70","San Juan","70112","Ullum","700112","Ullum","70112010","Villa Ibáñez","Localidad simple"
"70119050","Usno",-30.5670735131846,-67.542055731577,"70","San Juan","70119","Valle Fértil","700119","Valle Fértil","70119050","Usno","Localidad simple"
"70119030","Chucuma",-31.0694161366037,-67.2821112425696,"70","San Juan","70119","Valle Fértil","700119","Valle Fértil","70119030","Chucuma","Localidad simple"
"70119040","Los Baldecitos",-30.2215429692094,-67.6953933621521,"70","San Juan","70119","Valle Fértil","700119","Valle Fértil","70119040","Los Baldecitos","Localidad simple"
"70119060","Villa San Agustín",-30.6346405612632,-67.4678212880051,"70","San Juan","70119","Valle Fértil","700119","Valle Fértil","70119060","Villa San Agustín","Localidad simple"
"70119020","Balde del Rosario",-30.3209383675251,-67.6968352320147,"70","San Juan","70119","Valle Fértil","700119","Valle Fértil","70119020","Balde del Rosario","Localidad simple"
"70119010","Astica",-30.9550561925081,-67.3044747814814,"70","San Juan","70119","Valle Fértil","700119","Valle Fértil","70119010","Astica","Localidad simple"
"70126010","El Encón",-32.2170572092493,-67.795767069124,"70","San Juan","70126","25 de Mayo","700126","25 de Mayo","70126010","El Encón","Localidad simple"
"70126030","Villa Borjas - La Chimbera",-31.810153687785,-68.3284492002488,"70","San Juan","70126","25 de Mayo","700126","25 de Mayo","70126030","Villa Borjas - La Chimbera","Localidad simple"
"70126050","Villa Santa Rosa",-31.7448177711736,-68.3142910795148,"70","San Juan","70126","25 de Mayo","700126","25 de Mayo","70126050","Villa Santa Rosa","Localidad simple"
"70126040","Villa El Tango",-31.7492563033392,-68.2360865403218,"70","San Juan","70126","25 de Mayo","700126","25 de Mayo","70126040","Villa El Tango","Localidad simple"
"70126020","Tupelí",-31.8361143552242,-68.3585157462202,"70","San Juan","70126","25 de Mayo","700126","25 de Mayo","70126020","Tupelí","Localidad simple"
"70133010","Villa Basilio Nievas",-31.5502100959339,-68.7313285935161,"70","San Juan","70133","Zonda","700133","Zonda","70133010","Villa Basilio Nievas","Localidad simple"
"74007030","Leandro N. Alem",-32.4862569541599,-66.053015683134,"74","San Luis","74007","Ayacucho","746007","Leandro N. Alem","74007030","Leandro N. Alem","Localidad simple"
"74007070","San Francisco del Monte de Oro",-32.6003464475718,-66.1270875511005,"74","San Luis","74007","Ayacucho","740028","San Francisco","74007070","San Francisco del Monte de Oro","Localidad simple"
"74007010","Candelaria",-32.061268220701,-65.8248152663859,"74","San Luis","74007","Ayacucho","740007","Candelaria","74007010","Candelaria","Localidad simple"
"74007050","Quines",-32.2328558717756,-65.8050366858062,"74","San Luis","74007","Ayacucho","740021","Quines","74007050","Quines","Localidad simple"
"74007040","Luján",-32.3645714536967,-65.9331579098075,"74","San Luis","74007","Ayacucho","740014","Luján","74007040","Luján","Localidad simple"
"74014010","La Calera",-32.8634331665164,-66.84952892945,"74","San Luis","74014","Belgrano","746014","La Calera","74014010","La Calera","Localidad simple"
"74014030","Villa de la Quebrada",-33.0160211646613,-66.2880566491104,"74","San Luis","74014","Belgrano","746028","Villa de la Quebrada","74014030","Villa de la Quebrada","Localidad simple"
"74014040","Villa General Roca",-32.6659413909673,-66.4507847001664,"74","San Luis","74014","Belgrano","740035","Los Manantiales","74014040","Los Manantiales","Localidad simple"
"74014020","Nogolí",-32.9186674101875,-66.3247145808181,"74","San Luis","74014","Belgrano","746021","Nogolí","74014020","Nogolí","Localidad simple"
"74021025","Estancia Grande",-33.1895978630552,-66.15259947219,"74","San Luis","74021","Coronel Pringles","740038","Estancia Grande","74021025","Estancia Grande","Localidad simple"
"74021010","Carolina",-32.8108022264174,-66.091951945009,"74","San Luis","74021","Coronel Pringles","746035","La Carolina","74021010","La Carolina","Localidad simple"
"74021020","El Trapiche",-33.1092364585919,-66.0630692408553,"74","San Luis","74021","Coronel Pringles","740039","El Trapiche","74021020","El Trapiche","Componente de localidad compuesta"
"74021060","La Toma",-33.0544967292574,-65.6213756393883,"74","San Luis","74021","Coronel Pringles","740042","La Toma","74021060","La Toma","Localidad simple"
"74021070","Riocito",-33.0947038887342,-65.9928176039042,"74","San Luis","74021","Coronel Pringles","740039","El Trapiche","74021070","Riocito","Localidad simple"
"74021090","Saladillo",-33.2024715279353,-65.8553237567561,"74","San Luis","74021","Coronel Pringles","746063","Saladillo","74021090","Saladillo","Localidad simple"
"74021030","Fraga",-33.502087069887,-65.7926477789763,"74","San Luis","74021","Coronel Pringles","746049","Fraga","74021030","Fraga","Localidad simple"
"74021050","La Florida",-33.1167316434287,-66.0034528034127,"74","San Luis","74021","Coronel Pringles","740039","El Trapiche","74021050","La Florida","Localidad simple"
"74028020","Cortaderas",-32.5052575308593,-64.9921531587797,"74","San Luis","74028","Chacabuco","746070","Cortaderas","74028020","Cortaderas","Localidad simple"
"74028010","Concarán",-32.5608764035456,-65.2445473307738,"74","San Luis","74028","Chacabuco","740049","Concarán","74028010","Concarán","Localidad simple"
"74028030","Naschel",-32.9152230325695,-65.3759277135525,"74","San Luis","74028","Chacabuco","740056","Naschel","74028030","Naschel","Localidad simple"
"74028070","Tilisarao",-32.731249917627,-65.2913406894861,"74","San Luis","74028","Chacabuco","740063","Tilisarao","74028070","Tilisarao","Localidad simple"
"74028080","Villa del Carmen",-32.9399546611855,-65.0388803352142,"74","San Luis","74028","Chacabuco","746098","Villa del Carmen","74028080","Villa del Carmen","Localidad simple"
"74028090","Villa Larca",-32.6174440906146,-64.9814612265761,"74","San Luis","74028","Chacabuco","746105","Villa Larca","74028090","Villa Larca","Localidad simple"
"74028060","San Pablo",-32.6611959365656,-65.3055836910467,"74","San Luis","74028","Chacabuco","746091","San Pablo","74028060","San Pablo","Localidad simple"
"74028050","Renca",-32.7715913314716,-65.3644688346809,"74","San Luis","74028","Chacabuco","746084","Renca","74028050","Renca","Localidad simple"
"74028040","Papagayos",-32.6751032105002,-64.9889496777423,"74","San Luis","74028","Chacabuco","746077","Papagayos","74028040","Papagayos","Localidad simple"
"74035010","Juan Jorba",-33.6131704931711,-65.2721849305877,"74","San Luis","74035","General Pedernera","746119","Juan Jorba","74035010","Juan Jorba","Localidad simple"
"74035030","Justo Daract",-33.8633740330397,-65.1780584141074,"74","San Luis","74035","General Pedernera","740070","Justo Daract","74035030","Justo Daract","Localidad simple"
"74035060","San José del Morro",-33.2123441386321,-65.491184132694,"74","San Luis","74035","General Pedernera","746112","San José del Morro","74035060","San José del Morro","Localidad simple"
"74035070","Villa Mercedes",-33.6744709836311,-65.4621977799621,"74","San Luis","74035","General Pedernera","740077","Villa Mercedes","74035070","Villa Mercedes","Localidad simple"
"74035080","Villa Reynolds",-33.72096243853,-65.3836262490669,"74","San Luis","74035","General Pedernera","","","74035080","Villa Reynolds","Localidad simple"
"74042140","Unión",-35.1537830816654,-65.9461516824094,"74","San Luis","74042","Gobernador Dupuy","740091","Unión","74042140","Unión","Localidad simple"
"74035090","Villa Salles",-33.8400399215258,-65.2135585919752,"74","San Luis","74035","General Pedernera","740070","Justo Daract","74035090","Villa Salles","Localidad simple"
"74035055","Nación Ranquel",-34.6082273006981,-65.7169849341915,"74","San Luis","74035","General Pedernera","740073","Nación Ranquel","74035055","Nación Ranquel","Localidad simple"
"74035020","Juan Llerena",-33.280768727113,-65.6139609566477,"74","San Luis","74035","General Pedernera","746126","Juan Llerena","74035020","Juan Llerena","Localidad simple"
"74035050","Lavaisse",-33.8228409250985,-65.4264919145301,"74","San Luis","74035","General Pedernera","746140","Lavaisse","74035050","Lavaisse","Localidad simple"
"74035040","La Punilla",-33.1438840647571,-65.0900570093905,"74","San Luis","74035","General Pedernera","746133","La Punilla","74035040","La Punilla","Localidad simple"
"74042100","Martín de Loyola",-35.7124530313913,-66.3538565873865,"74","San Luis","74042","Gobernador Dupuy","","","74042100","Martín de Loyola","Localidad simple"
"74042110","Nahuel Mapá",-34.7857388029787,-66.1763305637941,"74","San Luis","74042","Gobernador Dupuy","","","74042110","Nahuel Mapá","Localidad simple"
"74042010","Anchorena",-35.6757095531148,-65.4246390829684,"74","San Luis","74042","Gobernador Dupuy","746147","Anchorena","74042010","Anchorena","Localidad simple"
"74042050","Buena Esperanza",-34.7578884445232,-65.2535892029721,"74","San Luis","74042","Gobernador Dupuy","740084","Buena Esperanza","74042050","Buena Esperanza","Localidad simple"
"74042060","Fortín El Patria",-34.7724690564242,-65.5227577779025,"74","San Luis","74042","Gobernador Dupuy","746175","Fortín El Patria","74042060","Fortín El Patria","Localidad simple"
"74042070","Fortuna",-35.1307004276415,-65.3830928497664,"74","San Luis","74042","Gobernador Dupuy","746182","Fortuna","74042070","Fortuna","Localidad simple"
"74042090","Los Overos",-35.8774779166824,-66.4531758468904,"74","San Luis","74042","Gobernador Dupuy","","","74042090","Los Overos","Localidad simple"
"74042130","Nueva Galia",-35.1151810754279,-65.2587339949911,"74","San Luis","74042","Gobernador Dupuy","746196","Nueva Galia","74042130","Nueva Galia","Localidad simple"
"74042120","Navia",-34.7748629847123,-66.5864418318649,"74","San Luis","74042","Gobernador Dupuy","746189","Navia","74042120","Navia","Localidad simple"
"74042080","La Maroma",-35.2139223516326,-66.3294861143342,"74","San Luis","74042","Gobernador Dupuy","","","74042080","La Maroma","Localidad simple"
"74042040","Batavia",-34.7783462525598,-65.6900489599926,"74","San Luis","74042","Gobernador Dupuy","746168","Batavia","74042040","Batavia","Localidad simple"
"74042030","Bagual",-35.1430446239555,-65.5698831699399,"74","San Luis","74042","Gobernador Dupuy","746161","Bagual","74042030","Bagual","Localidad simple"
"74042020","Arizona",-35.725078490843,-65.3204875821848,"74","San Luis","74042","Gobernador Dupuy","746154","Arizona","74042020","Arizona","Localidad simple"
"74049040","Los Cajones",-32.0240439288572,-65.3725051927927,"74","San Luis","74049","Junín","","","74049040","Los Cajones","Localidad simple"
"74049060","Merlo",-32.3426351395134,-65.013732533825,"74","San Luis","74049","Junín","740105","Villa de Merlo","74049060","Villa de Merlo","Localidad simple"
"74049010","Carpintería",-32.4101026889389,-65.009919408714,"74","San Luis","74049","Junín","740095","Carpintería","74049010","Carpintería","Localidad simple"
"74049030","Lafinur",-32.0625819746666,-65.3501415424308,"74","San Luis","74049","Junín","","","74049030","Lafinur","Localidad simple"
"74049050","Los Molles",-32.4385997521181,-65.0097622004684,"74","San Luis","74049","Junín","746217","Los Molles","74049050","Los Molles","Localidad simple"
"74049080","Talita",-32.2489523569696,-65.5832382343239,"74","San Luis","74049","Junín","746224","Talita","74049080","Talita","Localidad simple"
"74049070","Santa Rosa del Conlara",-32.3428333476501,-65.2089058975824,"74","San Luis","74049","Junín","740098","Santa Rosa","74049070","Santa Rosa del Conlara","Localidad simple"
"74056120","Potrero de los Funes",-33.2173981922507,-66.2312695846812,"74","San Luis","74056","Juan Martín de Pueyrredón","740130","Potrero de los Funes","74056120","Potrero de los Funes","Localidad simple"
"74056130","Salinas del Bebedero",-33.5013818949778,-66.65145868425,"74","San Luis","74056","Juan Martín de Pueyrredón","746245","Balde","74056130","Salinas del Bebedero","Localidad simple"
"74056090","Jarilla",-33.3964475430666,-67.0265786063946,"74","San Luis","74056","Juan Martín de Pueyrredón","740108","Desaguadero","74056090","Jarilla","Localidad simple"
"74056010","Alto Pelado",-33.8370288220722,-66.1390733396145,"74","San Luis","74056","Juan Martín de Pueyrredón","746231","Alto Pelado","74056010","Alto Pelado","Localidad simple"
"74056050","Cazador",-33.8547706325493,-66.3690785429312,"74","San Luis","74056","Juan Martín de Pueyrredón","746280","Zanjitas","74056050","Cazador","Localidad simple"
"74056110","Mosmota",-33.6711785917479,-66.9720138521536,"74","San Luis","74056","Juan Martín de Pueyrredón","","","74056110","Mosmota","Localidad simple"
"74056150","San Luis",-33.3020864829706,-66.336854573535,"74","San Luis","74056","Juan Martín de Pueyrredón","740133","San Luis","74056150","San Luis","Componente de localidad compuesta"
"74056070","Desaguadero",-33.4060088716178,-67.14939943881,"74","San Luis","74056","Juan Martín de Pueyrredón","740108","Desaguadero","74056070","Desaguadero","Componente de localidad compuesta"
"74056160","Zanjitas",-33.8049807292467,-66.4150490433948,"74","San Luis","74056","Juan Martín de Pueyrredón","746280","Zanjitas","74056160","Zanjitas","Localidad simple"
"74056140","San Jerónimo",-33.1380492927944,-66.5240256343146,"74","San Luis","74056","Juan Martín de Pueyrredón","","","74056140","San Jerónimo","Localidad simple"
"74056060","Chosmes",-33.4039796111002,-66.8035503663637,"74","San Luis","74056","Juan Martín de Pueyrredón","","","74056060","Chosmes","Localidad simple"
"74056105","La Punta",-33.1836751359859,-66.3124809489235,"74","San Luis","74056","Juan Martín de Pueyrredón","740126","La Punta","74056105","La Punta","Localidad simple"
"74056080","El Volcán",-33.2531001469598,-66.1751613051647,"74","San Luis","74056","Juan Martín de Pueyrredón","740112","El Volcán","74056080","El Volcán","Localidad simple"
"74056100","Juana Koslay",-33.2888993309035,-66.2666359766561,"74","San Luis","74056","Juan Martín de Pueyrredón","740119","Juana Koslay","74056100","Juana Koslay","Componente de localidad compuesta"
"74056040","Beazley",-33.7574838661998,-66.6446791295088,"74","San Luis","74056","Juan Martín de Pueyrredón","746252","Beazley","74056040","Beazley","Localidad simple"
"74056030","Balde",-33.3410554332317,-66.6216972617722,"74","San Luis","74056","Juan Martín de Pueyrredón","746245","Balde","74056030","Balde","Localidad simple"
"74056020","Alto Pencoso",-33.4329324778772,-66.9259429398373,"74","San Luis","74056","Juan Martín de Pueyrredón","746238","Alto Pencoso","74056020","Alto Pencoso","Localidad simple"
"74063080","Villa de Praga",-32.5333366991568,-65.6458598602821,"74","San Luis","74063","Libertador General San Martín","746322","Villa de Praga","74063080","Villa de Praga","Localidad simple"
"74063020","Las Aguadas",-32.37588435267,-65.5011350136306,"74","San Luis","74063","Libertador General San Martín","746294","Las Aguadas","74063020","Las Aguadas","Localidad simple"
"74063060","Potrerillo",-32.6755589430921,-65.6497483616018,"74","San Luis","74063","Libertador General San Martín","","","74063060","Potrerillo","Localidad simple"
"74063070","San Martín",-32.410603795414,-65.6757116418494,"74","San Luis","74063","Libertador General San Martín","740140","San Martín","74063070","San Martín","Localidad simple"
"74063050","Paso Grande",-32.8773224104062,-65.6350549915323,"74","San Luis","74063","Libertador General San Martín","746315","Paso Grande","74063050","Paso Grande","Localidad simple"
"74063010","La Vertiente",-32.7971093636103,-65.7562953006457,"74","San Luis","74063","Libertador General San Martín","746287","La Vertiente","74063010","La Vertiente","Localidad simple"
"74063040","Las Lagunas",-32.6280580772529,-65.5485981279346,"74","San Luis","74063","Libertador General San Martín","746308","Las Lagunas","74063040","Las Lagunas","Localidad simple"
"74063030","Las Chacras",-32.5625381713775,-65.7769022962592,"74","San Luis","74063","Libertador General San Martín","746301","Las Chacras","74063030","Las Chacras","Localidad simple"
"78007010","Comandante Luis Piedrabuena",-49.985576992417,-68.9092992971819,"78","Santa Cruz","78007","Corpen Aike","","","78007010","Comandante Luis Piedrabuena","Localidad simple"
"78007020","Puerto Santa Cruz",-50.0186587486252,-68.5213642316797,"78","Santa Cruz","78007","Corpen Aike","","","78007020","Puerto Santa Cruz","Localidad simple"
"78014040","Jaramillo",-47.1840284109773,-67.1447240080037,"78","Santa Cruz","78014","Deseado","","","78014040","Jaramillo","Localidad simple"
"78014020","Cañadón Seco",-46.5615341694967,-67.6106327547081,"78","Santa Cruz","78014","Deseado","","","78014020","Cañadón Seco","Localidad simple"
"78014060","Las Heras",-46.5413135289238,-68.9322724914313,"78","Santa Cruz","78014","Deseado","","","78014060","Las Heras","Localidad simple"
"78014080","Puerto Deseado",-47.7517194088909,-65.9009487268108,"78","Santa Cruz","78014","Deseado","","","78014080","Puerto Deseado","Localidad simple"
"78014070","Pico Truncado",-46.7994201755505,-67.9578516802203,"78","Santa Cruz","78014","Deseado","","","78014070","Pico Truncado","Localidad simple"
"78014090","Tellier",-47.6490308254007,-66.0400432765073,"78","Santa Cruz","78014","Deseado","","","78014090","Tellier","Localidad simple"
"78014050","Koluel Kaike",-46.7168153931794,-68.2235809078605,"78","Santa Cruz","78014","Deseado","","","78014050","Nuestra Señora de los Dolores de Koluel Kayke","Localidad simple"
"78014010","Caleta Olivia",-46.4478465229957,-67.5227409022738,"78","Santa Cruz","78014","Deseado","","","78014010","Caleta Olivia","Localidad simple"
"78014030","Fitz Roy",-47.0263477886883,-67.2473968411481,"78","Santa Cruz","78014","Deseado","","","78014030","Fitz Roy","Localidad simple"
"78021010","El Turbio",-51.68091861252,-72.0884962680537,"78","Santa Cruz","78021","Güer Aike","","","78021010","El Turbio","Localidad simple"
"78021070","Yacimientos Río Turbio",-51.5364226395201,-72.3378549052832,"78","Santa Cruz","78021","Güer Aike","","","78021070","Yacimientos Río Turbio","Localidad simple"
"78021060","28 de Noviembre",-51.579613896166,-72.2116403934705,"78","Santa Cruz","78021","Güer Aike","","","78021060","28 de Noviembre","Localidad simple"
"78021020","Julia Dufour",-51.5472871481372,-72.2390440680909,"78","Santa Cruz","78021","Güer Aike","","","78021020","Julia Dufour","Localidad simple"
"78021050","Rospentek",-51.6653659201725,-72.1454724827851,"78","Santa Cruz","78021","Güer Aike","","","78021050","Rospentek","Localidad simple"
"78021040","Río Gallegos",-51.6234632663739,-69.2158645331237,"78","Santa Cruz","78021","Güer Aike","","","78021040","Río Gallegos","Localidad simple"
"78028020","El Chaltén",-49.3328246557123,-72.8859114198951,"78","Santa Cruz","78028","Lago Argentino","","","78028020","El Chaltén","Localidad simple"
"78028010","El Calafate",-50.3380295398274,-72.2606652422011,"78","Santa Cruz","78028","Lago Argentino","","","78028010","El Calafate","Localidad simple"
"78028030","Tres Lagos",-49.5979102036138,-71.4467467899851,"78","Santa Cruz","78028","Lago Argentino","","","78028030","Tres Lagos","Localidad simple"
"78035010","Los Antiguos",-46.5510756582751,-71.6312708108782,"78","Santa Cruz","78035","Lago Buenos Aires","","","78035010","Los Antiguos","Localidad simple"
"78035020","Perito Moreno",-46.5938169680365,-70.9299116754894,"78","Santa Cruz","78035","Lago Buenos Aires","","","78035020","Perito Moreno","Localidad simple"
"78042010","Puerto San Julián",-49.314086297116,-67.719744220642,"78","Santa Cruz","78042","Magallanes","","","78042010","Puerto San Julián","Localidad simple"
"78049010","Bajo Caracoles",-47.4431725014508,-70.9268826726691,"78","Santa Cruz","78049","Río Chico","","","78049010","Bajo Caracoles","Localidad simple"
"78049020","Gobernador Gregores",-48.7508973372058,-70.2485196596237,"78","Santa Cruz","78049","Río Chico","","","78049020","Gobernador Gregores","Localidad simple"
"78049030","Hipólito Yrigoyen",-47.5656625192158,-71.7428482472665,"78","Santa Cruz","78049","Río Chico","","","78049030","Lago Posadas","Localidad simple"
"82007040","Las Rosas",-32.4750508722115,-61.5765081663526,"82","Santa Fe","82007","Belgrano","820021","Las Rosas","82007040","Las Rosas","Localidad simple"
"82007050","Montes de Oca",-32.566379801524,-61.7684586366872,"82","Santa Fe","82007","Belgrano","822014","Montes de Oca","82007050","Montes de Oca","Localidad simple"
"82007010","Armstrong",-32.7852890711609,-61.6033099141452,"82","Santa Fe","82007","Belgrano","820007","Armstrong","82007010","Armstrong","Localidad simple"
"82007030","Las Parejas",-32.6829498578191,-61.5224490163267,"82","Santa Fe","82007","Belgrano","820014","Las Parejas","82007030","Las Parejas","Localidad simple"
"82007060","Tortugas",-32.7473970137447,-61.8209883286038,"82","Santa Fe","82007","Belgrano","822021","Tortugas","82007060","Tortugas","Localidad simple"
"82014010","Arequito",-33.144800394228,-61.469507176368,"82","Santa Fe","82014","Caseros","822028","Arequito","82014010","Arequito","Localidad simple"
"82014030","Beravebú",-33.3408431220729,-61.8620921917021,"82","Santa Fe","82014","Caseros","822042","Berabevú","82014030","Beravebú","Localidad simple"
"82014050","Casilda",-33.0446976480953,-61.1642010904025,"82","Santa Fe","82014","Caseros","820028","Casilda","82014050","Casilda","Localidad simple"
"82014090","Los Molinos",-33.1044795464708,-61.3255640507782,"82","Santa Fe","82014","Caseros","822077","Los Molinos","82014090","Los Molinos","Localidad simple"
"82014100","Los Nogales",-33.1401348565952,-61.6046539899734,"82","Santa Fe","82014","Caseros","822091","San José de la Esquina","82014100","Los Nogales","Localidad simple"
"82014110","Los Quirquinchos",-33.3748594819552,-61.7104920093924,"82","Santa Fe","82014","Caseros","822084","Los Quirquinchos","82014110","Los Quirquinchos","Localidad simple"
"82014130","Sanford",-33.1459879020981,-61.2772000921421,"82","Santa Fe","82014","Caseros","822098","Sanford","82014130","Sanford","Localidad simple"
"82028100","Godoy",-33.3671910023616,-60.5093016994803,"82","Santa Fe","82028","Constitución","822455","Godoy","82028100","Godoy","Localidad simple"
"82014020","Arteaga",-33.0926816599494,-61.7920112335548,"82","Santa Fe","82014","Caseros","822035","Arteaga","82014020","Arteaga","Localidad simple"
"82014120","San José de la Esquina",-33.1122799042506,-61.7026631156616,"82","Santa Fe","82014","Caseros","822091","San José de la Esquina","82014120","San José de la Esquina","Localidad simple"
"82014140","Villada",-33.348849210097,-61.4466203172551,"82","Santa Fe","82014","Caseros","822105","Villada","82014140","Villada","Localidad simple"
"82014080","Gödeken",-33.4003686079249,-61.844338894936,"82","Santa Fe","82014","Caseros","822070","Gödeken","82014080","Gödeken","Localidad simple"
"82014040","Bigand",-33.3740366712088,-61.1847468491116,"82","Santa Fe","82014","Caseros","822049","Bigand","82014040","Bigand","Localidad simple"
"82014070","Chañar Ladeado",-33.3261685000027,-62.035232168956,"82","Santa Fe","82014","Caseros","822063","Chañar Ladeado","82014070","Chañar Ladeado","Localidad simple"
"82014060","Chabas",-33.2458400441171,-61.3588518242623,"82","Santa Fe","82014","Caseros","822056","Chabas","82014060","Chabas","Localidad simple"
"82021120","Colonia Raquel",-30.8368344282322,-61.488042997533,"82","Santa Fe","82021","Castellanos","822196","Colonia Raquel","82021120","Colonia Raquel","Localidad simple"
"82021410","Villa San José",-31.3366658076454,-61.6215791919805,"82","Santa Fe","82021","Castellanos","822392","Villa San José","82021410","Villa San José","Localidad simple"
"82021430","Zenón Pereyra",-31.5600953152186,-61.8962362746566,"82","Santa Fe","82021","Castellanos","822406","Zenón Pereyra","82021430","Zenón Pereyra","Localidad simple"
"82021170","Estación Saguier",-31.316273169572,-61.6962090269134,"82","Santa Fe","82021","Castellanos","822336","Saguier","82021170","Estación Saguier","Localidad simple"
"82021190","Eustolia",-31.5766226542333,-61.783534186852,"82","Santa Fe","82021","Castellanos","822238","Eustolia","82021190","Eustolia","Localidad simple"
"82021210","Garibaldi",-31.649452584686,-61.8058678446262,"82","Santa Fe","82021","Castellanos","822259","Garibaldi","82021210","Garibaldi","Localidad simple"
"82021030","Ataliva",-30.9962676110821,-61.431909256734,"82","Santa Fe","82021","Castellanos","822119","Ataliva","82021030","Ataliva","Localidad simple"
"82021070","Bella Italia",-31.2832080414374,-61.4092577770354,"82","Santa Fe","82021","Castellanos","822140","Bella Italia","82021070","Bella Italia","Localidad simple"
"82021390","Vila",-31.1905304719007,-61.8329034328494,"82","Santa Fe","82021","Castellanos","822385","Vila","82021390","Vila","Localidad simple"
"82021150","Esmeralda",-31.612968990504,-61.9328722390571,"82","Santa Fe","82021","Castellanos","822217","Esmeralda","82021150","Esmeralda","Localidad simple"
"82021380","Tacural",-30.8462652966368,-61.5917489502592,"82","Santa Fe","82021","Castellanos","822371","Tacural","82021380","Tacural","Localidad simple"
"82021230","Josefina",-31.4063018966516,-61.9919561931474,"82","Santa Fe","82021","Castellanos","822280","Josefina","82021230","Josefina","Localidad simple"
"82021250","María Juana",-31.6756082195174,-61.7516795024192,"82","Santa Fe","82021","Castellanos","822294","María Juana","82021250","María Juana","Localidad simple"
"82021270","Plaza Clucellas",-31.4526809463387,-61.7067833421342,"82","Santa Fe","82021","Castellanos","822308","Plaza Clucellas","82021270","Plaza Clucellas","Localidad simple"
"82021330","San Antonio",-31.212319675124,-61.7247451186676,"82","Santa Fe","82021","Castellanos","822343","San Antonio","82021330","San Antonio","Componente de localidad compuesta"
"82021370","Susana",-31.35576004965,-61.5157799454866,"82","Santa Fe","82021","Castellanos","822364","Susana","82021370","Susana","Localidad simple"
"82021400","Villa Josefina",-31.440752582718,-62.026242839501,"82","Santa Fe","82021","Castellanos","820035","Frontera","82021400","Villa Josefina","Localidad simple"
"82021420","Virginia",-30.7395005598703,-61.3401262919996,"82","Santa Fe","82021","Castellanos","822399","Virginia","82021420","Virginia","Localidad simple"
"82021240","Lehmann",-31.1253730242692,-61.4523785759401,"82","Santa Fe","82021","Castellanos","822287","Lehmann","82021240","Lehmann","Localidad simple"
"82021310","Rafaela",-31.2526675330419,-61.4916615599108,"82","Santa Fe","82021","Castellanos","820042","Rafaela","82021310","Rafaela","Localidad simple"
"82021320","Ramona",-31.091856395804,-61.9024722865138,"82","Santa Fe","82021","Castellanos","822329","Ramona","82021320","Ramona","Localidad simple"
"82021340","San Vicente",-31.6991603621321,-61.5673740131608,"82","Santa Fe","82021","Castellanos","820045","San Vicente","82021340","San Vicente","Localidad simple"
"82021300","Pueblo Marini",-31.0387256645064,-61.8893820195361,"82","Santa Fe","82021","Castellanos","822322","Pueblo Marini","82021300","Pueblo Marini","Localidad simple"
"82021260","Nueva Lehmann",-31.118904985754,-61.515198965269,"82","Santa Fe","82021","Castellanos","822287","Lehmann","82021260","Nueva Lehmann","Localidad simple"
"82021290","Presidente Roca",-31.2121761083784,-61.6135224222095,"82","Santa Fe","82021","Castellanos","822315","Presidente Roca","82021290","Presidente Roca","Localidad simple"
"82021220","Humberto Primo",-30.8683328011905,-61.3479428371346,"82","Santa Fe","82021","Castellanos","822273","Humberto Primo","82021220","Humberto Primo","Localidad simple"
"82021080","Castellanos",-31.2088593703458,-61.7242311672893,"82","Santa Fe","82021","Castellanos","822168","Castellanos","82021080","Castellanos","Componente de localidad compuesta"
"82021180","Eusebia y Carolina",-30.9477277818981,-61.8560758566218,"82","Santa Fe","82021","Castellanos","822231","Eusebia y Carolina","82021180","Eusebia y Carolina","Localidad simple"
"82021200","Frontera",-31.4264633022883,-62.059209344983,"82","Santa Fe","82021","Castellanos","820035","Frontera","82021200","Frontera","Componente de localidad compuesta"
"82021140","Egusquiza",-31.0954544120843,-61.6279248126475,"82","Santa Fe","82021","Castellanos","822210","Egusquiza","82021140","Egusquiza","Localidad simple"
"82021090","Colonia Bicha",-30.8541295519254,-61.8495354585601,"82","Santa Fe","82021","Castellanos","822154","Colonia Bicha","82021090","Colonia Bicha","Localidad simple"
"82021160","Estación Clucellas",-31.5241082220733,-61.7183551326224,"82","Santa Fe","82021","Castellanos","822224","Estación Clucellas","82021160","Estación Clucellas","Localidad simple"
"82021100","Colonia Cello",-31.4321287986873,-61.8413750424244,"82","Santa Fe","82021","Castellanos","822175","Colonia Cello","82021100","Colonia Cello","Localidad simple"
"82021130","Coronel Fraga",-31.1744691752842,-61.917483026423,"82","Santa Fe","82021","Castellanos","822203","Coronel Fraga","82021130","Coronel Fraga","Localidad simple"
"82021110","Colonia Margarita",-31.6859924749547,-61.6477226141247,"82","Santa Fe","82021","Castellanos","822189","Colonia Margarita","82021110","Colonia Margarita","Localidad simple"
"82021060","Bauer y Sigel",-31.2715587040161,-61.9430176040882,"82","Santa Fe","82021","Castellanos","822133","Bauer y Sigel","82021060","Bauer y Sigel","Localidad simple"
"82021010","Aldao",-30.9805768820895,-61.7432530327355,"82","Santa Fe","82021","Castellanos","822147","Colonia Aldao","82021010","Aldao","Localidad simple"
"82021020","Angélica",-31.5507318167569,-61.5463385545526,"82","Santa Fe","82021","Castellanos","822112","Angélica","82021020","Angélica","Localidad simple"
"82021050","Barrios Acapulco y Veracruz",-31.4154006894239,-62.0586206059622,"82","Santa Fe","82021","Castellanos","822280","Josefina","82021050","Barrios Acapulco y Veracruz","Componente de localidad compuesta"
"82021040","Aurelia",-31.4196511955745,-61.4224618233111,"82","Santa Fe","82021","Castellanos","822126","Aurelia","82021040","Aurelia","Localidad simple"
"82021280","Plaza Saguier",-31.3242843684607,-61.6680539303171,"82","Santa Fe","82021","Castellanos","822336","Saguier","82021280","Plaza Saguier","Localidad simple"
"82021360","Sunchales",-30.945077034013,-61.5606621388413,"82","Santa Fe","82021","Castellanos","820049","Sunchales","82021360","Sunchales","Localidad simple"
"82021350","Santa Clara de Saguier",-31.3357488091457,-61.8178384862409,"82","Santa Fe","82021","Castellanos","822357","Santa Clara de Saguier","82021350","Santa Clara de Saguier","Localidad simple"
"82028030","Barrio Mitre",-33.2517230130873,-60.3888354800097,"82","Santa Fe","82028","Constitución","822490","Pavón","82028030","Barrio Mitre","Componente de localidad compuesta"
"82028140","Máximo Paz",-33.483177504226,-60.9561048192364,"82","Santa Fe","82028","Constitución","822483","Máximo Paz","82028140","Máximo Paz","Localidad simple"
"82028110","Juan B. Molina",-33.4938372185306,-60.5107844353139,"82","Santa Fe","82028","Constitución","822462","Juan B. Molina","82028110","Juan B. Molina","Localidad simple"
"82028130","La Vanguardia",-33.3579976554596,-60.6573745480685,"82","Santa Fe","82028","Constitución","822476","La Vanguardia","82028130","La Vanguardia","Localidad simple"
"82028010","Alcorta",-33.5381781092336,-61.1239279068517,"82","Santa Fe","82028","Constitución","822413","Alcorta","82028010","Alcorta","Localidad simple"
"82028050","Cañada Rica",-33.516017756468,-60.6101051449502,"82","Santa Fe","82028","Constitución","822427","Cañada Rica","82028050","Cañada Rica","Localidad simple"
"82028090","General Gelly",-33.6001762745689,-60.5979139757829,"82","Santa Fe","82028","Constitución","822448","General Gelly","82028090","General Gelly","Localidad simple"
"82028170","Peyrano",-33.5377799155476,-60.7997182059749,"82","Santa Fe","82028","Constitución","822504","Peyrano","82028170","Peyrano","Localidad simple"
"82028070","Empalme Villa Constitución",-33.2611690764412,-60.3796047256777,"82","Santa Fe","82028","Constitución","822441","Empalme Villa Constitución","82028070","Empalme Villa Constitución","Componente de localidad compuesta"
"82028040","Bombal",-33.4579749568213,-61.3182115413674,"82","Santa Fe","82028","Constitución","822420","Bombal","82028040","Bombal","Localidad simple"
"82028080","Firmat",-33.4390719432329,-61.4821108501604,"82","Santa Fe","82028","Constitución","820063","Firmat","82028080","Firmat","Componente de localidad compuesta"
"82028060","Cepeda",-33.3981788372399,-60.6239149068104,"82","Santa Fe","82028","Constitución","822434","Cepeda","82028060","Cepeda","Localidad simple"
"82028150","Pavón",-33.242900662257,-60.4071124151166,"82","Santa Fe","82028","Constitución","822490","Pavón","82028150","Pavón","Localidad simple"
"82028120","Juncal",-33.7162803631951,-61.050912152287,"82","Santa Fe","82028","Constitución","822469","Juncal","82028120","Juncal","Localidad simple"
"82028020","Barrio Arroyo del Medio",-33.2836144223814,-60.2714238037976,"82","Santa Fe","82028","Constitución","820056","Villa Constitución","82028020","Barrio Arroyo del Medio","Componente de localidad compuesta"
"82028210","Stephenson",-33.4143409934794,-60.5594232427324,"82","Santa Fe","82028","Constitución","822434","Cepeda","82028210","Stephenson","Localidad simple"
"82028220","Theobald",-33.31097736103,-60.3123732147956,"82","Santa Fe","82028","Constitución","822532","Theobald","82028220","Theobald","Localidad simple"
"82028230","Villa Constitución",-33.2272700267226,-60.3297498159995,"82","Santa Fe","82028","Constitución","820056","Villa Constitución","82028230","Villa Constitución","Localidad simple"
"82028200","Sargento Cabral",-33.4313349259189,-60.6292865658996,"82","Santa Fe","82028","Constitución","822525","Sargento Cabral","82028200","Sargento Cabral","Localidad simple"
"82028190","Santa Teresa",-33.4366466949144,-60.7904875487752,"82","Santa Fe","82028","Constitución","822518","Santa Teresa","82028190","Santa Teresa","Localidad simple"
"82028180","Rueda",-33.335935157877,-60.4587807187351,"82","Santa Fe","82028","Constitución","822511","Rueda","82028180","Rueda","Localidad simple"
"82028160","Pavón Arriba",-33.3115885168245,-60.8242985579761,"82","Santa Fe","82028","Constitución","822497","Pavón Arriba","82028160","Pavón Arriba","Localidad simple"
"82035020","Helvecia",-31.1023583664882,-60.088892156522,"82","Santa Fe","82035","Garay","822553","Helvecia","82035020","Helvecia","Localidad simple"
"82035050","Santa Rosa de Calchines",-31.4203863328414,-60.3326831079652,"82","Santa Fe","82035","Garay","822567","Santa Rosa de Calchines","82035050","Santa Rosa de Calchines","Localidad simple"
"82035010","Cayastá",-31.2007506608006,-60.1593537908308,"82","Santa Fe","82035","Garay","822539","Cayastá","82035010","Cayastá","Localidad simple"
"82035030","Los Zapallos",-31.4920030542134,-60.4289774874059,"82","Santa Fe","82035","Garay","822567","Santa Rosa de Calchines","82035030","Los Zapallos","Localidad simple"
"82035040","Saladero Mariano Cabal",-30.8806050987998,-60.035242547062,"82","Santa Fe","82035","Garay","822560","Saladero Mariano Cabal","82035040","Saladero Mariano Cabal","Localidad simple"
"82042210","Murphy",-33.6422977767819,-61.8583359216397,"82","Santa Fe","82042","General López","822707","Murphy","82042210","Murphy","Localidad simple"
"82042170","Maggiolo",-33.7210982111063,-62.2462478280245,"82","Santa Fe","82042","General López","822679","Maggiolo","82042170","Maggiolo","Localidad simple"
"82042200","Miguel Torres",-33.5264616524828,-61.4658726912491,"82","Santa Fe","82042","General López","822700","Miguel Torres","82042200","Miguel Torres","Localidad simple"
"82056130","Serodino",-32.603740815386,-60.9474006363592,"82","Santa Fe","82056","Iriondo","822938","Serodino","82056130","Serodino","Localidad simple"
"82042240","San Francisco de Santa Fe",-33.5884953061257,-62.1239022373484,"82","Santa Fe","82042","General López","822721","San Francisco de Santa Fe","82042240","San Francisco de Santa Fe","Localidad simple"
"82042120","Firmat",-33.4581435162634,-61.4862103569169,"82","Santa Fe","82042","General López","820063","Firmat","82042120","Firmat","Componente de localidad compuesta"
"82042040","Cañada del Ucle",-33.4094669300853,-61.605596605818,"82","Santa Fe","82042","General López","822595","Cañada del Ucle","82042040","Cañada del Ucle","Localidad simple"
"82042020","Amenábar",-34.1335779750064,-62.4233878729623,"82","Santa Fe","82042","General López","822581","Amenábar","82042020","Amenábar","Localidad simple"
"82042080","Chovet",-33.5989940510529,-61.6039571058646,"82","Santa Fe","82042","General López","822623","Chovet","82042080","Chovet","Localidad simple"
"82042160","Lazzarino",-34.1654637732041,-62.4281209086302,"82","Santa Fe","82042","General López","822672","Lazzarino","82042160","Lazzarino","Localidad simple"
"82042010","Aarón Castellanos",-34.3327855490831,-62.3740821248797,"82","Santa Fe","82042","General López","822574","Aarón Castellanos","82042010","Aarón Castellanos","Localidad simple"
"82042060","Carreras",-33.5961449282005,-61.3109487178776,"82","Santa Fe","82042","General López","822609","Carreras","82042060","Carreras","Localidad simple"
"82042030","Cafferata",-33.4395372322313,-62.0861877325733,"82","Santa Fe","82042","General López","822588","Cafferata","82042030","Cafferata","Localidad simple"
"82042070","Chapuy",-33.8007101841227,-61.7443138485302,"82","Santa Fe","82042","General López","822616","Chapuy","82042070","Chapuy","Localidad simple"
"82042140","La Chispa",-33.5442045583921,-61.974064050285,"82","Santa Fe","82042","General López","822658","La Chispa","82042140","La Chispa","Localidad simple"
"82042290","Venado Tuerto",-33.7454991566739,-61.9687335249201,"82","Santa Fe","82042","General López","820077","Venado Tuerto","82042290","Venado Tuerto","Localidad simple"
"82042110","Elortondo",-33.7019837173575,-61.6150579597447,"82","Santa Fe","82042","General López","822644","Elortondo","82042110","Elortondo","Localidad simple"
"82042100","Diego de Alvear",-34.372650342893,-62.128215946094,"82","Santa Fe","82042","General López","822637","Diego de Alvear","82042100","Diego de Alvear","Localidad simple"
"82042130","Hughes",-33.8012011812235,-61.3361332085882,"82","Santa Fe","82042","General López","822651","Hughes","82042130","Hughes","Localidad simple"
"82042150","Labordeboy",-33.7176460275389,-61.3140764679232,"82","Santa Fe","82042","General López","822665","Labordeboy","82042150","Labordeboy","Localidad simple"
"82042050","Carmen",-33.7303394132758,-61.7622696013833,"82","Santa Fe","82042","General López","822602","Carmen","82042050","Carmen","Localidad simple"
"82042220","Rufino",-34.261872818369,-62.7110666031258,"82","Santa Fe","82042","General López","820070","Rufino","82042220","Rufino","Localidad simple"
"82042190","Melincué",-33.6611434455621,-61.4569901150449,"82","Santa Fe","82042","General López","822693","Melincué","82042190","Melincué","Localidad simple"
"82042180","María Teresa",-34.0127219494537,-61.914752001855,"82","Santa Fe","82042","General López","822686","María Teresa","82042180","María Teresa","Localidad simple"
"82042090","Christophersen",-34.1831072305664,-62.0259622627198,"82","Santa Fe","82042","General López","822630","Christophersen","82042090","Christophersen","Localidad simple"
"82042280","Teodelina",-34.1895733079562,-61.5265215961979,"82","Santa Fe","82042","General López","822749","Teodelina","82042280","Teodelina","Localidad simple"
"82042300","Villa Cañás",-34.0042771998924,-61.6058282845616,"82","Santa Fe","82042","General López","820084","Villa Cañás","82042300","Villa Cañás","Localidad simple"
"82042270","Santa Isabel",-33.8876581822352,-61.6959373296916,"82","Santa Fe","82042","General López","822742","Santa Isabel","82042270","Santa Isabel","Localidad simple"
"82042260","Sancti Spiritu",-34.0077256422035,-62.2415412953365,"82","Santa Fe","82042","General López","822735","Sancti Spiritu","82042260","Sancti Spiritu","Localidad simple"
"82042310","Wheelwright",-33.79230943217,-61.2106951750694,"82","Santa Fe","82042","General López","822756","Wheelwright","82042310","Wheelwright","Localidad simple"
"82042250","San Gregorio",-34.3253785024948,-62.0358132414126,"82","Santa Fe","82042","General López","822728","San Gregorio","82042250","San Gregorio","Localidad simple"
"82042230","San Eduardo",-33.8712462134573,-62.0889258795741,"82","Santa Fe","82042","General López","822714","San Eduardo","82042230","San Eduardo","Localidad simple"
"82049100","La Sarita",-28.9728290317255,-59.8488371729784,"82","Santa Fe","82049","General Obligado","822819","La Sarita","82049100","La Sarita","Localidad simple"
"82049060","Florencia",-28.0406318158628,-59.2180147556736,"82","Santa Fe","82049","General Obligado","820095","Florencia","82049060","Florencia","Localidad simple"
"82049140","Los Laureles",-29.3686478129094,-59.7361917149176,"82","Santa Fe","82049","General Obligado","822840","Los Laureles","82049140","Los Laureles","Localidad simple"
"82049020","Avellaneda",-29.1175214810381,-59.6584720787821,"82","Santa Fe","82049","General Obligado","820091","Avellaneda","82049020","Avellaneda","Componente de localidad compuesta"
"82049040","El Araza",-29.1329996980097,-59.9475820089713,"82","Santa Fe","82049","General Obligado","822777","El Araza","82049040","El Araza","Localidad simple"
"82049180","Reconquista",-29.1445173299237,-59.6435478986104,"82","Santa Fe","82049","General Obligado","820112","Reconquista","82049180","Reconquista","Componente de localidad compuesta"
"82049190","San Antonio de Obligado",-28.3842534518135,-59.2643877245439,"82","Santa Fe","82049","General Obligado","822854","San Antonio de Obligado","82049190","San Antonio de Obligado","Localidad simple"
"82049010","Arroyo Ceibal",-28.7230812436559,-59.4776976866332,"82","Santa Fe","82049","General Obligado","822763","Arroyo Ceibal","82049010","Arroyo Ceibal","Localidad simple"
"82049070","Guadalupe Norte",-28.9450535978396,-59.5636259310249,"82","Santa Fe","82049","General Obligado","822805","Guadalupe Norte","82049070","Guadalupe Norte","Localidad simple"
"82049080","Ingeniero Chanourdie",-28.7598125278448,-59.5772332721616,"82","Santa Fe","82049","General Obligado","822812","Ingeniero Chanourdie","82049080","Ingeniero Chanourdie","Localidad simple"
"82049050","El Rabón",-28.2211776099941,-59.2642198971569,"82","Santa Fe","82049","General Obligado","822784","El Rabón","82049050","El Rabón","Localidad simple"
"82049110","Lanteri",-28.8400067339902,-59.6351942811771,"82","Santa Fe","82049","General Obligado","822826","Lanteri","82049110","Lanteri","Localidad simple"
"82056050","Classon",-32.4623773523095,-61.2903951726398,"82","Santa Fe","82056","Iriondo","822896","Classon","82056050","Classon","Localidad simple"
"82049200","Tacuarendí",-28.417846866381,-59.2572259918044,"82","Santa Fe","82049","General Obligado","822861","Tacuarendi","82049200","Tacuarendi","Localidad simple"
"82049090","La Isleta",-28.4921695581722,-59.294192674801,"82","Santa Fe","82049","General Obligado","820119","Villa Ocampo","82049090","La Isleta","Localidad simple"
"82049150","Malabrigo",-29.3487955627013,-59.9699052577942,"82","Santa Fe","82049","General Obligado","820105","Malabrigo","82049150","Malabrigo","Localidad simple"
"82049160","Paraje San Manuel",-28.8736092974744,-59.8659812590545,"82","Santa Fe","82049","General Obligado","822819","La Sarita","82049160","Paraje San Manuel","Localidad simple"
"82049210","Villa Ana",-28.492662372008,-59.6133285645851,"82","Santa Fe","82049","General Obligado","822868","Villa Ana","82049210","Villa Ana","Localidad simple"
"82049130","Las Toscas",-28.3548928359752,-59.2593016748146,"82","Santa Fe","82049","General Obligado","820098","Las Toscas","82049130","Las Toscas","Localidad simple"
"82049230","Villa Ocampo",-28.4867726127175,-59.3547473252942,"82","Santa Fe","82049","General Obligado","820119","Villa Ocampo","82049230","Villa Ocampo","Localidad simple"
"82049220","Villa Guillermina",-28.2445243528436,-59.4514812904741,"82","Santa Fe","82049","General Obligado","822875","Villa Guillermina","82049220","Villa Guillermina","Localidad simple"
"82049120","Las Garzas",-28.8471373739071,-59.4996545959492,"82","Santa Fe","82049","General Obligado","822833","Las Garzas","82049120","Las Garzas","Localidad simple"
"82049030","Berna",-29.2726680150419,-59.8453110954468,"82","Santa Fe","82049","General Obligado","822770","Berna","82049030","Berna","Localidad simple"
"82049170","Puerto Reconquista",-29.2337532984465,-59.5810401119851,"82","Santa Fe","82049","General Obligado","820112","Reconquista","82049170","Puerto Reconquista","Localidad simple"
"82070310","Sarmiento",-31.0588068148206,-61.1671974799289,"82","Santa Fe","82070","Las Colonias","823267","Sarmiento","82070310","Sarmiento","Localidad simple"
"82056160","Villa La Rivera (Oliveros)",-32.6349730637308,-60.8202265666262,"82","Santa Fe","82056","Iriondo","822917","Oliveros","82056160","Villa La Ribera (Oliveros)","Componente de localidad compuesta"
"82056170","Villa La Rivera (Pueblo Andino)",-32.6388659356076,-60.8226652162287,"82","Santa Fe","82056","Iriondo","822924","Pueblo Andino","82056170","Villa La Ribera (Pueblo Andino)","Componente de localidad compuesta"
"82056070","Correa",-32.8486177247202,-61.2544973435105,"82","Santa Fe","82056","Iriondo","822903","Correa","82056070","Correa","Localidad simple"
"82056060","Colonia Médici",-32.5975464245976,-61.3779651267946,"82","Santa Fe","82056","Iriondo","822882","Bustinza","82056060","Colonia Médici","Localidad simple"
"82056110","Pueblo Andino",-32.6699421082672,-60.8753783738369,"82","Santa Fe","82056","Iriondo","822924","Pueblo Andino","82056110","Pueblo Andino","Localidad simple"
"82056030","Cañada de Gómez",-32.8212161641876,-61.3951986808447,"82","Santa Fe","82056","Iriondo","820126","Cañada de Gómez","82056030","Cañada de Gómez","Localidad simple"
"82056150","Villa Eloísa",-32.9638882646234,-61.5510135195736,"82","Santa Fe","82056","Iriondo","822945","Villa Eloísa","82056150","Villa Eloísa","Localidad simple"
"82056120","Salto Grande",-32.6660588029387,-61.0882080982879,"82","Santa Fe","82056","Iriondo","822931","Salto Grande","82056120","Salto Grande","Localidad simple"
"82056080","Larguía",-32.5519832443993,-61.2185806478785,"82","Santa Fe","82056","Iriondo","820133","Totoras","82056080","Larguía","Localidad simple"
"82056040","Carrizales",-32.5087389329534,-61.0322035764827,"82","Santa Fe","82056","Iriondo","822889","Carrizales","82056040","Carrizales","Localidad simple"
"82056010","Barrio Cicarelli",-32.6083088053541,-61.3241858495052,"82","Santa Fe","82056","Iriondo","820133","Totoras","82056010","Barrio Cicarelli","Localidad simple"
"82056020","Bustinza",-32.7382426386282,-61.2908199558191,"82","Santa Fe","82056","Iriondo","822882","Bustinza","82056020","Bustinza","Localidad simple"
"82056100","Oliveros",-32.5739334256463,-60.8546423192064,"82","Santa Fe","82056","Iriondo","822917","Oliveros","82056100","Oliveros","Localidad simple"
"82056090","Lucio V. López",-32.7153962408456,-61.0174588271492,"82","Santa Fe","82056","Iriondo","822910","Lucio V. López","82056090","Lucio V. López","Localidad simple"
"82056140","Totoras",-32.5842724902691,-61.1666997390063,"82","Santa Fe","82056","Iriondo","820133","Totoras","82056140","Totoras","Localidad simple"
"82063030","Arroyo Leyes",-31.558725563739,-60.5175080046711,"82","Santa Fe","82063","La Capital","822959","Arroyo Leyes","82063030","Arroyo Leyes","Componente de localidad compuesta"
"82063120","Paraje Chaco Chico",-31.5665071502413,-60.6615195422776,"82","Santa Fe","82063","La Capital","823001","Monte Vera","82063120","Paraje Chaco Chico","Localidad simple"
"82063170","Santa Fe",-31.6574749533861,-60.7104784410123,"82","Santa Fe","82063","La Capital","820147","Santa Fe","82063170","Santa Fe","Componente de localidad compuesta"
"82063080","Laguna Paiva",-31.3073577549174,-60.6599224679659,"82","Santa Fe","82063","La Capital","820140","Laguna Paiva","82063080","Laguna Paiva","Localidad simple"
"82063050","Campo Andino",-31.2390549183719,-60.5298070316869,"82","Santa Fe","82063","La Capital","822973","Campo Andino","82063050","Campo Andino","Localidad simple"
"82063110","Nelson",-31.2658325064826,-60.7644507999057,"82","Santa Fe","82063","La Capital","823008","Nelson","82063110","Nelson","Localidad simple"
"82063090","Llambi Campbell",-31.1841834739127,-60.7476804302059,"82","Santa Fe","82063","La Capital","822994","Llambí Campbell","82063090","Llambi Campbell","Localidad simple"
"82063010","Angel Gallardo",-31.5558263149001,-60.678416469082,"82","Santa Fe","82063","La Capital","823001","Monte Vera","82063010","Angel Gallardo","Localidad simple"
"82063070","Emilia",-31.0590191161974,-60.7449082069823,"82","Santa Fe","82063","La Capital","822987","Emilia","82063070","Emilia","Localidad simple"
"82063150","Rincón Potrero",-31.5289972020988,-60.4799970669308,"82","Santa Fe","82063","La Capital","822959","Arroyo Leyes","82063150","Rincón Potrero","Localidad simple"
"82063160","San José del Rincón",-31.6065059123067,-60.5674419427924,"82","Santa Fe","82063","La Capital","820143","San José del Rincón","82063160","San José del Rincón","Componente de localidad compuesta"
"82063180","Santo Tomé",-31.6630187544955,-60.7617223055433,"82","Santa Fe","82063","La Capital","820154","Santo Tomé","82063180","Santo Tomé","Componente de localidad compuesta"
"82063200","Villa Laura",-31.3720648988493,-60.662292610109,"82","Santa Fe","82063","La Capital","822952","Arroyo Aguiar","82063200","Villa Laura","Localidad simple"
"82063140","Recreo",-31.4908931095921,-60.7354488696804,"82","Santa Fe","82063","La Capital","820142","Recreo","82063140","Recreo","Componente de localidad compuesta"
"82063020","Arroyo Aguiar",-31.4320871377067,-60.6679312268466,"82","Santa Fe","82063","La Capital","822952","Arroyo Aguiar","82063020","Arroyo Aguiar","Localidad simple"
"82063190","Sauce Viejo",-31.7710935030777,-60.8371436848116,"82","Santa Fe","82063","La Capital","820158","Sauce Viejo","82063190","Sauce Viejo","Componente de localidad compuesta"
"82063100","Monte Vera",-31.5168015662579,-60.6786765037235,"82","Santa Fe","82063","La Capital","823001","Monte Vera","82063100","Monte Vera","Localidad simple"
"82063130","Paraje La Costa",-31.5153554159097,-60.6132114843972,"82","Santa Fe","82063","La Capital","823001","Monte Vera","82063130","Paraje La Costa","Localidad simple"
"82063060","Candioti",-31.4013903523262,-60.748981610734,"82","Santa Fe","82063","La Capital","822980","Candioti","82063060","Candioti","Localidad simple"
"82063040","Cabal",-31.1039907528184,-60.7271518449152,"82","Santa Fe","82063","La Capital","822966","Cabal","82063040","Cabal","Localidad simple"
"82070040","Empalme San Carlos",-31.5477048152486,-60.8137126653718,"82","Santa Fe","82070","Las Colonias","823064","Empalme San Carlos","82070040","Empalme San Carlos","Localidad simple"
"82070050","Esperanza",-31.4488900966564,-60.9301528760774,"82","Santa Fe","82070","Las Colonias","820161","Esperanza","82070050","Esperanza","Localidad simple"
"82070080","Grutly",-31.2686901160947,-61.071972167969,"82","Santa Fe","82070","Las Colonias","823085","Grutly","82070080","Grutly","Localidad simple"
"82070010","Cavour",-31.3648044588544,-61.0165431998554,"82","Santa Fe","82070","Las Colonias","823036","Cavour","82070010","Cavour","Localidad simple"
"82070130","Las Tunas",-31.5718902464727,-60.9961316027549,"82","Santa Fe","82070","Las Colonias","823127","Las Tunas","82070130","Las Tunas","Localidad simple"
"82070100","Humboldt",-31.4008584245866,-61.0822981722449,"82","Santa Fe","82070","Las Colonias","823099","Humboldt","82070100","Humboldt","Localidad simple"
"82070140","María Luisa",-31.0108438391605,-60.9107615775877,"82","Santa Fe","82070","Las Colonias","823134","María Luisa","82070140","María Luisa","Localidad simple"
"82070200","Providencia",-30.9827403142746,-61.021127137163,"82","Santa Fe","82070","Las Colonias","823169","Providencia","82070200","Providencia","Localidad simple"
"82070110","Jacinto L. Aráuz",-30.7342982152469,-60.9755533250682,"82","Santa Fe","82070","Las Colonias","823113","Jacinto L. Aráuz","82070110","Jacinto L. Aráuz","Localidad simple"
"82070240","San Carlos Norte",-31.6735445793516,-61.0747670253268,"82","Santa Fe","82070","Las Colonias","823204","San Carlos Norte","82070240","San Carlos Norte","Localidad simple"
"82070180","Plaza Matilde",-31.7962668841232,-61.0100134903629,"82","Santa Fe","82070","Las Colonias","823141","Matilde","82070180","Plaza Matilde","Localidad simple"
"82070210","Sa Pereyra",-31.5704558103065,-61.376534144157,"82","Santa Fe","82070","Las Colonias","823190","Sa Pereyra","82070210","Sa Pereyra","Localidad simple"
"82070170","Pilar",-31.4404106897364,-61.2595980555326,"82","Santa Fe","82070","Las Colonias","823155","Pilar","82070170","Pilar","Localidad simple"
"82070220","San Agustín",-31.6828736489464,-60.9406357226933,"82","Santa Fe","82070","Las Colonias","823197","San Agustín","82070220","San Agustín","Localidad simple"
"82070260","San Jerónimo del Sauce",-31.6090293079564,-61.1413538950116,"82","Santa Fe","82070","Las Colonias","823218","San Jerónimo del Sauce","82070260","San Jerónimo del Sauce","Localidad simple"
"82070250","San Carlos Sud",-31.7608202850359,-61.1005778448837,"82","Santa Fe","82070","Las Colonias","823211","San Carlos Sud","82070250","San Carlos Sud","Componente de localidad compuesta"
"82070160","Nuevo Torino",-31.3450074576332,-61.2351345818364,"82","Santa Fe","82070","Las Colonias","823148","Nuevo Torino","82070160","Nuevo Torino","Localidad simple"
"82070280","San Mariano",-31.6684130728593,-61.3474426434473,"82","Santa Fe","82070","Las Colonias","823232","San Mariano","82070280","San Mariano","Localidad simple"
"82070300","Santo Domingo",-31.1204662128969,-60.8879939509265,"82","Santa Fe","82070","Las Colonias","823260","Santo Domingo","82070300","Santo Domingo","Localidad simple"
"82070290","Santa Clara de Buena Vista",-31.7623724410191,-61.3157990016507,"82","Santa Fe","82070","Las Colonias","823239","Santa Clara de Buena Vista","82070290","Santa Clara de Buena Vista","Localidad simple"
"82070060","Felicia",-31.2445463733771,-61.2121864965225,"82","Santa Fe","82070","Las Colonias","823071","Felicia","82070060","Felicia","Localidad simple"
"82070020","Cululú",-31.2060921384088,-60.930019007513,"82","Santa Fe","82070","Las Colonias","823050","Cululú","82070020","Cululú","Localidad simple"
"82070190","Progreso",-31.1378669003006,-60.9896422265588,"82","Santa Fe","82070","Las Colonias","823162","Progreso","82070190","Progreso","Localidad simple"
"82070120","La Pelada",-30.8662414882249,-60.9682925850045,"82","Santa Fe","82070","Las Colonias","823120","La Pelada","82070120","La Pelada","Localidad simple"
"82070230","San Carlos Centro",-31.7265876198786,-61.0907301349574,"82","Santa Fe","82070","Las Colonias","820168","San Carlos Centro","82070230","San Carlos Centro","Componente de localidad compuesta"
"82070270","San Jerónimo Norte",-31.5527079170333,-61.0779235360263,"82","Santa Fe","82070","Las Colonias","820171","San Jerónimo Norte","82070270","San Jerónimo Norte","Localidad simple"
"82070070","Franck",-31.5871896835148,-60.9383404041712,"82","Santa Fe","82070","Las Colonias","823078","Franck","82070070","Franck","Localidad simple"
"82070090","Hipatía",-31.1255765836408,-61.033006407965,"82","Santa Fe","82070","Las Colonias","823092","Hipatía","82070090","Hipatía","Localidad simple"
"82070150","Matilde",-31.7915781038709,-60.9799453959542,"82","Santa Fe","82070","Las Colonias","823141","Matilde","82070150","Matilde","Localidad simple"
"82070030","Elisa",-30.6944926833677,-61.0494002740529,"82","Santa Fe","82070","Las Colonias","823057","Elisa","82070030","Elisa","Localidad simple"
"82077065","San Bernardo",-28.6674118377273,-61.5280166384228,"82","Santa Fe","82077","9 de Julio","823330","San Bernardo","82077065","San Bernardo","Localidad simple"
"82077010","Esteban Rams",-29.7724217463121,-61.489981972125,"82","Santa Fe","82077","9 de Julio","823281","Esteban Rams","82077010","Esteban Rams","Localidad simple"
"82077020","Gato Colorado",-28.0223897190306,-61.1865821797417,"82","Santa Fe","82077","9 de Julio","823288","Gato Colorado","82077020","Gato Colorado","Localidad simple"
"82077030","Gregoria Pérez de Denis",-28.2274527986276,-61.5278160176383,"82","Santa Fe","82077","9 de Julio","823295","Gregoria Pérez de Denis","82077030","Gregoria Pérez de Denis","Localidad simple"
"82077090","Villa Minetti",-28.6229612219036,-61.6267634944818,"82","Santa Fe","82077","9 de Julio","823344","Villa Minetti","82077090","Villa Minetti","Localidad simple"
"82077040","Logroño",-29.5037555445199,-61.6961473349937,"82","Santa Fe","82077","9 de Julio","823309","Logroño","82077040","Logroño","Localidad simple"
"82077070","Santa Margarita",-28.3138236506456,-61.5487543282334,"82","Santa Fe","82077","9 de Julio","823337","Santa Margarita","82077070","Santa Margarita","Localidad simple"
"82077060","Pozo Borrado",-28.9380837222991,-61.7048729556921,"82","Santa Fe","82077","9 de Julio","823323","Pozo Borrado","82077060","Pozo Borrado","Localidad simple"
"82077050","Montefiore",-29.6686952143335,-61.8668950035658,"82","Santa Fe","82077","9 de Julio","823316","Montefiore","82077050","Montefiore","Localidad simple"
"82077080","Tostado",-29.2327297041075,-61.7712078626857,"82","Santa Fe","82077","9 de Julio","820175","Tostado","82077080","Tostado","Localidad simple"
"82084230","Pueblo Esther",-33.0722930332082,-60.5749935688429,"82","Santa Fe","82084","Rosario","820207","Pueblo Esther","82084230","Pueblo Esther","Localidad simple"
"82084070","Arroyo Seco",-33.1581385210504,-60.5119382186795,"82","Santa Fe","82084","Rosario","820182","Arroyo Seco","82084070","Arroyo Seco","Localidad simple"
"82084190","Los Muchachos - La Alborada",-33.0902979325778,-60.7363300440491,"82","Santa Fe","82084","Rosario","823421","Piñero","82084190","Los Muchachos - La Alborada","Localidad simple"
"82084290","Villa Amelia",-33.1759079593172,-60.664101151059,"82","Santa Fe","82084","Rosario","823456","Villa Amelia","82084290","Villa Amelia","Localidad simple"
"82084300","Villa del Plata",-33.1262945685022,-60.7069216732872,"82","Santa Fe","82084","Rosario","823456","Villa Amelia","82084300","Villa del Plata","Componente de localidad compuesta"
"82084050","Arbilla",-33.0910657594171,-60.6984776478447,"82","Santa Fe","82084","Rosario","823372","Alvear","82084050","Arbilla","Localidad simple"
"82084030","Álvarez",-33.1280901191077,-60.8061899822764,"82","Santa Fe","82084","Rosario","823365","Álvarez","82084030","Álvarez","Localidad simple"
"82084040","Alvear",-33.0578411745076,-60.6198434734122,"82","Santa Fe","82084","Rosario","823372","Alvear","82084040","Alvear","Localidad simple"
"82084120","El Caramelo",-33.128516221415,-60.7134010873951,"82","Santa Fe","82084","Rosario","823365","Álvarez","82084120","El Caramelo","Componente de localidad compuesta"
"82084080","Carmen del Sauce",-33.2360266733981,-60.8117710579368,"82","Santa Fe","82084","Rosario","823386","Carmen del Sauce","82084080","Carmen del Sauce","Localidad simple"
"82084020","Albarellos",-33.2395386776406,-60.6367606409017,"82","Santa Fe","82084","Rosario","823358","Albarellos","82084020","Albarellos","Localidad simple"
"82084240","Pueblo Muñóz",-33.1720463201281,-60.8980737633767,"82","Santa Fe","82084","Rosario","823435","Pueblo Muñoz","82084240","Pueblo Muñóz","Localidad simple"
"82084060","Arminda",-33.2635759248671,-60.9678819494211,"82","Santa Fe","82084","Rosario","823379","Arminda","82084060","Arminda","Localidad simple"
"82084200","Monte Flores",-33.0763377572597,-60.633435016675,"82","Santa Fe","82084","Rosario","823372","Alvear","82084200","Monte Flores","Localidad simple"
"82084160","Granadero Baigorria",-32.8618305060886,-60.7063332396164,"82","Santa Fe","82084","Rosario","820196","Granadero Baigorria","82084160","Granadero Baigorria","Componente de localidad compuesta"
"82084010","Acébal",-33.2417639582494,-60.836480369897,"82","Santa Fe","82084","Rosario","823351","Acebal","82084010","Acébal","Localidad simple"
"82084260","Puerto Arroyo Seco",-33.1304153870331,-60.5058458530957,"82","Santa Fe","82084","Rosario","820182","Arroyo Seco","82084260","Puerto Arroyo Seco","Localidad simple"
"82084130","Fighiera",-33.1938621179459,-60.4694380490748,"82","Santa Fe","82084","Rosario","823400","Fighiera","82084130","Fighiera","Localidad simple"
"82084220","Piñero",-33.1091396602734,-60.796112390481,"82","Santa Fe","82084","Rosario","823421","Piñero","82084220","Piñero","Localidad simple"
"82084170","Ibarlucea",-32.8518641103817,-60.7854799082173,"82","Santa Fe","82084","Rosario","823414","Ibarlucea","82084170","Ibarlucea","Localidad simple"
"82084100","Coronel Rodolfo S. Domínguez",-33.1837048790854,-60.7219810563401,"82","Santa Fe","82084","Rosario","823470","Coronel Domínguez","82084100","Coronel Domínguez","Localidad simple"
"82084210","Pérez",-32.9988721693539,-60.7698686117531,"82","Santa Fe","82084","Rosario","820203","Pérez","82084210","Pérez","Componente de localidad compuesta"
"82084180","Kilómetro 101",-33.0587898573267,-60.6849723150831,"82","Santa Fe","82084","Rosario","823372","Alvear","82084180","Kilómetro 101","Localidad simple"
"82084140","Funes",-32.920864509257,-60.8114362900311,"82","Santa Fe","82084","Rosario","820189","Funes","82084140","Funes","Componente de localidad compuesta"
"82084280","Soldini",-33.0275840215076,-60.7567548485249,"82","Santa Fe","82084","Rosario","823442","Soldini","82084280","Soldini","Componente de localidad compuesta"
"82084250","Pueblo Uranga",-33.2660372695069,-60.7052495930472,"82","Santa Fe","82084","Rosario","823449","Uranga","82084250","Pueblo Uranga","Localidad simple"
"82084320","Zavalla",-33.019631886479,-60.8784970110083,"82","Santa Fe","82084","Rosario","823463","Zavalla","82084320","Zavalla","Localidad simple"
"82084090","Coronel Bogado",-33.3158545338128,-60.6026772155148,"82","Santa Fe","82084","Rosario","823393","Coronel Bogado","82084090","Coronel Bogado","Localidad simple"
"82084110","Cuatro Esquinas",-33.2442614331838,-60.7643248990354,"82","Santa Fe","82084","Rosario","823386","Carmen del Sauce","82084110","Cuatro Esquinas","Localidad simple"
"82084150","General Lagos",-33.1100430426219,-60.5645578429181,"82","Santa Fe","82084","Rosario","823407","General Lagos","82084150","General Lagos","Localidad simple"
"82084270","Rosario",-32.9472133838031,-60.6331755763544,"82","Santa Fe","82084","Rosario","820210","Rosario","82084270","Rosario","Componente de localidad compuesta"
"82084310","Villa Gobernador Gálvez",-33.025131923588,-60.633689287872,"82","Santa Fe","82084","Rosario","820217","Villa Gobernador Gálvez","82084310","Villa Gobernador Gálvez","Componente de localidad compuesta"
"82091260","Suardi",-30.534423803072,-61.9610054265374,"82","Santa Fe","82091","San Cristóbal","820235","Suardi","82091260","Suardi","Localidad simple"
"82091180","Moisés Ville",-30.715584856026,-61.4695077989661,"82","Santa Fe","82091","San Cristóbal","823603","Moisés Ville","82091180","Moisés Ville","Localidad simple"
"82091050","Capivara",-30.459709764108,-61.27115306531,"82","Santa Fe","82091","San Cristóbal","823498","Capivara","82091050","Capivara","Localidad simple"
"82091160","Las Avispas",-29.8964173793999,-61.2880673055215,"82","Santa Fe","82091","San Cristóbal","823589","Las Avispas","82091160","Las Avispas","Localidad simple"
"82091270","Villa Saralegui",-30.5408409369612,-60.7467789752981,"82","Santa Fe","82091","San Cristóbal","823673","Villa Saralegui","82091270","Villa Saralegui","Localidad simple"
"82091280","Villa Trinidad",-30.2161084399834,-61.8770920891158,"82","Santa Fe","82091","San Cristóbal","823680","Villa Trinidad","82091280","Villa Trinidad","Localidad simple"
"82091090","Colonia Rosa",-30.3003827175452,-61.9838181025651,"82","Santa Fe","82091","San Cristóbal","823519","Colonia Rosa","82091090","Colonia Rosa","Localidad simple"
"82091210","Palacios",-30.7085842464352,-61.6226524252804,"82","Santa Fe","82091","San Cristóbal","823631","Palacios","82091210","Palacios","Localidad simple"
"82091130","Huanqueros",-30.0119939026675,-61.2184652472247,"82","Santa Fe","82091","San Cristóbal","823554","Huanqueros","82091130","Huanqueros","Localidad simple"
"82091140","La Cabral",-30.0868012011416,-61.1783339619544,"82","Santa Fe","82091","San Cristóbal","823561","La Cabral","82091140","La Cabral","Localidad simple"
"82091190","Monigotes",-30.4883676247272,-61.6342311211856,"82","Santa Fe","82091","San Cristóbal","823610","Monigotes","82091190","Monigotes","Localidad simple"
"82091100","Constanza",-30.663518100057,-61.3197338176105,"82","Santa Fe","82091","San Cristóbal","823526","Constanza","82091100","Constanza","Localidad simple"
"82091145","La Lucila",-30.4196656829432,-61.0033083378092,"82","Santa Fe","82091","San Cristóbal","823575","La Lucila","82091145","La Lucila","Localidad simple"
"82091060","Ceres",-29.8818941399429,-61.9450937118177,"82","Santa Fe","82091","San Cristóbal","820224","Ceres","82091060","Ceres","Localidad simple"
"82091020","Ambrosetti",-30.0152416333581,-61.5760229575257,"82","Santa Fe","82091","San Cristóbal","823484","Ambrosetti","82091020","Ambrosetti","Localidad simple"
"82091080","Colonia Bossi",-30.6678459307087,-61.7877436526078,"82","Santa Fe","82091","San Cristóbal","823512","Colonia Bossi","82091080","Colonia Bossi","Localidad simple"
"82091010","Aguará Grande",-30.1161023710274,-60.89426045096,"82","Santa Fe","82091","San Cristóbal","823477","Aguará Grande","82091010","Aguará Grande","Localidad simple"
"82091170","Las Palmeras",-30.6302565241446,-61.6258227206526,"82","Santa Fe","82091","San Cristóbal","823596","Las Palmeras","82091170","Las Palmeras","Localidad simple"
"82091150","La Rubia",-30.1102872894237,-61.793504117004,"82","Santa Fe","82091","San Cristóbal","823582","La Rubia","82091150","La Rubia","Localidad simple"
"82091040","Balneario La Verde",-29.9809130687161,-61.2419055056176,"82","Santa Fe","82091","San Cristóbal","823554","Huanqueros","82091040","Balneario La Verde","Localidad simple"
"82091240","Santurce",-30.1865677486846,-61.1810772669898,"82","Santa Fe","82091","San Cristóbal","823652","Santurce","82091240","Santurce","Localidad simple"
"82091120","Hersilia",-30.0039445489392,-61.8391492625401,"82","Santa Fe","82091","San Cristóbal","823547","Hersilia","82091120","Hersilia","Localidad simple"
"82091250","Soledad",-30.6196492468845,-60.9145137681214,"82","Santa Fe","82091","San Cristóbal","823659","Soledad","82091250","Soledad","Localidad simple"
"82091230","San Guillermo",-30.3584540113083,-61.9173192981809,"82","Santa Fe","82091","San Cristóbal","820233","San Guillermo","82091230","San Guillermo","Localidad simple"
"82091200","Ñanducita",-30.3698188713675,-61.1333760901584,"82","Santa Fe","82091","San Cristóbal","823624","Ñanducita","82091200","Ñanducita","Localidad simple"
"82091030","Arrufo",-30.2324174704935,-61.7280214612071,"82","Santa Fe","82091","San Cristóbal","823491","Arrufo","82091030","Arrufo","Localidad simple"
"82091110","Curupaytí",-30.3961040247517,-61.653130514975,"82","Santa Fe","82091","San Cristóbal","823533","Curupaity","82091110","Curupaytí","Localidad simple"
"82091220","San Cristóbal",-30.3116894195823,-61.2362062523892,"82","Santa Fe","82091","San Cristóbal","820231","San Cristóbal","82091220","San Cristóbal","Localidad simple"
"82091070","Colonia Ana",-30.1437487051909,-61.9136925511771,"82","Santa Fe","82091","San Cristóbal","823505","Colonia Ana","82091070","Colonia Ana","Localidad simple"
"82098060","San Javier",-30.5816675393883,-59.9281005227685,"82","Santa Fe","82098","San Javier","820238","San Javier","82098060","San Javier","Localidad simple"
"82098020","Cacique Ariacaiquín",-30.6563424367287,-60.2298081562417,"82","Santa Fe","82098","San Javier","823694","Cacique Ariacaiquín","82098020","Cacique Ariacaiquín","Localidad simple"
"82098040","La Brava",-30.4477817388248,-60.1409366948519,"82","Santa Fe","82098","San Javier","823708","La Brava","82098040","La Brava","Localidad simple"
"82098050","Romang",-29.4995978982009,-59.7477023849584,"82","Santa Fe","82098","San Javier","820237","Romang","82098050","Romang","Localidad simple"
"82098010","Alejandra",-29.9092096293439,-59.826868622909,"82","Santa Fe","82098","San Javier","823687","Alejandra","82098010","Alejandra","Localidad simple"
"82098030","Colonia Durán",-29.5581192781533,-59.9265923492876,"82","Santa Fe","82098","San Javier","823701","Colonia Durán","82098030","Colonia Durán","Localidad simple"
"82105130","Gálvez",-32.0302817532627,-61.2243286280213,"82","Santa Fe","82105","San Jerónimo","820252","Gálvez","82105130","Gálvez","Localidad simple"
"82105140","Gessler",-31.874298950578,-61.1268640195101,"82","Santa Fe","82105","San Jerónimo","823785","Gessler","82105140","Gessler","Localidad simple"
"82105210","Puerto Aragón",-32.2429521983324,-60.9233125810172,"82","Santa Fe","82105","San Jerónimo","823729","Barrancas","82105210","Puerto Aragón","Localidad simple"
"82105200","Monje",-32.360370426828,-60.9428302735559,"82","Santa Fe","82105","San Jerónimo","823827","Monje","82105200","Monje","Localidad simple"
"82105160","Larrechea",-31.9354149257383,-61.0457516456142,"82","Santa Fe","82105","San Jerónimo","823799","Larrechea","82105160","Larrechea","Localidad simple"
"82105220","San Eugenio",-32.0761717565379,-61.1157987861191,"82","Santa Fe","82105","San Jerónimo","823834","San Eugenio","82105220","San Eugenio","Localidad simple"
"82105090","Coronda",-31.9744848131131,-60.9160919168416,"82","Santa Fe","82105","San Jerónimo","820245","Coronda","82105090","Coronda","Localidad simple"
"82105240","San Genaro",-32.3716513477851,-61.3599440342638,"82","Santa Fe","82105","San Jerónimo","820256","San Genaro","82105240","San Genaro","Componente de localidad compuesta"
"82105190","Maciel",-32.4568417564494,-60.8924601993888,"82","Santa Fe","82105","San Jerónimo","823820","Maciel","82105190","Maciel","Localidad simple"
"82105100","Desvío Arijón",-31.8705513326584,-60.8892460452894,"82","Santa Fe","82105","San Jerónimo","823764","Desvío Arijón","82105100","Desvío Arijón","Localidad simple"
"82105060","Bernardo de Irigoyen",-32.1696834044551,-61.1566874883448,"82","Santa Fe","82105","San Jerónimo","823736","Bernardo de Irigoyen","82105060","Bernardo de Irigoyen","Localidad simple"
"82105010","Arocena",-32.0824865322644,-60.9768144674568,"82","Santa Fe","82105","San Jerónimo","823722","Arocena","82105010","Arocena","Localidad simple"
"82105020","Balneario Monje",-32.3340402520905,-60.8765483675485,"82","Santa Fe","82105","San Jerónimo","823827","Monje","82105020","Balneario Monje","Localidad simple"
"82105080","Centeno",-32.2960243001285,-61.4072475691359,"82","Santa Fe","82105","San Jerónimo","823757","Centeno","82105080","Centeno","Localidad simple"
"82105180","López",-31.9048159974825,-61.2777538760134,"82","Santa Fe","82105","San Jerónimo","823813","López","82105180","López","Localidad simple"
"82105050","Barrio El Pacaá - Barrio Comipini",-32.1285761793514,-60.9305568319027,"82","Santa Fe","82105","San Jerónimo","823722","Arocena","82105050","Barrio El Pacaá - Barrio Comipini","Localidad simple"
"82105170","Loma Alta",-31.9619571202998,-61.1767113208379,"82","Santa Fe","82105","San Jerónimo","823806","Loma Alta","82105170","Loma Alta","Localidad simple"
"82105040","Barrio Caima",-31.837920072339,-60.8650325885341,"82","Santa Fe","82105","San Jerónimo","823764","Desvío Arijón","82105040","Barrio Caima","Localidad simple"
"82105150","Irigoyen",-32.158147325032,-61.1102298513194,"82","Santa Fe","82105","San Jerónimo","823792","Irigoyen","82105150","Irigoyen","Localidad simple"
"82105030","Barrancas",-32.2345807567088,-60.9835149225084,"82","Santa Fe","82105","San Jerónimo","823729","Barrancas","82105030","Barrancas","Localidad simple"
"82105110","Díaz",-32.3705808222622,-61.0864484149339,"82","Santa Fe","82105","San Jerónimo","823771","Díaz","82105110","Díaz","Localidad simple"
"82105070","Casalegno",-32.2630084714591,-61.1264680407656,"82","Santa Fe","82105","San Jerónimo","823750","Casalegno","82105070","Casalegno","Localidad simple"
"82105250","San Genaro Norte",-32.3649521820216,-61.3371671845922,"82","Santa Fe","82105","San Jerónimo","820256","San Genaro","82105250","San Genaro Norte","Componente de localidad compuesta"
"82105230","San Fabián",-32.1379267171111,-60.983122613202,"82","Santa Fe","82105","San Jerónimo","823841","San Fabián","82105230","San Fabián","Localidad simple"
"82105120","Gaboto",-32.4325244270379,-60.8178144085059,"82","Santa Fe","82105","San Jerónimo","823778","Gaboto","82105120","Gaboto","Localidad simple"
"82112040","Esther",-31.0406925861747,-60.645191800097,"82","Santa Fe","82112","San Justo","823883","Esther","82112040","Esther","Localidad simple"
"82112100","Pedro Gómez Cello",-30.038474096133,-60.3152433947699,"82","Santa Fe","82112","San Justo","823932","Pedro Gómez Cello","82112100","Pedro Gómez Cello","Localidad simple"
"82112110","Ramayón",-30.6719500341159,-60.5059519981729,"82","Santa Fe","82112","San Justo","823939","Ramayón","82112110","Ramayón","Localidad simple"
"82112150","Silva",-30.4473008902458,-60.4305625615632,"82","Santa Fe","82112","San Justo","823960","Silva","82112150","Silva","Localidad simple"
"82112130","San Justo",-30.7891711509703,-60.5933005911998,"82","Santa Fe","82112","San Justo","820259","San Justo","82112130","San Justo","Localidad simple"
"82112140","San Martín Norte",-30.3457142621827,-60.3035143476299,"82","Santa Fe","82112","San Justo","823953","San Martín Norte","82112140","San Martín Norte","Localidad simple"
"82112050","Gobernador Crespo",-30.3629535491006,-60.4002397836296,"82","Santa Fe","82112","San Justo","823890","Gobernador Crespo","82112050","Gobernador Crespo","Localidad simple"
"82112080","Marcelino Escalada",-30.5809351404083,-60.4683075561457,"82","Santa Fe","82112","San Justo","823918","Marcelino Escalada","82112080","Marcelino Escalada","Localidad simple"
"82112010","Angeloni",-30.8556658864188,-60.6501755316761,"82","Santa Fe","82112","San Justo","823862","Angeloni","82112010","Angeloni","Localidad simple"
"82112090","Naré",-30.9487761732862,-60.4670361251567,"82","Santa Fe","82112","San Justo","823925","Naré","82112090","Naré","Localidad simple"
"82112030","Colonia Dolores",-30.382384557723,-60.3304860707389,"82","Santa Fe","82112","San Justo","823876","Colonia Dolores","82112030","Colonia Dolores","Localidad simple"
"82112160","Vera y Pintado",-30.144270055071,-60.338807685305,"82","Santa Fe","82112","San Justo","823967","Vera y Pintado","82112160","Vera y Pintado","Localidad simple"
"82112070","La Penca y Caraguatá",-30.3467233829811,-60.5212493500233,"82","Santa Fe","82112","San Justo","823911","La Penca y Caraguatá","82112070","La Penca y Caraguatá","Localidad simple"
"82112170","Videla",-30.9429218479973,-60.6570125965506,"82","Santa Fe","82112","San Justo","823974","Videla","82112170","Videla","Localidad simple"
"82112120","San Bernardo",-30.8891775364124,-60.5739772160101,"82","Santa Fe","82112","San Justo","823946","San Bernardo","82112120","San Bernardo","Localidad simple"
"82112020","Cayastacito",-31.1128097019696,-60.5798783953644,"82","Santa Fe","82112","San Justo","823869","Cayastacito","82112020","Cayastacito","Localidad simple"
"82112060","La Criolla",-30.2236712000618,-60.3636042782129,"82","Santa Fe","82112","San Justo","823904","La Criolla","82112060","La Criolla","Localidad simple"
"82119120","San Jerónimo Sud",-32.8793987837978,-61.0276951551143,"82","Santa Fe","82119","San Lorenzo","824023","San Jerónimo Sud","82119120","San Jerónimo Sud","Localidad simple"
"82119160","Villa Mugueta",-33.3119649556946,-61.0562946555637,"82","Santa Fe","82119","San Lorenzo","824037","Villa Mugueta","82119160","Villa Mugueta","Localidad simple"
"82119130","San Lorenzo",-32.7472614035676,-60.7356874598046,"82","Santa Fe","82119","San Lorenzo","820301","San Lorenzo","82119130","San Lorenzo","Componente de localidad compuesta"
"82119150","Villa Elvira",-32.6413382020188,-60.8182757783376,"82","Santa Fe","82119","San Lorenzo","824030","Timbúes","82119150","Villa Elvira","Componente de localidad compuesta"
"82119100","Ricardone",-32.7706325511652,-60.7840718821777,"82","Santa Fe","82119","San Lorenzo","824016","Ricardone","82119100","Ricardone","Localidad simple"
"82119090","Pujato",-33.0176482197441,-61.0430535409981,"82","Santa Fe","82119","San Lorenzo","824009","Pujato","82119090","Pujato","Localidad simple"
"82119020","Capitán Bermúdez",-32.8264562379917,-60.7161557546827,"82","Santa Fe","82119","San Lorenzo","820266","Capitán Bermúdez","82119020","Capitán Bermúdez","Componente de localidad compuesta"
"82119040","Coronel Arnold",-33.106020935608,-60.9668096936994,"82","Santa Fe","82119","San Lorenzo","823988","Coronel Arnold","82119040","Coronel Arnold","Localidad simple"
"82119140","Timbúes",-32.6678121550884,-60.7936464408933,"82","Santa Fe","82119","San Lorenzo","824030","Timbúes","82119140","Timbúes","Localidad simple"
"82119080","Puerto General San Martín",-32.7160386395288,-60.7313938904008,"82","Santa Fe","82119","San Lorenzo","820287","Puerto General San Martín","82119080","Puerto General San Martín","Componente de localidad compuesta"
"82119060","Fuentes",-33.1724956665193,-61.0741301099096,"82","Santa Fe","82119","San Lorenzo","823995","Fuentes","82119060","Fuentes","Localidad simple"
"82119010","Aldao",-32.7044761588355,-60.8159027763388,"82","Santa Fe","82119","San Lorenzo","823981","Aldao","82119010","Aldao","Localidad simple"
"82119030","Carcarañá",-32.8573856568626,-61.1518666525431,"82","Santa Fe","82119","San Lorenzo","820273","Carcarañá","82119030","Carcarañá","Localidad simple"
"82119050","Fray Luis Beltrán",-32.7815481103946,-60.7310114690631,"82","Santa Fe","82119","San Lorenzo","820280","Fray Luis Beltrán","82119050","Fray Luis Beltrán","Componente de localidad compuesta"
"82119110","Roldán",-32.898143152173,-60.9096474483425,"82","Santa Fe","82119","San Lorenzo","820294","Roldán","82119110","Roldán","Componente de localidad compuesta"
"82119070","Luis Palacios",-32.7823399784108,-60.9045817702944,"82","Santa Fe","82119","San Lorenzo","824002","Luis Palacios","82119070","Luis Palacios","Localidad simple"
"82126060","Crispi",-31.7398470340394,-62.0375926629187,"82","Santa Fe","82126","San Martín","824079","Crispi","82126060","Crispi","Localidad simple"
"82126160","Sastre",-31.7675752802005,-61.8288762614104,"82","Santa Fe","82126","San Martín","820322","Sastre y Ortiz","82126160","Sastre","Localidad simple"
"82126080","Landeta",-32.0127540707308,-62.0622809895362,"82","Santa Fe","82126","San Martín","824086","Landeta","82126080","Landeta","Localidad simple"
"82126170","Traill",-31.9215223623491,-61.7026271267646,"82","Santa Fe","82126","San Martín","824135","Traill","82126170","Traill","Localidad simple"
"82126130","Piamonte",-32.1439257600789,-61.9804415931331,"82","Santa Fe","82126","San Martín","824121","Piamonte","82126130","Piamonte","Localidad simple"
"82126100","Las Petacas",-31.8211859275252,-62.1104993813252,"82","Santa Fe","82126","San Martín","824100","Las Petacas","82126100","Las Petacas","Localidad simple"
"82126090","Las Bandurrias",-32.1974753473285,-61.4922790177356,"82","Santa Fe","82126","San Martín","824093","Las Bandurrias","82126090","Las Bandurrias","Localidad simple"
"82126150","San Martín de las Escobas",-31.8578635123551,-61.569620353558,"82","Santa Fe","82126","San Martín","824128","San Martín de las Escobas","82126150","San Martín de las Escobas","Localidad simple"
"82126050","Colonia Belgrano",-31.9094510313995,-61.4009185852123,"82","Santa Fe","82126","San Martín","824072","Colonia Belgrano","82126050","Colonia Belgrano","Localidad simple"
"82126110","Los Cardos",-32.3222613442548,-61.6315863412851,"82","Santa Fe","82126","San Martín","824107","Los Cardos","82126110","Los Cardos","Localidad simple"
"82126010","Cañada Rosquín",-32.0543682922573,-61.6018592430379,"82","Santa Fe","82126","San Martín","824044","Cañada Rosquín","82126010","Cañada Rosquín","Localidad simple"
"82126040","Castelar",-31.6685679305441,-62.0901355657806,"82","Santa Fe","82126","San Martín","824065","Castelar","82126040","Castelar","Localidad simple"
"82126030","Casas",-32.1256336531397,-61.5398429094885,"82","Santa Fe","82126","San Martín","824058","Casas","82126030","Casas","Localidad simple"
"82126120","María Susana",-32.2669774076931,-61.9058678442345,"82","Santa Fe","82126","San Martín","824114","María Susana","82126120","María Susana","Localidad simple"
"82126070","El Trébol",-32.1980414318442,-61.7019155962458,"82","Santa Fe","82126","San Martín","820308","El Trébol","82126070","El Trébol","Localidad simple"
"82126180","Wildermuth",-31.944834106458,-61.4013336490333,"82","Santa Fe","82126","San Martín","824072","Colonia Belgrano","82126180","Wildermuth","Localidad simple"
"82126140","San Jorge",-31.896153096459,-61.859653303999,"82","Santa Fe","82126","San Martín","820315","San Jorge","82126140","San Jorge","Localidad simple"
"82126020","Carlos Pellegrini",-32.0504517884543,-61.782730950908,"82","Santa Fe","82126","San Martín","824051","Carlos Pellegrini","82126020","Carlos Pellegrini","Localidad simple"
"82133160","Toba",-29.2681635262819,-60.1715414465427,"82","Santa Fe","82133","Vera","824205","Toba","82133160","Toba","Localidad simple"
"82133040","Fortín Olmos",-29.0569537199912,-60.41289860052,"82","Santa Fe","82133","Vera","824149","Fortín Olmos","82133040","Fortín Olmos","Localidad simple"
"82133070","Intiyaco",-28.6748656834627,-60.070701236947,"82","Santa Fe","82133","Vera","824170","Intiyaco","82133070","Intiyaco","Localidad simple"
"82133140","Pueblo Santa Lucía",-29.2819170762863,-60.402675586656,"82","Santa Fe","82133","Vera","820336","Vera","82133140","Pueblo Santa Lucía","Localidad simple"
"82133130","Pozo de los Indios",-28.9451326200967,-60.2520040689412,"82","Santa Fe","82133","Vera","824156","Garabato","82133130","Pozo de los Indios","Localidad simple"
"82133090","La Gallareta",-29.5862759292266,-60.3782241422222,"82","Santa Fe","82133","Vera","824177","La Gallareta","82133090","La Gallareta","Localidad simple"
"82133150","Tartagal",-28.6710544649968,-59.8480856379029,"82","Santa Fe","82133","Vera","824198","Tartagal","82133150","Tartagal","Localidad simple"
"82133050","Garabato",-28.9544900875832,-60.1350767620573,"82","Santa Fe","82133","Vera","824156","Garabato","82133050","Garabato","Localidad simple"
"82133080","Kilómetro 115",-28.8247601435944,-60.2234051707498,"82","Santa Fe","82133","Vera","824156","Garabato","82133080","Kilómetro 115","Localidad simple"
"82133010","Calchaquí",-29.8880092948258,-60.283116145806,"82","Santa Fe","82133","Vera","820329","Calchaquí","82133010","Calchaquí","Localidad simple"
"82133170","Vera",-29.4592286244509,-60.2147719463375,"82","Santa Fe","82133","Vera","820336","Vera","82133170","Vera","Localidad simple"
"82133030","Colmena",-28.7625002902498,-60.0910907661456,"82","Santa Fe","82133","Vera","824170","Intiyaco","82133030","Colmena","Localidad simple"
"82133110","Margarita",-29.687649602218,-60.2531843946388,"82","Santa Fe","82133","Vera","824191","Margarita","82133110","Margarita","Localidad simple"
"82133020","Cañada Ombú",-28.3091298452064,-59.9835541954231,"82","Santa Fe","82133","Vera","824142","Cañada Ombú","82133020","Cañada Ombú","Localidad simple"
"82133060","Golondrina",-28.5563754722768,-60.024787423055,"82","Santa Fe","82133","Vera","824163","Golondrina","82133060","Golondrina","Localidad simple"
"82133120","Paraje 29",-29.1082245319843,-60.2392862643997,"82","Santa Fe","82133","Vera","824149","Fortín Olmos","82133120","Paraje 29","Localidad simple"
"82133100","Los Amores",-28.1018205910224,-59.9779636045653,"82","Santa Fe","82133","Vera","824184","Los Amores","82133100","Los Amores","Localidad simple"
"86007030","Malbrán",-29.3491784387008,-62.4417695532694,"86","Santiago del Estero","86007","Aguirre","","","86007030","Malbrán","Localidad simple"
"86007010","Argentina",-29.5347106971472,-62.2671396779978,"86","Santiago del Estero","86007","Aguirre","","","86007010","Argentina","Localidad simple"
"86007020","Casares",-28.9481388447586,-62.8001028061063,"86","Santiago del Estero","86007","Aguirre","","","86007020","Casares","Localidad simple"
"86007040","Villa General Mitre",-29.1417538071605,-62.6545484671784,"86","Santiago del Estero","86007","Aguirre","","","86007040","Pinto","Localidad simple"
"86014020","Coronel Manuel L. Rico",-26.3857413100398,-61.8122844844299,"86","Santiago del Estero","86014","Alberdi","","","86014020","Coronel Manuel L. Rico","Localidad simple"
"86014040","Sachayoj",-26.6754072538903,-61.8150443653887,"86","Santiago del Estero","86014","Alberdi","","","86014040","Sachayoj","Localidad simple"
"86014030","Donadeu",-26.7252649468065,-62.7207302293428,"86","Santiago del Estero","86014","Alberdi","","","86014030","Donadeu","Localidad simple"
"86014010","Campo Gallo",-26.5839525416973,-62.8470501510851,"86","Santiago del Estero","86014","Alberdi","","","86014010","Campo Gallo","Localidad simple"
"86014050","Santos Lugares",-26.6905981377104,-63.559210449885,"86","Santiago del Estero","86014","Alberdi","","","86014050","Santos Lugares","Localidad simple"
"86021030","Villa Atamisqui",-28.4964440454268,-63.8173285607086,"86","Santiago del Estero","86021","Atamisqui","","","86021030","Villa Atamisqui","Localidad simple"
"86021010","Estación Atamisqui",-28.4937289050537,-63.9374460740792,"86","Santiago del Estero","86021","Atamisqui","","","86021010","Estación Atamisqui","Localidad simple"
"86021020","Medellín",-28.6523413407303,-63.7855074435545,"86","Santiago del Estero","86021","Atamisqui","","","86021020","Medellí­n","Localidad simple"
"86028040","Lugones",-28.3363516116472,-63.339329710605,"86","Santiago del Estero","86028","Avellaneda","","","86028040","Lugones","Localidad simple"
"86028020","Herrera",-28.4829143821031,-63.0662378189146,"86","Santiago del Estero","86028","Avellaneda","","","86028020","Herrera","Localidad simple"
"86028060","Villa Mailín",-28.4826006843391,-63.2760508183223,"86","Santiago del Estero","86028","Avellaneda","","","86028060","Villa Mailín","Localidad simple"
"86028050","Real Sayana",-28.8146898753285,-62.8430627391276,"86","Santiago del Estero","86028","Avellaneda","","","86028050","Real Sayana","Localidad simple"
"86028010","Colonia Dora",-28.6040232228037,-62.9504181401517,"86","Santiago del Estero","86028","Avellaneda","","","86028010","Colonia Dora","Localidad simple"
"86028030","Icaño",-28.6814772838937,-62.8811801112625,"86","Santiago del Estero","86028","Avellaneda","","","86028030","Icaño","Localidad simple"
"86035120","Los Soria",-27.6223678234584,-64.3705874466933,"86","Santiago del Estero","86035","Banda","","","86035120","Los Soria","Localidad simple"
"86035040","Cañada Escobar",-27.7084972196997,-64.0231547511015,"86","Santiago del Estero","86035","Banda","","","86035040","Cañada Escobar","Localidad simple"
"86035110","Los Quiroga",-27.6526031284249,-64.3549548145901,"86","Santiago del Estero","86035","Banda","","","86035110","Los Quiroga","Localidad simple"
"86035010","Abra Grande",-27.2901647703583,-64.3781755909206,"86","Santiago del Estero","86035","Banda","","","86035010","Abra Grande","Localidad simple"
"86035080","La Aurora",-27.4959402813048,-64.2306649546912,"86","Santiago del Estero","86035","Banda","","","86035080","La Aurora","Localidad simple"
"86035060","Clodomira",-27.5805642853857,-64.1352255769305,"86","Santiago del Estero","86035","Banda","","","86035060","Clodomira","Localidad simple"
"86035030","Ardiles",-27.4120561654814,-64.4993209001353,"86","Santiago del Estero","86035","Banda","","","86035030","Ardiles","Localidad simple"
"86035020","Antajé",-27.6229194663803,-64.2546011500411,"86","Santiago del Estero","86035","Banda","","","86035020","Antajé","Localidad simple"
"86035050","Chaupi Pozo",-27.5069327538884,-64.4198407399146,"86","Santiago del Estero","86035","Banda","","","86035050","Chaupi Pozo","Localidad simple"
"86035100","La Dársena",-27.698419950162,-64.2883429926439,"86","Santiago del Estero","86035","Banda","","","86035100","San Ramón - La Dársena","Localidad simple"
"86035090","La Banda",-27.7306502519905,-64.2433604451795,"86","Santiago del Estero","86035","Banda","","","86035090","La Banda","Componente de localidad compuesta"
"86035130","Simbolar",-27.6538108663232,-64.1931219557902,"86","Santiago del Estero","86035","Banda","","","86035130","Simbolar","Localidad simple"
"86035140","Tramo 16",-27.6966743708812,-64.167153232815,"86","Santiago del Estero","86035","Banda","","","86035140","Tramo 16","Localidad simple"
"86035150","Tramo 20",-27.7211815580682,-64.1184987028207,"86","Santiago del Estero","86035","Banda","","","86035150","Tramo 20","Localidad simple"
"86035070","Huyamampa",-27.385665157598,-64.295232224292,"86","Santiago del Estero","86035","Banda","","","86035070","Huyamampa","Localidad simple"
"86042040","Guardia Escolta",-28.9883385421435,-62.1265995234417,"86","Santiago del Estero","86042","Belgrano","","","86042040","Guardia Escolta","Localidad simple"
"86042020","Cuatro Bocas",-28.8642746592748,-61.8575926545697,"86","Santiago del Estero","86042","Belgrano","","","86042020","Cuatro Bocas","Localidad simple"
"86042010","Bandera",-28.8880917336272,-62.2690252706593,"86","Santiago del Estero","86042","Belgrano","","","86042010","Bandera","Localidad simple"
"86042030","Fortín Inca",-29.1274713887712,-61.9344762646139,"86","Santiago del Estero","86042","Belgrano","","","86042030","Fortí­n Inca","Localidad simple"
"86049130","Yanda",-27.9093179145407,-64.230309872918,"86","Santiago del Estero","86049","Capital","","","86049130","Yanda","Localidad simple"
"86049070","Morales",-27.6761491649298,-64.3653850950791,"86","Santiago del Estero","86049","Capital","","","86049070","Morales","Localidad simple"
"86049080","Puesto de San Antonio",-27.6630844208093,-64.3785938772565,"86","Santiago del Estero","86049","Capital","","","86049080","Puesto de San Antonio","Localidad simple"
"86049100","Santa María",-27.9490887999991,-64.2189999999978,"86","Santiago del Estero","86049","Capital","","","86049100","Santa Marí­a","Localidad simple"
"86049010","El Deán",-27.7146470173219,-64.3312874582585,"86","Santiago del Estero","86049","Capital","","","86049010","El Deán","Localidad simple"
"86049020","El Mojón",-27.9936232941296,-64.2081007218688,"86","Santiago del Estero","86049","Capital","","","86049020","El Mojón","Localidad simple"
"86049060","Maquito",-27.8828596530832,-64.2088186978092,"86","Santiago del Estero","86049","Capital","","","86049060","Maquito","Localidad simple"
"86049040","Los Cardozos",-27.912416629768,-64.1981267807556,"86","Santiago del Estero","86049","Capital","","","86049040","Los Cardozos","Localidad simple"
"86049090","San Pedro",-27.9462150522154,-64.1640054573006,"86","Santiago del Estero","86049","Capital","","","86049090","San Pedro","Localidad simple"
"86049050","Maco",-27.8702632502969,-64.216593203346,"86","Santiago del Estero","86049","Capital","","","86049050","Maco","Localidad simple"
"86049120","Vuelta de la Barranca",-27.8914989472381,-64.1956914760943,"86","Santiago del Estero","86049","Capital","","","86049120","Vuelta de la Barranca","Localidad simple"
"86049030","El Zanjón",-27.870955309887,-64.2431970948569,"86","Santiago del Estero","86049","Capital","","","86049030","Villa Zanjón","Componente de localidad compuesta"
"86049110","Santiago del Estero",-27.787684474002,-64.259668066644,"86","Santiago del Estero","86049","Capital","","","86049110","Santiago del Estero","Componente de localidad compuesta"
"86056030","Los Pirpintos",-26.1316795053874,-62.0643652176977,"86","Santiago del Estero","86056","Copo","","","86056030","Los Pirpintos","Localidad simple"
"86056080","San José del Boquerón",-26.1192103885262,-63.7040382511604,"86","Santiago del Estero","86056","Copo","","","86056080","San José Del Boquerón","Localidad simple"
"86056070","Pampa de los Guanacos",-26.2301822791892,-61.8364741209742,"86","Santiago del Estero","86056","Copo","","","86056070","Pampa de los Guanacos","Localidad simple"
"86056050","Monte Quemado",-25.8035695940209,-62.8301319518378,"86","Santiago del Estero","86056","Copo","","","86056050","Monte Quemado","Localidad simple"
"86056040","Los Tigres",-25.9092116973326,-62.591202458966,"86","Santiago del Estero","86056","Copo","","","86056040","Los Tigres","Localidad simple"
"86056090","Urutaú",-25.7142772918579,-63.0422484687119,"86","Santiago del Estero","86056","Copo","","","86056090","Urutaú","Localidad simple"
"86056010","El Caburé",-26.0158842088345,-62.3341733979138,"86","Santiago del Estero","86056","Copo","","","86056010","El Caburé","Localidad simple"
"86063010","Ancaján",-28.4438934389945,-64.9294023509419,"86","Santiago del Estero","86063","Choya","","","86063010","Ancaján","Localidad simple"
"86063080","Tapso",-28.4037546106213,-65.0962494325382,"86","Santiago del Estero","86063","Choya","","","86063080","Tapso","Componente de localidad compuesta"
"86063050","Laprida",-28.3756319929947,-64.5305517169134,"86","Santiago del Estero","86063","Choya","","","86063050","Laprida","Localidad simple"
"86063040","Frías",-28.6375441857012,-65.1287283523686,"86","Santiago del Estero","86063","Choya","","","86063040","Frí­as","Localidad simple"
"86063090","Villa La Punta",-28.3697259938311,-64.7946719966444,"86","Santiago del Estero","86063","Choya","","","86063090","Villa La Punta","Localidad simple"
"86063020","Choya",-28.4961034265278,-64.856284376695,"86","Santiago del Estero","86063","Choya","","","86063020","Choya","Localidad simple"
"86063030","Estación La Punta",-28.4102994601221,-64.7553659569935,"86","Santiago del Estero","86063","Choya","","","86063030","Estación La Punta","Localidad simple"
"86063070","San Pedro",-28.4680342415624,-64.8669763387871,"86","Santiago del Estero","86063","Choya","","","86063070","San Pedro","Localidad simple"
"86070010","Bandera Bajada",-27.2732906811549,-63.5131819104367,"86","Santiago del Estero","86070","Figueroa","","","86070010","Bandera Bajada","Localidad simple"
"86070070","La Invernada",-27.382678901274,-63.488154774308,"86","Santiago del Estero","86070","Figueroa","","","86070070","La Invernada","Localidad simple"
"86070060","La Cañada",-27.7095088988264,-63.7725542121093,"86","Santiago del Estero","86070","Figueroa","","","86070060","La Cañada","Localidad simple"
"86070040","El Crucero",-27.574184310469,-63.3290357182559,"86","Santiago del Estero","86070","Figueroa","","","86070040","El Cruce","Localidad simple"
"86070030","Colonia San Juan",-27.6179076144941,-63.300576777963,"86","Santiago del Estero","86070","Figueroa","","","86070030","Colonia San Juan","Localidad simple"
"86070100","Villa Figueroa",-27.7212279278424,-63.5065630634756,"86","Santiago del Estero","86070","Figueroa","","","86070100","Villa Figueroa","Localidad simple"
"86070090","Vaca Huañuna",-27.4636942107519,-63.472420567237,"86","Santiago del Estero","86070","Figueroa","","","86070090","Vaca Huañuna","Localidad simple"
"86070080","Minerva",-27.5330350278594,-63.3832540295221,"86","Santiago del Estero","86070","Figueroa","","","86070080","Minerva","Localidad simple"
"86070020","Caspi Corral",-27.3884169545639,-63.5469229483022,"86","Santiago del Estero","86070","Figueroa","","","86070020","Caspi Corral","Localidad simple"
"86077050","Los Juríes",-28.4629264335985,-62.1102401741529,"86","Santiago del Estero","86077","General Taboada","","","86077050","Los Juríes","Localidad simple"
"86077020","Averías",-28.7476147114581,-62.4507013857217,"86","Santiago del Estero","86077","General Taboada","","","86077020","Averías","Localidad simple"
"86077030","Estación Tacañitas",-28.6265382897834,-62.6069180700138,"86","Santiago del Estero","86077","General Taboada","","","86077030","Tacañitas","Localidad simple"
"86077040","La Nena",-28.4522996681141,-61.8383159073048,"86","Santiago del Estero","86077","General Taboada","","","86077040","La Nena","Localidad simple"
"86077060","Tomás Young",-28.6005406928994,-62.1826749134259,"86","Santiago del Estero","86077","General Taboada","","","86077060","Tomás Young","Localidad simple"
"86077010","Añatuya",-28.4602033506379,-62.8335424678454,"86","Santiago del Estero","86077","General Taboada","","","86077010","Añatuya","Localidad simple"
"86084010","Lavalle",-28.1945110968274,-65.1076656495112,"86","Santiago del Estero","86084","Guasayán","","","86084010","Lavalle","Componente de localidad compuesta"
"86084020","San Pedro",-27.955896930423,-65.1684961529465,"86","Santiago del Estero","86084","Guasayán","100217","Santa Rosa","86084020","San Pedro","Componente de localidad compuesta"
"86091050","Isca Yacu",-27.0288907651328,-64.6115269592915,"86","Santiago del Estero","86091","Jiménez","","","86091050","Isca Yacu","Localidad simple"
"86091040","Gramilla",-27.2966305499754,-64.6102809492155,"86","Santiago del Estero","86091","Jiménez","","","86091040","Gramilla","Componente de localidad compuesta"
"86091020","El Charco",-27.2257680209397,-64.7003027141659,"86","Santiago del Estero","86091","Jiménez","","","86091020","El Charco","Componente de localidad compuesta"
"86091010","El Bobadal",-26.7240419064587,-64.3963648827359,"86","Santiago del Estero","86091","Jiménez","","","86091010","El Bobadal","Localidad simple"
"86091005","El Arenal",-26.7706923237205,-64.6028744748111,"86","Santiago del Estero","86091","Jiménez","","","86091005","El Arenal","Localidad simple"
"86091070","Pozo Hondo",-27.1670653565919,-64.4907628147839,"86","Santiago del Estero","86091","Jiménez","","","86091070","Pozo Hondo","Localidad simple"
"86091030","El Rincón",-26.7236441164626,-64.4455918317201,"86","Santiago del Estero","86091","Jiménez","","","86091030","El Rincón","Localidad simple"
"86091060","Isca Yacu Semaul",-27.0469117165937,-64.6183947967884,"86","Santiago del Estero","86091","Jiménez","","","86091060","Isca Yacu Semaul","Localidad simple"
"86091080","San Pedro",-26.7436197382704,-64.391226926578,"86","Santiago del Estero","86091","Jiménez","","","86091080","San Pedro","Localidad simple"
"86098040","Suncho Corral",-27.9328457136607,-63.4301522032626,"86","Santiago del Estero","86098","Juan Felipe Ibarra","","","86098040","Suncho Corral","Localidad simple"
"86098050","Vilelas",-27.9612197852104,-62.6089381971909,"86","Santiago del Estero","86098","Juan Felipe Ibarra","","","86098050","Vilelas","Localidad simple"
"86098060","Yuchán",-27.7808539046501,-62.9752638344764,"86","Santiago del Estero","86098","Juan Felipe Ibarra","","","86098060","Yuchán","Localidad simple"
"86098020","El Cuadrado",-28.2283768708794,-61.8020755659887,"86","Santiago del Estero","86098","Juan Felipe Ibarra","","","86098020","El Cuadrado","Localidad simple"
"86098010","El Colorado",-27.9145343508582,-62.177357286496,"86","Santiago del Estero","86098","Juan Felipe Ibarra","","","86098010","El Colorado","Localidad simple"
"86098030","Matará",-28.110413912625,-63.1950712509572,"86","Santiago del Estero","86098","Juan Felipe Ibarra","","","86098030","Villa Matará","Localidad simple"
"86105010","Villa San Martín (Est. Loreto)",-28.3009863401582,-64.1841392858052,"86","Santiago del Estero","86105","Loreto","","","86105010","Villa San Martí­n (Est. Loreto)","Localidad simple"
"86112010","Villa Unión",-29.4136229676908,-62.7904039278884,"86","Santiago del Estero","86112","Mitre","","","86112010","Villa Unión","Localidad simple"
"86119110","Roversi",-27.592326630772,-61.9437296789356,"86","Santiago del Estero","86119","Moreno","","","86119110","Roversi","Localidad simple"
"86119040","Hernán Mejía Miraval",-27.1771837611278,-62.4696501851274,"86","Santiago del Estero","86119","Moreno","","","86119040","Hernán Mejía Miraval","Localidad simple"
"86119090","Pueblo Pablo Torelo",-27.3278150053657,-62.2251929182752,"86","Santiago del Estero","86119","Moreno","","","86119090","Otumpa","Localidad simple"
"86119070","Lilo Viejo",-26.9387807202499,-62.9572695563442,"86","Santiago del Estero","86119","Moreno","","","86119070","Lilo Viejo","Localidad simple"
"86119020","Alhuampa",-27.1275461643185,-62.5475991444354,"86","Santiago del Estero","86119","Moreno","","","86119020","Alhuampa","Localidad simple"
"86119080","Patay",-26.8400036660809,-62.9305196363882,"86","Santiago del Estero","86119","Moreno","","","86119080","Patay","Localidad simple"
"86119050","Las Tinajas",-27.4657166524371,-62.9179656623378,"86","Santiago del Estero","86119","Moreno","","","86119050","Las Tinajas","Localidad simple"
"86119030","Hasse",-27.0668334738991,-62.6472456721472,"86","Santiago del Estero","86119","Moreno","","","86119030","Hasse","Localidad simple"
"86119130","Weisburd",-27.3189012100363,-62.5850420164749,"86","Santiago del Estero","86119","Moreno","","","86119130","Weisburd","Localidad simple"
"86119010","Aerolito",-27.2341968806573,-62.3787656753851,"86","Santiago del Estero","86119","Moreno","","","86119010","Aerolito","Localidad simple"
"86119100","Quimili",-27.6446862479497,-62.4173701973287,"86","Santiago del Estero","86119","Moreno","","","86119100","Quimili","Localidad simple"
"86161050","Vilmer",-27.7854252378707,-64.1514887620748,"86","Santiago del Estero","86161","Robles","","","86161050","Vilmer","Localidad simple"
"86119060","Libertad",-27.0848928824256,-63.0708840749546,"86","Santiago del Estero","86119","Moreno","","","86119060","Libertad","Localidad simple"
"86119120","Tintina",-27.0262898756183,-62.7064053543567,"86","Santiago del Estero","86119","Moreno","","","86119120","Tintina","Localidad simple"
"86126030","Villa Ojo de Agua",-29.5028073843862,-63.6949683700925,"86","Santiago del Estero","86126","Ojo de Agua","","","86126030","Villa Ojo de Agua","Localidad simple"
"86126010","El 49",-29.0505806589671,-63.9579352371143,"86","Santiago del Estero","86126","Ojo de Agua","","","86126010","El 49","Localidad simple"
"86126020","Sol de Julio",-29.5653281967786,-63.4570787837756,"86","Santiago del Estero","86126","Ojo de Agua","","","86126020","Sol de Julio","Localidad simple"
"90014090","Las Cejas",-26.8884091159514,-64.7411258905347,"90","Tucumán","90014","Cruz Alta","908112","Las Cejas","90014090","Las Cejas","Localidad simple"
"86133050","Rapelli",-26.3933184952052,-64.5050512759518,"86","Santiago del Estero","86133","Pellegrini","","","86133050","Rapelli","Localidad simple"
"86133030","Nueva Esperanza",-26.2001853582876,-64.2400175508114,"86","Santiago del Estero","86133","Pellegrini","","","86133030","Nueva Esperanza","Localidad simple"
"86133040","Pozo Betbeder",-26.4098092599874,-64.3370611029544,"86","Santiago del Estero","86133","Pellegrini","","","86133040","Pozo Betbeder","Localidad simple"
"86133020","Las Delicias",-26.6769144866499,-64.0058966752275,"86","Santiago del Estero","86133","Pellegrini","","","86133020","Las Delicias","Localidad simple"
"86133060","Santo Domingo",-26.2163641126823,-63.7774962793826,"86","Santiago del Estero","86133","Pellegrini","","","86133060","Santo Domingo","Localidad simple"
"86133010","El Mojón",-26.0927392904855,-64.3091543984463,"86","Santiago del Estero","86133","Pellegrini","","","86133010","El Mojón","Localidad simple"
"86140010","Ramírez de Velazco",-29.2309523254859,-63.4742542795496,"86","Santiago del Estero","86140","Quebrachos","","","86140010","Ramí­rez de Velazco","Localidad simple"
"86161010","Beltrán",-27.8268338006003,-64.0587601014225,"86","Santiago del Estero","86161","Robles","","","86161010","Beltrán","Localidad simple"
"86140030","Sumampa Viejo",-29.385103821086,-63.4342936114385,"86","Santiago del Estero","86140","Quebrachos","","","86140030","Sumampa Viejo","Localidad simple"
"86140020","Sumampa",-29.3825568019414,-63.4748371614104,"86","Santiago del Estero","86140","Quebrachos","","","86140020","Sumampa","Localidad simple"
"86147020","Chauchillas",-27.5193593877444,-64.5594338275309,"86","Santiago del Estero","86147","Río Hondo","","","86147020","Chauchillas","Localidad simple"
"86147120","El Sauzal",-27.4883950430594,-64.5820256729195,"86","Santiago del Estero","86147","Río Hondo","","","86147120","El Sauzal","Localidad simple"
"86147040","El Charco",-27.234888152151,-64.6978220260635,"86","Santiago del Estero","86147","Río Hondo","","","86147040","El Charco","Componente de localidad compuesta"
"86147100","Pozuelos",-27.3056394982777,-64.7549367106732,"86","Santiago del Estero","86147","Río Hondo","","","86147100","Pozuelos","Localidad simple"
"86147090","Mansupa",-27.4584023184144,-64.9077717529445,"86","Santiago del Estero","86147","Río Hondo","","","86147090","Mansupa","Localidad simple"
"86147110","Rodeo de Valdez",-27.5501934072337,-64.512494905801,"86","Santiago del Estero","86147","Río Hondo","","","86147110","Rodeo de Valdez","Localidad simple"
"86147170","Vinará",-27.3788994514735,-64.7946018412599,"86","Santiago del Estero","86147","Río Hondo","","","86147170","Vinara","Localidad simple"
"86147080","Los Núñez",-27.5342208180851,-64.5288345722073,"86","Santiago del Estero","86147","Río Hondo","","","86147080","Los Nuñez","Localidad simple"
"86147030","Colonia Tinco",-27.4148013252756,-64.9407712301092,"86","Santiago del Estero","86147","Río Hondo","","","86147030","Colonia Tinco","Localidad simple"
"86147060","La Nueva Donosa",-27.4421790702051,-64.9461088227126,"86","Santiago del Estero","86147","Río Hondo","","","86147060","La Nueva Donosa","Localidad simple"
"86147070","Los Miranda",-27.4683654826246,-64.6151910126121,"86","Santiago del Estero","86147","Río Hondo","","","86147070","Los Miranda","Localidad simple"
"86147050","Gramilla",-27.2985817054901,-64.6132127298339,"86","Santiago del Estero","86147","Río Hondo","","","86147050","Gramilla","Componente de localidad compuesta"
"86147150","Villa Río Hondo",-27.5956212466069,-64.8734366980965,"86","Santiago del Estero","86147","Río Hondo","","","86147150","Villa Rí­o Hondo","Localidad simple"
"86147140","Villa Giménez",-27.5709933920394,-64.477409299237,"86","Santiago del Estero","86147","Río Hondo","","","86147140","Villa Giménez","Localidad simple"
"86147130","Termas de Río Hondo",-27.4986349900512,-64.8607132920034,"86","Santiago del Estero","86147","Río Hondo","","","86147130","Termas de Rí­o Hondo","Localidad simple"
"86154030","Selva",-29.7682479528835,-62.0475324441514,"86","Santiago del Estero","86154","Rivadavia","","","86154030","Selva","Localidad simple"
"86154010","Colonia Alpina",-30.0600971965697,-62.1033916786959,"86","Santiago del Estero","86154","Rivadavia","","","86154010","Colonia Alpina","Localidad simple"
"86154020","Palo Negro",-29.6750721838322,-62.1356230496784,"86","Santiago del Estero","86154","Rivadavia","","","86154020","Palo Negro","Localidad simple"
"86161030","Fernández",-27.9253152933844,-63.8945883785409,"86","Santiago del Estero","86161","Robles","","","86161030","Fernández","Localidad simple"
"86161020","Colonia El Simbolar",-27.7275668035483,-63.8587596656037,"86","Santiago del Estero","86161","Robles","","","86161020","Colonia El Simbolar","Localidad simple"
"86161040","Ingeniero Forres",-27.8745663641349,-63.9773732942677,"86","Santiago del Estero","86161","Robles","","","86161040","Forres (Est. Chaguar Punco)","Localidad simple"
"86168020","Los Telares",-28.9850752344204,-63.4503997067801,"86","Santiago del Estero","86168","Salavina","","","86168020","Los Telares","Localidad simple"
"86168030","Villa Salavina",-28.8043169228177,-63.4296505743647,"86","Santiago del Estero","86168","Salavina","","","86168030","Villa Salavina","Localidad simple"
"86168010","Chilca Juliana",-28.7972018368304,-63.5753442508143,"86","Santiago del Estero","86168","Salavina","","","86168010","Chilca Juliana","Localidad simple"
"86175010","Brea Pozo",-28.2438527439867,-63.9533373386705,"86","Santiago del Estero","86175","San Martín","","","86175010","Brea Pozo","Localidad simple"
"86175020","Estación Robles",-28.0490800415143,-63.9912324968561,"86","Santiago del Estero","86175","San Martín","","","86175020","Estación Robles","Localidad simple"
"86175040","Villa Nueva",-28.3024445606439,-64.0202258300515,"86","Santiago del Estero","86175","San Martín","","","86175040","Villa Nueva","Localidad simple"
"86175030","Estación Taboada",-28.0084517235785,-63.7444099575737,"86","Santiago del Estero","86175","San Martín","","","86175030","Taboada","Localidad simple"
"86182010","Garza",-28.1529411135625,-63.5388733473862,"86","Santiago del Estero","86182","Sarmiento","","","86182010","Garza","Localidad simple"
"86189050","Villa Silípica",-28.1084637432615,-64.149598741784,"86","Santiago del Estero","86189","Silípica","","","86189050","Villa Silí­pica","Localidad simple"
"86189040","Sumamao",-28.1693983525651,-64.0988944329918,"86","Santiago del Estero","86189","Silípica","","","86189040","Sumamao","Localidad simple"
"86189010","Árraga",-28.0512916906588,-64.2237913816297,"86","Santiago del Estero","86189","Silípica","","","86189010","Árraga","Localidad simple"
"86189030","Simbol",-28.1010690397827,-64.2135705216372,"86","Santiago del Estero","86189","Silípica","","","86189030","Simbol","Localidad simple"
"86189020","Nueva Francia",-28.1737647701175,-64.1999830235659,"86","Santiago del Estero","86189","Silípica","","","86189020","Nueva Francia","Localidad simple"
"90007050","La Ramada",-26.6865581454241,-64.9481443548845,"90","Tucumán","90007","Burruyacú","908056","La Ramada y La Cruz","90007050","La Ramada","Localidad simple"
"90007100","Villa Burruyacú",-26.5004734484514,-64.7436722531663,"90","Tucumán","90007","Burruyacú","900007","Burruyacú","90007100","Villa Burruyacú","Localidad simple"
"90007060","Macomitas",-26.7304610862501,-65.0107233516743,"90","Tucumán","90007","Burruyacú","908014","El Chañar","90007060","Macomitas","Localidad simple"
"90007030","El Naranjo",-26.6617418425936,-65.0488046208754,"90","Tucumán","90007","Burruyacú","908021","El Naranjo y El Sunchal","90007030","El Naranjo","Localidad simple"
"90007070","Piedrabuena",-26.7383473342522,-64.648161100962,"90","Tucumán","90007","Burruyacú","908049","Gobernador Piedrabuena","90007070","Gobernador Piedrabuena","Localidad simple"
"90007020","El Chañar",-26.7573584986974,-65.0679645328724,"90","Tucumán","90007","Burruyacú","908014","El Chañar","90007020","El Chañar","Localidad simple"
"90007110","Villa Padre Monti",-26.5105349312037,-64.994619007927,"90","Tucumán","90007","Burruyacú","908070","Villa Padre Monti","90007110","Villa Padre Monti","Localidad simple"
"90007010","Barrio San Jorge",-26.6768508292566,-65.0456957222533,"90","Tucumán","90007","Burruyacú","908021","El Naranjo y El Sunchal","90007010","Barrio San Jorge","Localidad simple"
"90007040","Garmendia",-26.5685396128214,-64.5575273272658,"90","Tucumán","90007","Burruyacú","908042","Garmendia","90007040","Garmendia","Localidad simple"
"90007090","Villa Benjamín Aráoz",-26.5560599880469,-64.797717571888,"90","Tucumán","90007","Burruyacú","908063","Benjamín Aráoz y El Tajamar","90007090","Villa Benjamín Aráoz","Localidad simple"
"90014040","Colombres",-26.8854242441172,-65.0998333980837,"90","Tucumán","90014","Cruz Alta","908077","Colombres","90014040","Colombres","Componente de localidad compuesta"
"90014020","Banda del Río Salí",-26.8399699455374,-65.1618595108537,"90","Tucumán","90014","Cruz Alta","900028","Banda del Río Salí","90014020","Banda del Río Salí","Componente de localidad compuesta"
"90014080","La Florida",-26.8207127286819,-65.0953864881106,"90","Tucumán","90014","Cruz Alta","908105","La Florida y Luisiana","90014080","La Florida","Componente de localidad compuesta"
"90014100","Los Ralos",-26.8894198589558,-64.9970113292216,"90","Tucumán","90014","Cruz Alta","908140","Los Ralos","90014100","Los Ralos","Localidad simple"
"90014070","El Bracho",-26.9921689197257,-65.1819043715294,"90","Tucumán","90014","Cruz Alta","908091","El Bracho y El Cevilar","90014070","El Bracho","Localidad simple"
"90014130","San Andrés",-26.8881787226155,-65.1935520331529,"90","Tucumán","90014","Cruz Alta","908154","San Andrés","90014130","San Andrés","Localidad simple"
"90014120","Ranchillos",-26.9572149248592,-65.044492671698,"90","Tucumán","90014","Cruz Alta","908147","Ranchillos y San Miguel","90014120","Ranchillos","Localidad simple"
"90014010","Alderetes",-26.8202258716201,-65.14332121187,"90","Tucumán","90014","Cruz Alta","900021","Alderetes","90014010","Alderetes","Componente de localidad compuesta"
"90014050","Colonia Mayo - Barrio La Milagrosa",-26.8337535527742,-64.988184668443,"90","Tucumán","90014","Cruz Alta","908133","Los Pérez","90014050","Colonia Mayo - Barrio La Milagrosa","Localidad simple"
"90014060","Delfín Gallo",-26.84424366962,-65.0931924556865,"90","Tucumán","90014","Cruz Alta","908084","Delfín Gallo","90014060","Delfín Gallo","Componente de localidad compuesta"
"90014110","Pacará",-26.8992424266215,-65.1496256802507,"90","Tucumán","90014","Cruz Alta","900028","Banda del Río Salí","90014110","Pacará","Localidad simple"
"90021060","Iltico",-27.3357762348,-65.6544317317101,"90","Tucumán","90021","Chicligasta","900035","Concepción","90021060","Iltico","Localidad simple"
"90021030","Arcadia",-27.305917552868,-65.5768492892713,"90","Tucumán","90021","Chicligasta","908175","Arcadia","90021030","Arcadia","Localidad simple"
"90021010","Alpachiri",-27.3357898299167,-65.7573453723611,"90","Tucumán","90021","Chicligasta","908161","Alpachiri y El Molino","90021010","Alpachiri","Localidad simple"
"90021070","La Trinidad",-27.4142855671272,-65.5167750952965,"90","Tucumán","90021","Chicligasta","908189","La Trinidad","90021070","La Trinidad","Componente de localidad compuesta"
"90021020","Alto Verde",-27.3776265089749,-65.6081216579867,"90","Tucumán","90021","Chicligasta","908168","Alto Verde y Los Guchea","90021020","Alto Verde","Localidad simple"
"90021050","Concepción",-27.3459204394834,-65.5927483028015,"90","Tucumán","90021","Chicligasta","900035","Concepción","90021050","Concepción","Componente de localidad compuesta"
"90021080","Medina",-27.4218982652989,-65.5328770686608,"90","Tucumán","90021","Chicligasta","908196","Medina","90021080","Medina","Componente de localidad compuesta"
"90028030","Famaillá",-27.0545157767945,-65.4018907516219,"90","Tucumán","90028","Famaillá","900042","Famaillá","90028030","Famaillá","Localidad simple"
"90028020","Campo de Herrera",-27.0263974129574,-65.345625814105,"90","Tucumán","90028","Famaillá","900042","Famaillá","90028020","Campo de Herrera","Localidad simple"
"90028040","Ingenio Fronterita",-27.0309271299206,-65.4603924128984,"90","Tucumán","90028","Famaillá","900042","Famaillá","90028040","Ingenio Fronterita","Localidad simple"
"90035030","Taco Ralo",-27.8350683836867,-65.1946017699559,"90","Tucumán","90035","Graneros","908210","Taco Ralo","90035030","Taco Ralo","Localidad simple"
"90035010","Graneros",-27.6494921665183,-65.4394284896125,"90","Tucumán","90035","Graneros","900049","Graneros","90035010","Graneros","Localidad simple"
"90035020","Lamadrid",-27.6450650550248,-65.2468503244712,"90","Tucumán","90035","Graneros","908203","Lamadrid","90035020","Lamadrid","Localidad simple"
"90042020","Villa Belgrano",-27.5309297947479,-65.6158042491924,"90","Tucumán","90042","Juan Bautista Alberdi","908224","Villa Belgrano","90042020","Villa Belgrano","Localidad simple"
"90042010","Juan Bautista Alberdi",-27.5858729205735,-65.6172967193819,"90","Tucumán","90042","Juan Bautista Alberdi","900056","Juan Bautista Alberdi","90042010","Juan Bautista Alberdi","Localidad simple"
"90049010","La Cocha",-27.7700103267584,-65.5884413470692,"90","Tucumán","90049","La Cocha","900063","La Cocha","90049010","La Cocha","Localidad simple"
"90049020","San José de La Cocha",-27.7312204812804,-65.5836838149417,"90","Tucumán","90049","La Cocha","908259","San José de la Cocha","90049020","San José de La Cocha","Localidad simple"
"90056060","Río Colorado",-27.1486057205097,-65.3569503045699,"90","Tucumán","90056","Leales","908336","Río Colorado","90056060","Río Colorado","Localidad simple"
"90056030","Los Puestos",-27.2818366538138,-65.0194383331167,"90","Tucumán","90056","Leales","908315","Los Puestos","90056030","Los Puestos","Localidad simple"
"90056070","Santa Rosa de Leales",-27.1377140146604,-65.2608688276066,"90","Tucumán","90056","Leales","908343","Santa Rosa de Leales y Laguna Blanca","90056070","Santa Rosa de Leales","Localidad simple"
"90056010","Bella Vista",-27.0327919289339,-65.3070898626718,"90","Tucumán","90056","Leales","900070","Bella Vista","90056010","Bella Vista","Localidad simple"
"90056020","Estación Aráoz",-27.0551485638297,-64.9212945001276,"90","Tucumán","90056","Leales","908294","Estación Aráoz y Tacanas","90056020","Estación Aráoz","Localidad simple"
"90056090","Villa de Leales",-27.1938307365674,-65.3102425138808,"90","Tucumán","90056","Leales","908350","Villa de Leales","90056090","Villa de Leales","Localidad simple"
"90056080","Villa Fiad - Ingenio Leales",-27.0677472403134,-65.2354487523003,"90","Tucumán","90056","Leales","908329","Quilmes y Los Sueldos","90056080","Villa Fiad - Ingenio Leales","Localidad simple"
"90056040","Manuel García Fernández",-26.9557033913379,-65.272073063004,"90","Tucumán","90056","Leales","908322","Manuel García Fernández","90056040","Manuel García Fernández","Localidad simple"
"90063050","Lules",-26.9221842679548,-65.3377158244698,"90","Tucumán","90063","Lules","900077","San Isidro de Lules","90063050","Lules","Localidad simple"
"90063030","Ingenio San Pablo",-26.8699922127003,-65.310892532054,"90","Tucumán","90063","Lules","908371","San Pablo y Villa Nougués","90063030","Ingenio San Pablo","Localidad simple"
"90063010","Barrio San Felipe",-26.8721049974943,-65.2324535308105,"90","Tucumán","90063","Lules","900014","San Miguel de Tucumán","90063010","Barrio San Felipe","Componente de localidad compuesta"
"90063040","La Reducción",-26.9576027416907,-65.3505506517653,"90","Tucumán","90063","Lules","900077","San Isidro de Lules","90063040","La Reducción","Localidad simple"
"90063020","El Manantial",-26.8480529421479,-65.2818607429994,"90","Tucumán","90063","Lules","908357","El Manantial","90063020","El Manantial","Componente de localidad compuesta"
"90070090","Teniente Berdina",-27.0503375501781,-65.4877027185185,"90","Tucumán","90070","Monteros","908448","Teniente Berdina","90070090","Teniente Berdina","Localidad simple"
"90070040","Pueblo Independencia",-27.2195211043044,-65.5273292701279,"90","Tucumán","90070","Monteros","908406","León Rouges y Santa Rosa","90070040","Pueblo Independencia","Localidad simple"
"90070020","Capitán Cáceres",-27.1900699263193,-65.6047323872902,"90","Tucumán","90070","Monteros","908392","Capitán Cáceres","90070020","Capitán Cáceres","Localidad simple"
"90070080","Soldado Maldonado",-27.1441040762941,-65.5654357816848,"90","Tucumán","90070","Monteros","908441","Soldado Maldonado","90070080","Soldado Maldonado","Localidad simple"
"90070070","Sargento Moya",-27.2281543844156,-65.66001671135,"90","Tucumán","90070","Monteros","908434","Sargento Moya","90070070","Sargento Moya","Localidad simple"
"90070050","Río Seco",-27.268401179539,-65.5573539551945,"90","Tucumán","90070","Monteros","908420","Río Seco","90070050","Río Seco","Componente de localidad compuesta"
"90070100","Villa Quinteros",-27.2528891446981,-65.5492035203704,"90","Tucumán","90070","Monteros","908455","Villa Quinteros","90070100","Villa Quinteros","Componente de localidad compuesta"
"90070010","Acheral",-27.12072050474,-65.4705647177524,"90","Tucumán","90070","Monteros","908378","Acheral","90070010","Acheral","Localidad simple"
"90070060","Santa Lucía",-27.0927743714751,-65.5325183966732,"90","Tucumán","90070","Monteros","908427","Santa Lucía","90070060","Santa Lucía","Localidad simple"
"90070030","Monteros",-27.1652871396868,-65.4972182882035,"90","Tucumán","90070","Monteros","900084","Monteros","90070030","Monteros","Localidad simple"
"90077020","Los Sarmientos",-27.4147898543313,-65.693197073251,"90","Tucumán","90077","Río Chico","908469","Los Sarmiento y La Tipa","90077020","Los Sarmientos","Localidad simple"
"90077030","Río Chico",-27.4800451239794,-65.6251354337341,"90","Tucumán","90077","Río Chico","908483","Santa Ana","90077030","Río Chico","Localidad simple"
"90077050","Villa Clodomiro Hileret",-27.4740005527532,-65.6591463841397,"90","Tucumán","90077","Río Chico","908483","Santa Ana","90077050","Villa Clodomiro Hileret","Localidad simple"
"90077040","Santa Ana",-27.4736246342883,-65.6853852862859,"90","Tucumán","90077","Río Chico","908483","Santa Ana","90077040","Santa Ana","Localidad simple"
"90077010","Aguilares",-27.431628005106,-65.6145379952067,"90","Tucumán","90077","Río Chico","900091","Aguilares","90077010","Aguilares","Localidad simple"
"90084010","San Miguel de Tucumán",-26.8303887617109,-65.2037797033494,"90","Tucumán","90084","Capital","900014","San Miguel de Tucumán","90084010","San Miguel de Tucumán","Componente de localidad compuesta"
"90091060","Villa Chicligasta",-27.4340815369012,-65.1642407603942,"90","Tucumán","90091","Simoca","908553","Villa Chicligasta","90091060","Villa Chicligasta","Localidad simple"
"90091020","Monteagudo",-27.510776781948,-65.2773295398962,"90","Tucumán","90091","Simoca","908518","Monteagudo","90091020","Monteagudo","Localidad simple"
"90091010","Atahona",-27.4168673549348,-65.2866811539166,"90","Tucumán","90091","Simoca","908490","Atahona","90091010","Atahona","Localidad simple"
"90091040","Santa Cruz",-27.3894471673393,-65.4580738397899,"90","Tucumán","90091","Simoca","908546","Santa Cruz y La Tuna","90091040","Santa Cruz","Localidad simple"
"90091030","Nueva Trinidad",-27.4845113363813,-65.4912509331708,"90","Tucumán","90091","Simoca","908532","Río Chico y Nueva Trinidad","90091030","Nueva Trinidad","Localidad simple"
"90091050","Simoca",-27.262904015139,-65.3579173017904,"90","Tucumán","90091","Simoca","900098","Simoca","90091050","Simoca","Localidad simple"
"90098020","Colalao del Valle",-26.3631073150374,-65.9570675397677,"90","Tucumán","90098","Tafí del Valle","908574","Colalao del Valle","90098020","Colalao del Valle","Localidad simple"
"90098040","Tafí del Valle",-26.8519448937972,-65.71069016081,"90","Tucumán","90098","Tafí del Valle","900105","Tafí del Valle","90098040","Tafí del Valle","Localidad simple"
"90098010","Amaicha del Valle",-26.5936605204655,-65.9200851656867,"90","Tucumán","90098","Tafí del Valle","908567","Amaicha del Valle","90098010","Amaicha del Valle","Localidad simple"
"90098030","El Mollar",-26.9397961578393,-65.709194970895,"90","Tucumán","90098","Tafí del Valle","908581","El Mollar","90098030","El Mollar","Localidad simple"
"90105030","Barrio Mutual San Martín",-26.7180147893199,-65.2253782558904,"90","Tucumán","90105","Tafí Viejo","908616","Los Nogales","90105030","Los Nogales","Localidad simple"
"90105100","Villa Mariano Moreno - El Colmenar",-26.7758280168067,-65.2090924405236,"90","Tucumán","90105","Tafí Viejo","900112","Las Talitas","90105100","Las Talitas","Componente de localidad compuesta"
"90105070","El Cadillal",-26.6318661540805,-65.2071062147451,"90","Tucumán","90105","Tafí Viejo","908602","El Cadillal","90105070","El Cadillal","Localidad simple"
"90105080","Tafí Viejo",-26.7299828223064,-65.2628439357236,"90","Tucumán","90105","Tafí Viejo","900119","Tafí Viejo","90105080","Tafí Viejo","Localidad simple"
"90112030","Villa de Trancas",-26.2309081628456,-65.2834466386947,"90","Tucumán","90112","Trancas","900126","Trancas","90112030","Villa de Trancas","Localidad simple"
"90112020","San Pedro de Colalao",-26.2349608479324,-65.4947657680462,"90","Tucumán","90112","Trancas","908630","San Pedro de Colalao","90112020","San Pedro de Colalao","Localidad simple"
"90112010","Choromoro",-26.4112743003269,-65.3199569940608,"90","Tucumán","90112","Trancas","908623","Choromoro","90112010","Choromoro","Localidad simple"
"90119020","Villa Carmela",-26.7679727530668,-65.2724090630554,"90","Tucumán","90119","Yerba Buena","908644","Cevil Redondo","90119020","Cevil Redondo","Localidad simple"
"90119030","Yerba Buena - Marcos Paz",-26.8160416854849,-65.2925383061096,"90","Tucumán","90119","Yerba Buena","900133","Yerba Buena","90119030","Yerba Buena - Marcos Paz","Componente de localidad compuesta"
"94021010","Puerto Argentino",-51.6936791269923,-57.8608555040022,"94","Tierra del Fuego, Antártida e Islas del Atlántico Sur","94021","Islas del Atlántico Sur","","","94021010","Bahía Fox (Is. Malvinas)","Localidad simple"
"0208401002","Saavedra",-34.5548978526608,-58.4863271154338,"02","Ciudad Autónoma de Buenos Aires","02084","Comuna 12","022084","Comuna 12","02000010","Ciudad Autónoma de Buenos Aires","Entidad"
"0200701001","Constitución",-34.6268216975629,-58.3871881244988,"02","Ciudad Autónoma de Buenos Aires","02007","Comuna 1","022007","Comuna 1","02000010","Ciudad Autónoma de Buenos Aires","Entidad"
"0208401004","Villa Urquiza",-34.5720618151627,-58.4892574610136,"02","Ciudad Autónoma de Buenos Aires","02084","Comuna 12","022084","Comuna 12","02000010","Ciudad Autónoma de Buenos Aires","Entidad"
"0200701002","Monserrat",-34.6132231680788,-58.38305798244,"02","Ciudad Autónoma de Buenos Aires","02007","Comuna 1","022007","Comuna 1","02000010","Ciudad Autónoma de Buenos Aires","Entidad"
"0200701004","Retiro",-34.5946029190836,-58.3756602784231,"02","Ciudad Autónoma de Buenos Aires","02007","Comuna 1","022007","Comuna 1","02000010","Ciudad Autónoma de Buenos Aires","Entidad"
"0201401001","Recoleta",-34.588043854884,-58.3971817497302,"02","Ciudad Autónoma de Buenos Aires","02014","Comuna 2","022014","Comuna 2","02000010","Ciudad Autónoma de Buenos Aires","Entidad"
"0203501002","Boedo",-34.6255790088211,-58.4160861231269,"02","Ciudad Autónoma de Buenos Aires","02035","Comuna 5","022035","Comuna 5","02000010","Ciudad Autónoma de Buenos Aires","Entidad"
"0207701001","Villa del Parque",-34.6056583507014,-58.4925855263183,"02","Ciudad Autónoma de Buenos Aires","02077","Comuna 11","022077","Comuna 11","02000010","Ciudad Autónoma de Buenos Aires","Entidad"
"0207701002","Villa Devoto",-34.5993315619562,-58.512222701013,"02","Ciudad Autónoma de Buenos Aires","02077","Comuna 11","022077","Comuna 11","02000010","Ciudad Autónoma de Buenos Aires","Entidad"
"0204201001","Caballito",-34.6162746708976,-58.4405512892781,"02","Ciudad Autónoma de Buenos Aires","02042","Comuna 6","022042","Comuna 6","02000010","Ciudad Autónoma de Buenos Aires","Entidad"
"0207701003","Villa General Mitre",-34.6104793064723,-58.4676090860073,"02","Ciudad Autónoma de Buenos Aires","02077","Comuna 11","022077","Comuna 11","02000010","Ciudad Autónoma de Buenos Aires","Entidad"
"0207701004","Villa Santa Rita",-34.6154081865065,-58.4836631739706,"02","Ciudad Autónoma de Buenos Aires","02077","Comuna 11","022077","Comuna 11","02000010","Ciudad Autónoma de Buenos Aires","Entidad"
"0202101001","Balvanera",-34.6087869818085,-58.4017842965106,"02","Ciudad Autónoma de Buenos Aires","02021","Comuna 3","022021","Comuna 3","02000010","Ciudad Autónoma de Buenos Aires","Entidad"
"0204901001","Flores",-34.628534187205,-58.4636862466936,"02","Ciudad Autónoma de Buenos Aires","02049","Comuna 7","022049","Comuna 7","02000010","Ciudad Autónoma de Buenos Aires","Entidad"
"0208401001","Coghlan",-34.5589246305648,-58.4743752196504,"02","Ciudad Autónoma de Buenos Aires","02084","Comuna 12","022084","Comuna 12","02000010","Ciudad Autónoma de Buenos Aires","Entidad"
"0204901002","Parque Chacabuco",-34.6352766974281,-58.4390281148192,"02","Ciudad Autónoma de Buenos Aires","02049","Comuna 7","022049","Comuna 7","02000010","Ciudad Autónoma de Buenos Aires","Entidad"
"0208401003","Villa Pueyrredón",-34.5845247265906,-58.5018361691821,"02","Ciudad Autónoma de Buenos Aires","02084","Comuna 12","022084","Comuna 12","02000010","Ciudad Autónoma de Buenos Aires","Entidad"
"0200701005","San Nicolás",-34.6037699996038,-58.3815970890394,"02","Ciudad Autónoma de Buenos Aires","02007","Comuna 1","022007","Comuna 1","02000010","Ciudad Autónoma de Buenos Aires","Entidad"
"0202101002","San Cristóbal",-34.6237838538611,-58.4021224824851,"02","Ciudad Autónoma de Buenos Aires","02021","Comuna 3","022021","Comuna 3","02000010","Ciudad Autónoma de Buenos Aires","Entidad"
"0205601001","Villa Lugano",-34.6757351167715,-58.4751123265209,"02","Ciudad Autónoma de Buenos Aires","02056","Comuna 8","022056","Comuna 8","02000010","Ciudad Autónoma de Buenos Aires","Entidad"
"0209101001","Belgrano",-34.562072555153,-58.4565546074252,"02","Ciudad Autónoma de Buenos Aires","02091","Comuna 13","022091","Comuna 13","02000010","Ciudad Autónoma de Buenos Aires","Entidad"
"0209101002","Colegiales",-34.5758228647208,-58.4486190117511,"02","Ciudad Autónoma de Buenos Aires","02091","Comuna 13","022091","Comuna 13","02000010","Ciudad Autónoma de Buenos Aires","Entidad"
"0205601002","Villa Riachuelo",-34.6935522313625,-58.4689385001104,"02","Ciudad Autónoma de Buenos Aires","02056","Comuna 8","022056","Comuna 8","02000010","Ciudad Autónoma de Buenos Aires","Entidad"
"0209101003","Nuñez",-34.5488070972405,-58.4632284537955,"02","Ciudad Autónoma de Buenos Aires","02091","Comuna 13","022091","Comuna 13","02000010","Ciudad Autónoma de Buenos Aires","Entidad"
"0209801001","Palermo",-34.5812372422911,-58.421015206853,"02","Ciudad Autónoma de Buenos Aires","02098","Comuna 14","022098","Comuna 14","02000010","Ciudad Autónoma de Buenos Aires","Entidad"
"0202801001","Barracas",-34.6375239276335,-58.3743917244648,"02","Ciudad Autónoma de Buenos Aires","02028","Comuna 4","022028","Comuna 4","02000010","Ciudad Autónoma de Buenos Aires","Entidad"
"0205601003","Villa Soldati",-34.6638875390919,-58.4445372043618,"02","Ciudad Autónoma de Buenos Aires","02056","Comuna 8","022056","Comuna 8","02000010","Ciudad Autónoma de Buenos Aires","Entidad"
"0210501001","Agronomía",-34.5923093373278,-58.489681528085,"02","Ciudad Autónoma de Buenos Aires","02105","Comuna 15","022105","Comuna 15","02000010","Ciudad Autónoma de Buenos Aires","Entidad"
"0210501002","Chacarita",-34.5852649973532,-58.4539549332692,"02","Ciudad Autónoma de Buenos Aires","02105","Comuna 15","022105","Comuna 15","02000010","Ciudad Autónoma de Buenos Aires","Entidad"
"0206301001","Liniers",-34.6387095680666,-58.521239458825,"02","Ciudad Autónoma de Buenos Aires","02063","Comuna 9","022063","Comuna 9","02000010","Ciudad Autónoma de Buenos Aires","Entidad"
"0210501003","Parque Chas",-34.582545656321,-58.4792290624138,"02","Ciudad Autónoma de Buenos Aires","02105","Comuna 15","022105","Comuna 15","02000010","Ciudad Autónoma de Buenos Aires","Entidad"
"0210501004","Paternal",-34.598871440003,-58.4664534521021,"02","Ciudad Autónoma de Buenos Aires","02105","Comuna 15","022105","Comuna 15","02000010","Ciudad Autónoma de Buenos Aires","Entidad"
"0200701003","Puerto Madero",-34.6078186498038,-58.362303066235,"02","Ciudad Autónoma de Buenos Aires","02007","Comuna 1","022007","Comuna 1","02000010","Ciudad Autónoma de Buenos Aires","Entidad"
"0200701006","San Telmo",-34.6205416708326,-58.3717119138558,"02","Ciudad Autónoma de Buenos Aires","02007","Comuna 1","022007","Comuna 1","02000010","Ciudad Autónoma de Buenos Aires","Entidad"
"0202801002","Boca",-34.6321267225235,-58.3607704533768,"02","Ciudad Autónoma de Buenos Aires","02028","Comuna 4","022028","Comuna 4","02000010","Ciudad Autónoma de Buenos Aires","Entidad"
"0206301002","Mataderos",-34.6601136982634,-58.502933557561,"02","Ciudad Autónoma de Buenos Aires","02063","Comuna 9","022063","Comuna 9","02000010","Ciudad Autónoma de Buenos Aires","Entidad"
"0210501005","Villa Crespo",-34.5998761950699,-58.4388145566975,"02","Ciudad Autónoma de Buenos Aires","02105","Comuna 15","022105","Comuna 15","02000010","Ciudad Autónoma de Buenos Aires","Entidad"
"0210501006","Villa Ortúzar",-34.5786712999461,-58.4694820378861,"02","Ciudad Autónoma de Buenos Aires","02105","Comuna 15","022105","Comuna 15","02000010","Ciudad Autónoma de Buenos Aires","Entidad"
"0206301003","Parque Avellaneda",-34.6474471131029,-58.4840287287104,"02","Ciudad Autónoma de Buenos Aires","02063","Comuna 9","022063","Comuna 9","02000010","Ciudad Autónoma de Buenos Aires","Entidad"
"0202801003","Nueva Pompeya",-34.6520569336241,-58.4159984938343,"02","Ciudad Autónoma de Buenos Aires","02028","Comuna 4","022028","Comuna 4","02000010","Ciudad Autónoma de Buenos Aires","Entidad"
"0207001001","Floresta",-34.6300443485746,-58.482519362214,"02","Ciudad Autónoma de Buenos Aires","02070","Comuna 10","022070","Comuna 10","02000010","Ciudad Autónoma de Buenos Aires","Entidad"
"0207001002","Monte Castro",-34.6198611230288,-58.5059762733279,"02","Ciudad Autónoma de Buenos Aires","02070","Comuna 10","022070","Comuna 10","02000010","Ciudad Autónoma de Buenos Aires","Entidad"
"0202801004","Parque Patricios",-34.6372816301755,-58.4053957329985,"02","Ciudad Autónoma de Buenos Aires","02028","Comuna 4","022028","Comuna 4","02000010","Ciudad Autónoma de Buenos Aires","Entidad"
"0207001003","Vélez Sarsfield",-34.6314718013146,-58.4923733394048,"02","Ciudad Autónoma de Buenos Aires","02070","Comuna 10","022070","Comuna 10","02000010","Ciudad Autónoma de Buenos Aires","Entidad"
"0207001004","Versalles",-34.6300269461075,-58.5239310745923,"02","Ciudad Autónoma de Buenos Aires","02070","Comuna 10","022070","Comuna 10","02000010","Ciudad Autónoma de Buenos Aires","Entidad"
"0203501001","Almagro",-34.6057833979591,-58.4191011070521,"02","Ciudad Autónoma de Buenos Aires","02035","Comuna 5","022035","Comuna 5","02000010","Ciudad Autónoma de Buenos Aires","Entidad"
"0207001005","Villa Luro",-34.6389291911315,-58.5007771614355,"02","Ciudad Autónoma de Buenos Aires","02070","Comuna 10","022070","Comuna 10","02000010","Ciudad Autónoma de Buenos Aires","Entidad"
"0207001006","Villa Real",-34.620620502129,-58.5268681823183,"02","Ciudad Autónoma de Buenos Aires","02070","Comuna 10","022070","Comuna 10","02000010","Ciudad Autónoma de Buenos Aires","Entidad"
"02014010","Ciudad de Buenos Aires",-34.608416378045,-58.3721346807736,"02","Ciudad Autónoma de Buenos Aires","02014","Comuna 2","022007","Comuna 1","02000010","Ciudad Autónoma de Buenos Aires","Componente de localidad compuesta"
"94008010","Río Grande",-53.7863260891398,-67.6963281355519,"94","Tierra del Fuego, Antártida e Islas del Atlántico Sur","94008","Río Grande","940007","Río Grande","94008010","Río Grande","Localidad simple"
"94015020","Ushuaia",-54.8074039816905,-68.3037571781958,"94","Tierra del Fuego, Antártida e Islas del Atlántico Sur","94015","Ushuaia","940014","Ushuaia","94015020","Ushuaia","Localidad simple"
"94015010","Laguna Escondida",-54.6407832656577,-67.7629045285789,"94","Tierra del Fuego, Antártida e Islas del Atlántico Sur","94015","Ushuaia","","","94015010","Laguna Escondida","Localidad simple"
